arm-none-eabi-as -mcpu=arm7tdmi --defsym L_IntrWait=1 -o IntrWait.o libagbsyscall.s
arm-none-eabi-as -mcpu=arm7tdmi --defsym L_IntrWait=1 -o IntrWait.o libagbsyscall.s
arm-none-eabi-as -mcpu=arm7tdmi --defsym L_RegisterRamReset=1 -o RegisterRamReset.o libagbsyscall.s
arm-none-eabi-as -mcpu=arm7tdmi --defsym L_RegisterRamReset=1 -o RegisterRamReset.o libagbsyscall.s
arm-none-eabi-as -mcpu=arm7tdmi --defsym L_Sqrt=1 -o Sqrt.o libagbsyscall.s
C:/msys64/ucrt64/bin/../lib/gcc/arm-none-eabi/13.4.0/cc1.exe -quiet <flags> -o build/emerald/src/agb_flash.o src/agb_flash.c
C:/msys64/ucrt64/bin/../lib/gcc/arm-none-eabi/13.4.0/cc1.exe -quiet <flags> -o build/emerald/src/agb_flash.o src/agb_flash.c
C:/msys64/ucrt64/bin/../lib/gcc/arm-none-eabi/13.4.0/cc1.exe -quiet <flags> -o build/emerald/src/agb_flash_1m.o src/agb_flash_1m.c
arm-none-eabi-as -mcpu=arm7tdmi --defsym L_Sqrt=1 -o Sqrt.o libagbsyscall.s
arm-none-eabi-as -mcpu=arm7tdmi --defsym L_MusicPlayerOpen=1 -o MusicPlayerOpen.o libagbsyscall.s
arm-none-eabi-as -mcpu=arm7tdmi --defsym L_SoundBiasReset=1 -o SoundBiasReset.o libagbsyscall.s
arm-none-eabi-as -mcpu=arm7tdmi --defsym L_MusicPlayerOpen=1 -o MusicPlayerOpen.o libagbsyscall.s
C:/msys64/ucrt64/bin/../lib/gcc/arm-none-eabi/13.4.0/cc1.exe -quiet <flags> -o build/emerald/src/agb_flash_1m.o src/agb_flash_1m.c
arm-none-eabi-as -mcpu=arm7tdmi --defsym L_SoundDriverVSyncOn=1 -o SoundDriverVSyncOn.o libagbsyscall.s
arm-none-eabi-as -mcpu=arm7tdmi --defsym L_SoundBiasReset=1 -o SoundBiasReset.o libagbsyscall.s
arm-none-eabi-as -mcpu=arm7tdmi --defsym L_Mod=1 -o Mod.o libagbsyscall.s
C:/msys64/ucrt64/bin/../lib/gcc/arm-none-eabi/13.4.0/cc1.exe -quiet <flags> -o build/emerald/src/agb_flash_le.o src/agb_flash_le.c
C:/msys64/ucrt64/bin/../lib/gcc/arm-none-eabi/13.4.0/cc1.exe -quiet <flags> -o build/emerald/src/agb_flash_le.o src/agb_flash_le.c
arm-none-eabi-as -mcpu=arm7tdmi --defsym L_SoundDriverVSyncOn=1 -o SoundDriverVSyncOn.o libagbsyscall.s
arm-none-eabi-as -mcpu=arm7tdmi --defsym L_VBlankIntrWait=1 -o VBlankIntrWait.o libagbsyscall.s
arm-none-eabi-as -mcpu=arm7tdmi --defsym L_Mod=1 -o Mod.o libagbsyscall.s
arm-none-eabi-as -mcpu=arm7tdmi --defsym L_MusicPlayerStart=1 -o MusicPlayerStart.o libagbsyscall.s
C:/msys64/ucrt64/bin/../lib/gcc/arm-none-eabi/13.4.0/cc1.exe -quiet <flags> -o build/emerald/src/agb_flash_mx.o src/agb_flash_mx.c
arm-none-eabi-as -mcpu=arm7tdmi --defsym L_SoundDriverVSyncOff=1 -o SoundDriverVSyncOff.o libagbsyscall.s
arm-none-eabi-as -mcpu=arm7tdmi --defsym L_MusicPlayerStart=1 -o MusicPlayerStart.o libagbsyscall.s
arm-none-eabi-as -mcpu=arm7tdmi --defsym L_HuffUnComp=1 -o HuffUnComp.o libagbsyscall.s
C:/msys64/ucrt64/bin/../lib/gcc/arm-none-eabi/13.4.0/cc1.exe -quiet <flags> -o build/emerald/src/agb_flash_mx.o src/agb_flash_mx.c
C:/msys64/ucrt64/bin/../lib/gcc/arm-none-eabi/13.4.0/cc1.exe -quiet <flags> -o build/emerald/src/AgbRfu_LinkManager.o src/AgbRfu_LinkManager.c
arm-none-eabi-as -mcpu=arm7tdmi --defsym L_SoundDriverVSyncOff=1 -o SoundDriverVSyncOff.o libagbsyscall.s
arm-none-eabi-as -mcpu=arm7tdmi --defsym L_SoftResetExram=1 -o SoftResetExram.o libagbsyscall.s
arm-none-eabi-as -mcpu=arm7tdmi --defsym L_MusicPlayerFadeOut=1 -o MusicPlayerFadeOut.o libagbsyscall.s
arm-none-eabi-as -mcpu=arm7tdmi --defsym L_SoftResetExram=1 -o SoftResetExram.o libagbsyscall.s
C:/msys64/ucrt64/bin/../lib/gcc/arm-none-eabi/13.4.0/cc1.exe -quiet <flags> -o build/emerald/src/AgbRfu_LinkManager.o src/AgbRfu_LinkManager.c
arm-none-eabi-as -mcpu=arm7tdmi --defsym L_MusicPlayerFadeOut=1 -o MusicPlayerFadeOut.o libagbsyscall.s
C:/msys64/ucrt64/bin/../lib/gcc/arm-none-eabi/13.4.0/cc1.exe -quiet <flags> -o build/emerald/src/apprentice.o src/apprentice.c
arm-none-eabi-as -mcpu=arm7tdmi --defsym L_LZ77UnCompWram=1 -o LZ77UnCompWram.o libagbsyscall.s
C:/msys64/ucrt64/bin/../lib/gcc/arm-none-eabi/13.4.0/cc1.exe -quiet <flags> -o build/emerald/src/apprentice.o src/apprentice.c
arm-none-eabi-as -mcpu=arm7tdmi --defsym L_LZ77UnCompWram=1 -o LZ77UnCompWram.o libagbsyscall.s
arm-none-eabi-as -mcpu=arm7tdmi --defsym L_SoundDriverMain=1 -o SoundDriverMain.o libagbsyscall.s
C:/msys64/ucrt64/bin/../lib/gcc/arm-none-eabi/13.4.0/cc1.exe -quiet <flags> -o build/emerald/src/apricorn_tree.o src/apricorn_tree.c
arm-none-eabi-as -mcpu=arm7tdmi --defsym L_SoundBiasChange=1 -o SoundBiasChange.o libagbsyscall.s
arm-none-eabi-as -mcpu=arm7tdmi --defsym L_LZ77UnCompVram=1 -o LZ77UnCompVram.o libagbsyscall.s
arm-none-eabi-as -mcpu=arm7tdmi --defsym L_SoundDriverMain=1 -o SoundDriverMain.o libagbsyscall.s
C:/msys64/ucrt64/bin/../lib/gcc/arm-none-eabi/13.4.0/cc1.exe -quiet <flags> -o build/emerald/src/apricorn_tree.o src/apricorn_tree.c
arm-none-eabi-as -mcpu=arm7tdmi --defsym L_ArcTan2=1 -o ArcTan2.o libagbsyscall.s
arm-none-eabi-as -mcpu=arm7tdmi --defsym L_ArcTan2=1 -o ArcTan2.o libagbsyscall.s
      1 [main] cat (21092) child_copy: cygheap read copy failed, 0x800000000..0x800013F60, done 0, windows pid 21092, Win32 error 299
   2403 [main] cat 1507 C:\msys64\usr\bin\cat.exe: *** fatal error - couldn't create signal pipe, Win32 error 5
      0 [main] make 1884 C:\msys64\usr\bin\make.exe: *** fatal error in forked process - WFSO timed out after longjmp
ym L_ModArm=1 -o ModArm.o libagbsyscall.s
arm-none-eabi-as -mcpu=arm7tdmi --defsym L_SoundDriverVSync=1 -o SoundDriverVSync.o libagbsyscall.s
arm-none-eabi-as -mcpu=arm7tdmi --defsym L_SoundDriverInit=1 -o SoundDriverInit.o libagbsyscall.s
arm-none-eabi-as -mcpu=arm7tdmi --defsym L_BgAffineSet=1 -o BgAffineSet.o libagbsyscall.s
arm-none-eabi-as -mcpu=arm7tdmi --defsym L_Diff8bitUnFilterWram=1 -o Diff8bitUnFilterWram.o libagbsyscall.s
arm-none-eabi-as -mcpu=arm7tdmi --defsym L_MultiBoot=1 -o MultiBoot.o libagbsyscall.s
arm-none-eabi-as -mcpu=arm7tdmi --defsym L_MidiKey2Freq=1 -o MidiKey2Freq.o libagbsyscall.s
arm-none-eabi-as -mcpu=arm7tdmi --defsym L_Div=1 -o Div.o libagbsyscall.s
arm-none-eabi-as -mcpu=arm7tdmi --defsym L_Diff8bitUnFilterVram=1 -o Diff8bitUnFilterVram.o libagbsyscall.s
arm-none-eabi-as -mcpu=arm7tdmi --defsym L_ArcTan=1 -o ArcTan.o libagbsyscall.s
arm-none-eabi-as -mcpu=arm7tdmi --defsym L_ObjAffineSet=1 -o ObjAffineSet.o libagbsyscall.s
arm-none-eabi-as -mcpu=arm7tdmi --defsym L_SoftResetRom=1 -o SoftResetRom.o libagbsyscall.s
arm-none-eabi-as -mcpu=arm7tdmi --defsym L_SoundDriverMode=1 -o SoundDriverMode.o libagbsyscall.s
arm-none-eabi-as -mcpu=arm7tdmi --defsym L_RLUnCompWram=1 -o RLUnCompWram.o libagbsyscall.s
arm-none-eabi-as -mcpu=arm7tdmi --defsym L_BitUnPack=1 -o BitUnPack.o libagbsyscall.s
arm-none-eabi-as -mcpu=arm7tdmi --defsym L_SoundChannelClear=1 -o SoundChannelClear.o libagbsyscall.s
arm-none-eabi-as -mcpu=arm7tdmi --defsym L_CpuFastSet=1 -o CpuFastSet.o libagbsyscall.s
arm-none-eabi-as -mcpu=arm7tdmi --defsym L_CpuSet=1 -o CpuSet.o libagbsyscall.s
arm-none-eabi-as -mcpu=arm7tdmi --defsym L_Diff16bitUnFilter=1 -o Diff16bitUnFilter.o libagbsyscall.s
arm-none-eabi-as -mcpu=arm7tdmi --defsym L_SoundBiasSet=1 -o SoundBiasSet.o libagbsyscall.s
tools/gbagfx/gbagfx.exe graphics/crash_screen/assertf.pal build/assets/graphics/crash_screen/assertf.pal.gbapal 
arm-none-eabi-as -mcpu=arm7tdmi --defsym L_MusicPlayerContinue=1 -o MusicPlayerContinue.o libagbsyscall.s
arm-none-eabi-as -mcpu=arm7tdmi --defsym L_SoftReset=1 -o SoftReset.o libagbsyscall.s
arm-none-eabi-as -mcpu=arm7tdmi --defsym L_RLUnCompVram=1 -o RLUnCompVram.o libagbsyscall.s
tools/gbagfx/gbagfx.exe graphics/crash_screen/fatalf.pal build/assets/graphics/crash_screen/fatalf.pal.gbapal 
arm-none-eabi-ar rc libagbsyscall.a IntrWait.o RegisterRamReset.o Sqrt.o MusicPlayerOpen.o SoundBiasReset.o SoundDriverVSyncOn.o Mod.o VBlankIntrWait.o MusicPlayerStart.o SoundDriverVSyncOff.o HuffUnComp.o SoftResetExram.o MusicPlayerFadeOut.o LZ77UnCompWram.o SoundDriverMain.o SoundBiasChange.o LZ77UnCompVram.o ArcTan2.o MusicPlayerStop.o DivArm.o ModArm.o SoundDriverVSync.o SoundDriverInit.o BgAffineSet.o Diff8bitUnFilterWram.o MultiBoot.o MidiKey2Freq.o Div.o Diff8bitUnFilterVram.o ArcTan.o ObjAffineSet.o SoftResetRom.o SoundDriverMode.o RLUnCompWram.o BitUnPack.o SoundChannelClear.o CpuFastSet.o CpuSet.o Diff16bitUnFilter.o SoundBiasSet.o MusicPlayerContinue.o SoftReset.o RLUnCompVram.o
tools/gbagfx/gbagfx.exe graphics/crash_screen/font.png build/assets/graphics/crash_screen/font.png.1bpp 
C:/msys64/ucrt64/bin/../lib/gcc/arm-none-eabi/13.4.0/cc1.exe -quiet <flags> -o build/emerald/src/bard_music.o src/bard_music.c
C:/msys64/ucrt64/bin/../lib/gcc/arm-none-eabi/13.4.0/cc1.exe -quiet <flags> -o build/emerald/src/battle_ai_field_statuses.o src/battle_ai_field_statuses.c
C:/msys64/ucrt64/bin/../lib/gcc/arm-none-eabi/13.4.0/cc1.exe -quiet <flags> -o build/emerald/src/battle_ai_items.o src/battle_ai_items.c
C:/msys64/ucrt64/bin/../lib/gcc/arm-none-eabi/13.4.0/cc1.exe -quiet <flags> -o build/emerald/src/battle_ai_main.o src/battle_ai_main.c
C:/msys64/ucrt64/bin/../lib/gcc/arm-none-eabi/13.4.0/cc1.exe -quiet <flags> -o build/emerald/src/battle_ai_record.o src/battle_ai_record.c
C:/msys64/ucrt64/bin/../lib/gcc/arm-none-eabi/13.4.0/cc1.exe -quiet <flags> -o build/emerald/src/battle_ai_switch.o src/battle_ai_switch.c
C:/msys64/ucrt64/bin/../lib/gcc/arm-none-eabi/13.4.0/cc1.exe -quiet <flags> -o build/emerald/src/battle_ai_util.o src/battle_ai_util.c
C:/msys64/ucrt64/bin/../lib/gcc/arm-none-eabi/13.4.0/cc1.exe -quiet <flags> -o build/emerald/src/battle_anim.o src/battle_anim.c
C:/msys64/ucrt64/bin/../lib/gcc/arm-none-eabi/13.4.0/cc1.exe -quiet <flags> -o build/emerald/src/battle_anim_bug.o src/battle_anim_bug.c
C:/msys64/ucrt64/bin/../lib/gcc/arm-none-eabi/13.4.0/cc1.exe -quiet <flags> -o build/emerald/src/battle_anim_dark.o src/battle_anim_dark.c
C:/msys64/ucrt64/bin/../lib/gcc/arm-none-eabi/13.4.0/cc1.exe -quiet <flags> -o build/emerald/src/battle_anim_dragon.o src/battle_anim_dragon.c
C:/msys64/ucrt64/bin/../lib/gcc/arm-none-eabi/13.4.0/cc1.exe -quiet <flags> -o build/emerald/src/battle_anim_effects_1.o src/battle_anim_effects_1.c
C:/msys64/ucrt64/bin/../lib/gcc/arm-none-eabi/13.4.0/cc1.exe -quiet <flags> -o build/emerald/src/battle_anim_effects_2.o src/battle_anim_effects_2.c
C:/msys64/ucrt64/bin/../lib/gcc/arm-none-eabi/13.4.0/cc1.exe -quiet <flags> -o build/emerald/src/battle_anim_effects_3.o src/battle_anim_effects_3.c
C:/msys64/ucrt64/bin/../lib/gcc/arm-none-eabi/13.4.0/cc1.exe -quiet <flags> -o build/emerald/src/battle_anim_electric.o src/battle_anim_electric.c
C:/msys64/ucrt64/bin/../lib/gcc/arm-none-eabi/13.4.0/cc1.exe -quiet <flags> -o build/emerald/src/battle_anim_fight.o src/battle_anim_fight.c
C:/msys64/ucrt64/bin/../lib/gcc/arm-none-eabi/13.4.0/cc1.exe -quiet <flags> -o build/emerald/src/battle_anim_fire.o src/battle_anim_fire.c
C:/msys64/ucrt64/bin/../lib/gcc/arm-none-eabi/13.4.0/cc1.exe -quiet <flags> -o build/emerald/src/battle_anim_flying.o src/battle_anim_flying.c
C:/msys64/ucrt64/bin/../lib/gcc/arm-none-eabi/13.4.0/cc1.exe -quiet <flags> -o build/emerald/src/battle_anim_ghost.o src/battle_anim_ghost.c
C:/msys64/ucrt64/bin/../lib/gcc/arm-none-eabi/13.4.0/cc1.exe -quiet <flags> -o build/emerald/src/battle_anim_ground.o src/battle_anim_ground.c
C:/msys64/ucrt64/bin/../lib/gcc/arm-none-eabi/13.4.0/cc1.exe -quiet <flags> -o build/emerald/src/battle_anim_ice.o src/battle_anim_ice.c
C:/msys64/ucrt64/bin/../lib/gcc/arm-none-eabi/13.4.0/cc1.exe -quiet <flags> -o build/emerald/src/battle_anim_mon_movement.o src/battle_anim_mon_movement.c
C:/msys64/ucrt64/bin/../lib/gcc/arm-none-eabi/13.4.0/cc1.exe -quiet <flags> -o build/emerald/src/battle_anim_mons.o src/battle_anim_mons.c
C:/msys64/ucrt64/bin/../lib/gcc/arm-none-eabi/13.4.0/cc1.exe -quiet <flags> -o build/emerald/src/battle_anim_new.o src/battle_anim_new.c
C:/msys64/ucrt64/bin/../lib/gcc/arm-none-eabi/13.4.0/cc1.exe -quiet <flags> -o build/emerald/src/battle_anim_normal.o src/battle_anim_normal.c
C:/msys64/ucrt64/bin/../lib/gcc/arm-none-eabi/13.4.0/cc1.exe -quiet <flags> -o build/emerald/src/battle_anim_poison.o src/battle_anim_poison.c
C:/msys64/ucrt64/bin/../lib/gcc/arm-none-eabi/13.4.0/cc1.exe -quiet <flags> -o build/emerald/src/battle_anim_psychic.o src/battle_anim_psychic.c
C:/msys64/ucrt64/bin/../lib/gcc/arm-none-eabi/13.4.0/cc1.exe -quiet <flags> -o build/emerald/src/battle_anim_rock.o src/battle_anim_rock.c
C:/msys64/ucrt64/bin/../lib/gcc/arm-none-eabi/13.4.0/cc1.exe -quiet <flags> -o build/emerald/src/battle_anim_smokescreen.o src/battle_anim_smokescreen.c
C:/msys64/ucrt64/bin/../lib/gcc/arm-none-eabi/13.4.0/cc1.exe -quiet <flags> -o build/emerald/src/battle_anim_sound_tasks.o src/battle_anim_sound_tasks.c
C:/msys64/ucrt64/bin/../lib/gcc/arm-none-eabi/13.4.0/cc1.exe -quiet <flags> -o build/emerald/src/battle_anim_status_effects.o src/battle_anim_status_effects.c
C:/msys64/ucrt64/bin/../lib/gcc/arm-none-eabi/13.4.0/cc1.exe -quiet <flags> -o build/emerald/src/battle_anim_throw.o src/battle_anim_throw.c
C:/msys64/ucrt64/bin/../lib/gcc/arm-none-eabi/13.4.0/cc1.exe -quiet <flags> -o build/emerald/src/battle_anim_utility_funcs.o src/battle_anim_utility_funcs.c
C:/msys64/ucrt64/bin/../lib/gcc/arm-none-eabi/13.4.0/cc1.exe -quiet <flags> -o build/emerald/src/battle_anim_water.o src/battle_anim_water.c
C:/msys64/ucrt64/bin/../lib/gcc/arm-none-eabi/13.4.0/cc1.exe -quiet <flags> -o build/emerald/src/battle_arena.o src/battle_arena.c
C:/msys64/ucrt64/bin/../lib/gcc/arm-none-eabi/13.4.0/cc1.exe -quiet <flags> -o build/emerald/src/battle_bg.o src/battle_bg.c
C:/msys64/ucrt64/bin/../lib/gcc/arm-none-eabi/13.4.0/cc1.exe -quiet <flags> -o build/emerald/src/battle_controller_link_opponent.o src/battle_controller_link_opponent.c
C:/msys64/ucrt64/bin/../lib/gcc/arm-none-eabi/13.4.0/cc1.exe -quiet <flags> -o build/emerald/src/battle_controller_link_partner.o src/battle_controller_link_partner.c
C:/msys64/ucrt64/bin/../lib/gcc/arm-none-eabi/13.4.0/cc1.exe -quiet <flags> -o build/emerald/src/battle_controller_oak_old_man.o src/battle_controller_oak_old_man.c
C:/msys64/ucrt64/bin/../lib/gcc/arm-none-eabi/13.4.0/cc1.exe -quiet <flags> -o build/emerald/src/battle_controller_opponent.o src/battle_controller_opponent.c
C:/msys64/ucrt64/bin/../lib/gcc/arm-none-eabi/13.4.0/cc1.exe -quiet <flags> -o build/emerald/src/battle_controller_player.o src/battle_controller_player.c
C:/msys64/ucrt64/bin/../lib/gcc/arm-none-eabi/13.4.0/cc1.exe -quiet <flags> -o build/emerald/src/battle_controller_player_partner.o src/battle_controller_player_partner.c
C:/msys64/ucrt64/bin/../lib/gcc/arm-none-eabi/13.4.0/cc1.exe -quiet <flags> -o build/emerald/src/battle_controller_recorded_opponent.o src/battle_controller_recorded_opponent.c
C:/msys64/ucrt64/bin/../lib/gcc/arm-none-eabi/13.4.0/cc1.exe -quiet <flags> -o build/emerald/src/battle_controller_recorded_partner.o src/battle_controller_recorded_partner.c
C:/msys64/ucrt64/bin/../lib/gcc/arm-none-eabi/13.4.0/cc1.exe -quiet <flags> -o build/emerald/src/battle_controller_recorded_player.o src/battle_controller_recorded_player.c
C:/msys64/ucrt64/bin/../lib/gcc/arm-none-eabi/13.4.0/cc1.exe -quiet <flags> -o build/emerald/src/battle_controller_safari.o src/battle_controller_safari.c
C:/msys64/ucrt64/bin/../lib/gcc/arm-none-eabi/13.4.0/cc1.exe -quiet <flags> -o build/emerald/src/battle_controller_wally.o src/battle_controller_wally.c
C:/msys64/ucrt64/bin/../lib/gcc/arm-none-eabi/13.4.0/cc1.exe -quiet <flags> -o build/emerald/src/battle_controllers.o src/battle_controllers.c
C:/msys64/ucrt64/bin/../lib/gcc/arm-none-eabi/13.4.0/cc1.exe -quiet <flags> -o build/emerald/src/battle_debug.o src/battle_debug.c
C:/msys64/ucrt64/bin/../lib/gcc/arm-none-eabi/13.4.0/cc1.exe -quiet <flags> -o build/emerald/src/battle_dome.o src/battle_dome.c
C:/msys64/ucrt64/bin/../lib/gcc/arm-none-eabi/13.4.0/cc1.exe -quiet <flags> -o build/emerald/src/battle_dynamax.o src/battle_dynamax.c
C:/msys64/ucrt64/bin/../lib/gcc/arm-none-eabi/13.4.0/cc1.exe -quiet <flags> -o build/emerald/src/battle_end_turn.o src/battle_end_turn.c
C:/msys64/ucrt64/bin/../lib/gcc/arm-none-eabi/13.4.0/cc1.exe -quiet <flags> -o build/emerald/src/battle_factory.o src/battle_factory.c
tools/gbagfx/gbagfx.exe graphics/battle_frontier/factory_screen/action_box_left.png build/assets/graphics/battle_frontier/factory_screen/action_box_left.png.4bpp 
tools/gbagfx/gbagfx.exe graphics/battle_frontier/factory_screen/action_box_right.png build/assets/graphics/battle_frontier/factory_screen/action_box_right.png.4bpp 
tools/gbagfx/gbagfx.exe graphics/battle_frontier/factory_screen/action_highlight_left.png build/assets/graphics/battle_frontier/factory_screen/action_highlight_left.png.4bpp 
tools/gbagfx/gbagfx.exe graphics/battle_frontier/factory_screen/action_highlight_middle.png build/assets/graphics/battle_frontier/factory_screen/action_highlight_middle.png.4bpp 
tools/gbagfx/gbagfx.exe graphics/battle_frontier/factory_screen/action_highlight_right.png build/assets/graphics/battle_frontier/factory_screen/action_highlight_right.png.4bpp 
tools/gbagfx/gbagfx.exe graphics/battle_frontier/factory_screen/arrow.png build/assets/graphics/battle_frontier/factory_screen/arrow.png.4bpp 
tools/gbagfx/gbagfx.exe graphics/battle_frontier/factory_screen/interface.pal build/assets/graphics/battle_frontier/factory_screen/interface.pal.gbapal 
tools/gbagfx/gbagfx.exe graphics/battle_frontier/factory_screen/menu_highlight_left.png build/assets/graphics/battle_frontier/factory_screen/menu_highlight_left.png.4bpp 
tools/gbagfx/gbagfx.exe graphics/battle_frontier/factory_screen/menu_highlight_right.png build/assets/graphics/battle_frontier/factory_screen/menu_highlight_right.png.4bpp 
tools/gbagfx/gbagfx.exe graphics/battle_frontier/factory_screen/mon_pic_bg.png build/assets/graphics/battle_frontier/factory_screen/mon_pic_bg.png.4bpp 
tools/gbagfx/gbagfx.exe graphics/battle_frontier/factory_screen/mon_pic_bg.png build/assets/graphics/battle_frontier/factory_screen/mon_pic_bg.png.gbapal 
tools/gbagfx/gbagfx.exe graphics/battle_frontier/factory_screen/mon_pic_bg_anim.png build/assets/graphics/battle_frontier/factory_screen/mon_pic_bg_anim.png.4bpp 
tools/gbagfx/gbagfx.exe graphics/battle_frontier/factory_screen/pokeball.png build/assets/graphics/battle_frontier/factory_screen/pokeball.png.4bpp 
tools/gbagfx/gbagfx.exe graphics/battle_frontier/factory_screen/pokeball_gray.pal build/assets/graphics/battle_frontier/factory_screen/pokeball_gray.pal.gbapal 
tools/gbagfx/gbagfx.exe graphics/battle_frontier/factory_screen/pokeball_selected.pal build/assets/graphics/battle_frontier/factory_screen/pokeball_selected.pal.gbapal 
tools/gbagfx/gbagfx.exe graphics/battle_frontier/factory_screen/text.pal build/assets/graphics/battle_frontier/factory_screen/text.pal.gbapal 
C:/msys64/ucrt64/bin/../lib/gcc/arm-none-eabi/13.4.0/cc1.exe -quiet <flags> -o build/emerald/src/battle_frontier.o src/battle_frontier.c
C:/msys64/ucrt64/bin/../lib/gcc/arm-none-eabi/13.4.0/cc1.exe -quiet <flags> -o build/emerald/src/battle_gfx_sfx_util.o src/battle_gfx_sfx_util.c
tools/gbagfx/gbagfx.exe graphics/battle_interface/alpha_indicator.png build/assets/graphics/battle_interface/alpha_indicator.png.4bpp 
tools/gbagfx/gbagfx.exe graphics/battle_interface/bug_indicator.png build/assets/graphics/battle_interface/bug_indicator.png.4bpp 
tools/gbagfx/gbagfx.exe graphics/battle_interface/burst_trigger.png build/assets/graphics/battle_interface/burst_trigger.png.4bpp 
tools/gbagfx/gbagfx.exe graphics/battle_interface/burst_trigger.png build/assets/graphics/battle_interface/burst_trigger.png.gbapal 
tools/gbagfx/gbagfx.exe graphics/battle_interface/dark_indicator.png build/assets/graphics/battle_interface/dark_indicator.png.4bpp 
tools/gbagfx/gbagfx.exe graphics/battle_interface/dragon_indicator.png build/assets/graphics/battle_interface/dragon_indicator.png.4bpp 
tools/gbagfx/gbagfx.exe graphics/battle_interface/dynamax_indicator.png build/assets/graphics/battle_interface/dynamax_indicator.png.4bpp 
tools/gbagfx/gbagfx.exe graphics/battle_interface/dynamax_trigger.png build/assets/graphics/battle_interface/dynamax_trigger.png.4bpp 
tools/gbagfx/gbagfx.exe graphics/battle_interface/dynamax_trigger.png build/assets/graphics/battle_interface/dynamax_trigger.png.gbapal 
tools/gbagfx/gbagfx.exe graphics/battle_interface/electric_indicator.png build/assets/graphics/battle_interface/electric_indicator.png.4bpp 
tools/gbagfx/gbagfx.exe graphics/battle_interface/fairy_indicator.png build/assets/graphics/battle_interface/fairy_indicator.png.4bpp 
tools/gbagfx/gbagfx.exe graphics/battle_interface/fighting_indicator.png build/assets/graphics/battle_interface/fighting_indicator.png.4bpp 
tools/gbagfx/gbagfx.exe graphics/battle_interface/fire_indicator.png build/assets/graphics/battle_interface/fire_indicator.png.4bpp 
tools/gbagfx/gbagfx.exe graphics/battle_interface/flying_indicator.png build/assets/graphics/battle_interface/flying_indicator.png.4bpp 
tools/gbagfx/gbagfx.exe graphics/battle_interface/ghost_indicator.png build/assets/graphics/battle_interface/ghost_indicator.png.4bpp 
tools/gbagfx/gbagfx.exe graphics/battle_interface/grass_indicator.png build/assets/graphics/battle_interface/grass_indicator.png.4bpp 
tools/gbagfx/gbagfx.exe graphics/battle_interface/ground_indicator.png build/assets/graphics/battle_interface/ground_indicator.png.4bpp 
tools/gbagfx/gbagfx.exe graphics/battle_interface/ice_indicator.png build/assets/graphics/battle_interface/ice_indicator.png.4bpp 
tools/gbagfx/gbagfx.exe graphics/battle_interface/mega_indicator.png build/assets/graphics/battle_interface/mega_indicator.png.4bpp 
tools/gbagfx/gbagfx.exe graphics/battle_interface/mega_indicator.png build/assets/graphics/battle_interface/mega_indicator.png.gbapal 
tools/gbagfx/gbagfx.exe graphics/battle_interface/mega_trigger.png build/assets/graphics/battle_interface/mega_trigger.png.4bpp 
tools/gbagfx/gbagfx.exe graphics/battle_interface/mega_trigger.png build/assets/graphics/battle_interface/mega_trigger.png.gbapal 
tools/gbagfx/gbagfx.exe graphics/battle_interface/misc_indicator.pal build/assets/graphics/battle_interface/misc_indicator.pal.gbapal 
tools/gbagfx/gbagfx.exe graphics/battle_interface/normal_indicator.png build/assets/graphics/battle_interface/normal_indicator.png.4bpp 
tools/gbagfx/gbagfx.exe graphics/battle_interface/omega_indicator.png build/assets/graphics/battle_interface/omega_indicator.png.4bpp 
tools/gbagfx/gbagfx.exe graphics/battle_interface/poison_indicator.png build/assets/graphics/battle_interface/poison_indicator.png.4bpp 
tools/gbagfx/gbagfx.exe graphics/battle_interface/psychic_indicator.png build/assets/graphics/battle_interface/psychic_indicator.png.4bpp 
tools/gbagfx/gbagfx.exe graphics/battle_interface/rock_indicator.png build/assets/graphics/battle_interface/rock_indicator.png.4bpp 
tools/gbagfx/gbagfx.exe graphics/battle_interface/steel_indicator.png build/assets/graphics/battle_interface/steel_indicator.png.4bpp 
tools/gbagfx/gbagfx.exe graphics/battle_interface/stellar_indicator.png build/assets/graphics/battle_interface/stellar_indicator.png.4bpp 
tools/gbagfx/gbagfx.exe graphics/battle_interface/tera_indicator.pal build/assets/graphics/battle_interface/tera_indicator.pal.gbapal 
tools/gbagfx/gbagfx.exe graphics/battle_interface/tera_trigger.png build/assets/graphics/battle_interface/tera_trigger.png.4bpp 
tools/gbagfx/gbagfx.exe graphics/battle_interface/tera_trigger.png build/assets/graphics/battle_interface/tera_trigger.png.gbapal 
tools/gbagfx/gbagfx.exe graphics/battle_interface/water_indicator.png build/assets/graphics/battle_interface/water_indicator.png.4bpp 
tools/gbagfx/gbagfx.exe graphics/battle_interface/z_move_trigger.png build/assets/graphics/battle_interface/z_move_trigger.png.4bpp 
tools/gbagfx/gbagfx.exe graphics/battle_interface/z_move_trigger.png build/assets/graphics/battle_interface/z_move_trigger.png.gbapal 
C:/msys64/ucrt64/bin/../lib/gcc/arm-none-eabi/13.4.0/cc1.exe -quiet <flags> -o build/emerald/src/battle_hold_effects.o src/battle_hold_effects.c
tools/gbagfx/gbagfx.exe graphics/battle_interface/ability_pop_up.pal build/assets/graphics/battle_interface/ability_pop_up.pal.gbapal 
tools/gbagfx/gbagfx.exe graphics/battle_interface/ability_pop_up.png build/assets/graphics/battle_interface/ability_pop_up.png_mwidth_8__mheight_4.4bpp -mwidth 8 -mheight 4
tools/gbagfx/gbagfx.exe graphics/battle_interface/last_used_ball_l.png build/assets/graphics/battle_interface/last_used_ball_l.png.4bpp 
tools/gbagfx/gbagfx.exe graphics/battle_interface/last_used_ball_l_cycle.png build/assets/graphics/battle_interface/last_used_ball_l_cycle.png.4bpp 
tools/gbagfx/gbagfx.exe graphics/battle_interface/last_used_ball_r.png build/assets/graphics/battle_interface/last_used_ball_r.png.4bpp 
tools/gbagfx/gbagfx.exe graphics/battle_interface/last_used_ball_r_cycle.png build/assets/graphics/battle_interface/last_used_ball_r_cycle.png.4bpp 
tools/gbagfx/gbagfx.exe graphics/battle_interface/move_info_window_l.png build/assets/graphics/battle_interface/move_info_window_l.png.4bpp 
tools/gbagfx/gbagfx.exe graphics/battle_interface/move_info_window_r.png build/assets/graphics/battle_interface/move_info_window_r.png.4bpp 
C:/msys64/ucrt64/bin/../lib/gcc/arm-none-eabi/13.4.0/cc1.exe -quiet <flags> -o build/emerald/src/battle_intro.o src/battle_intro.c
C:/msys64/ucrt64/bin/../lib/gcc/arm-none-eabi/13.4.0/cc1.exe -quiet <flags> -o build/emerald/src/battle_main.o src/battle_main.c
C:/msys64/ucrt64/bin/../lib/gcc/arm-none-eabi/13.4.0/cc1.exe -quiet <flags> -o build/emerald/src/battle_message.o src/battle_message.c
C:/msys64/ucrt64/bin/../lib/gcc/arm-none-eabi/13.4.0/cc1.exe -quiet <flags> -o build/emerald/src/battle_move_resolution.o src/battle_move_resolution.c
C:/msys64/ucrt64/bin/../lib/gcc/arm-none-eabi/13.4.0/cc1.exe -quiet <flags> -o build/emerald/src/battle_palace.o src/battle_palace.c
C:/msys64/ucrt64/bin/../lib/gcc/arm-none-eabi/13.4.0/cc1.exe -quiet <flags> -o build/emerald/src/battle_partner.o src/battle_partner.c
C:/msys64/ucrt64/bin/../lib/gcc/arm-none-eabi/13.4.0/cc1.exe -quiet <flags> -o build/emerald/src/battle_pike.o src/battle_pike.c
C:/msys64/ucrt64/bin/../lib/gcc/arm-none-eabi/13.4.0/cc1.exe -quiet <flags> -o build/emerald/src/battle_pyramid.o src/battle_pyramid.c
C:/msys64/ucrt64/bin/../lib/gcc/arm-none-eabi/13.4.0/cc1.exe -quiet <flags> -o build/emerald/src/battle_pyramid_bag.o src/battle_pyramid_bag.c
tools/gbagfx/gbagfx.exe graphics/trainer_hill/records_window.png build/assets/graphics/trainer_hill/records_window.png.4bpp 
tools/gbagfx/gbagfx.exe graphics/trainer_hill/records_window.png build/assets/graphics/trainer_hill/records_window.png.gbapal 
tools/gbagfx/gbagfx.exe graphics/battle_interface/level_up_banner.png build/assets/graphics/battle_interface/level_up_banner.png.4bpp 
tools/gbagfx/gbagfx.exe graphics/battle_interface/level_up_banner.png build/assets/graphics/battle_interface/level_up_banner.png.gbapal 
C:/msys64/ucrt64/bin/../lib/gcc/arm-none-eabi/13.4.0/cc1.exe -quiet <flags> -o build/emerald/src/battle_setup.o src/battle_setup.c
C:/msys64/ucrt64/bin/../lib/gcc/arm-none-eabi/13.4.0/cc1.exe -quiet <flags> -o build/emerald/src/battle_special.o src/battle_special.c
C:/msys64/ucrt64/bin/../lib/gcc/arm-none-eabi/13.4.0/cc1.exe -quiet <flags> -o build/emerald/src/battle_stat_change.o src/battle_stat_change.c
C:/msys64/ucrt64/bin/../lib/gcc/arm-none-eabi/13.4.0/cc1.exe -quiet <flags> -o build/emerald/src/battle_switch_in.o src/battle_switch_in.c
C:/msys64/ucrt64/bin/../lib/gcc/arm-none-eabi/13.4.0/cc1.exe -quiet <flags> -o build/emerald/src/battle_tent.o src/battle_tent.c
C:/msys64/ucrt64/bin/../lib/gcc/arm-none-eabi/13.4.0/cc1.exe -quiet <flags> -o build/emerald/src/battle_terastal.o src/battle_terastal.c
C:/msys64/ucrt64/bin/../lib/gcc/arm-none-eabi/13.4.0/cc1.exe -quiet <flags> -o build/emerald/src/battle_tower.o src/battle_tower.c
tools/gbagfx/gbagfx.exe graphics/battle_transitions/big_pokeball.png build/assets/graphics/battle_transitions/big_pokeball.png.4bpp 
tools/gbagfx/gbagfx.exe graphics/battle_transitions/blue_bg.pal build/assets/graphics/battle_transitions/blue_bg.pal.gbapal 
tools/gbagfx/gbagfx.exe graphics/battle_transitions/brendan_bg.pal build/assets/graphics/battle_transitions/brendan_bg.pal.gbapal 
tools/gbagfx/gbagfx.exe graphics/battle_transitions/elite_four_bg.png build/assets/graphics/battle_transitions/elite_four_bg.png.4bpp 
tools/gbagfx/gbagfx.exe graphics/battle_transitions/evil_team.pal build/assets/graphics/battle_transitions/evil_team.pal.gbapal 
tools/compresSmol/compresSmolTilemap.exe graphics/battle_transitions/frontier_logo.bin build/assets/graphics/battle_transitions/frontier_logo.bin.smolTM 
tools/gbagfx/gbagfx.exe graphics/battle_transitions/frontier_logo.png build/assets/graphics/battle_transitions/frontier_logo.png.4bpp 
tools/gbagfx/gbagfx.exe graphics/battle_transitions/frontier_squares_blanktiles.png graphics/battle_transitions/frontier_squares_blanktiles.4bpp
tools/gbagfx/gbagfx.exe graphics/battle_transitions/frontier_squares_1.png graphics/battle_transitions/frontier_squares_1.4bpp
tools/gbagfx/gbagfx.exe graphics/battle_transitions/frontier_logo.png build/assets/graphics/battle_transitions/frontier_logo.png.gbapal 
tools/gbagfx/gbagfx.exe graphics/battle_transitions/frontier_squares_2.png graphics/battle_transitions/frontier_squares_2.4bpp
tools/gbagfx/gbagfx.exe graphics/battle_transitions/frontier_squares_3.png graphics/battle_transitions/frontier_squares_3.4bpp
tools/gbagfx/gbagfx.exe graphics/battle_transitions/frontier_squares_4.png graphics/battle_transitions/frontier_squares_4.4bpp
tools/gbagfx/gbagfx.exe graphics/battle_transitions/frontier_squares_blanktiles.png build/assets/graphics/battle_transitions/frontier_squares_blanktiles.png.gbapal 
tools/gbagfx/gbagfx.exe graphics/battle_transitions/green_bg.pal build/assets/graphics/battle_transitions/green_bg.pal.gbapal 
tools/compresSmol/compresSmolTilemap.exe graphics/battle_transitions/groudon.bin build/assets/graphics/battle_transitions/groudon.bin.smolTM 
tools/gbagfx/gbagfx.exe graphics/battle_transitions/groudon.png build/assets/graphics/battle_transitions/groudon.png.4bpp 
tools/gbagfx/gbagfx.exe graphics/battle_transitions/groudon_pt1.pal build/assets/graphics/battle_transitions/groudon_pt1.pal.gbapal 
tools/gbagfx/gbagfx.exe graphics/battle_transitions/groudon_pt2.pal build/assets/graphics/battle_transitions/groudon_pt2.pal.gbapal 
tools/compresSmol/compresSmolTilemap.exe graphics/battle_transitions/kyogre.bin build/assets/graphics/battle_transitions/kyogre.bin.smolTM 
tools/gbagfx/gbagfx.exe graphics/battle_transitions/kyogre.png build/assets/graphics/battle_transitions/kyogre.png.4bpp 
tools/gbagfx/gbagfx.exe graphics/battle_transitions/kyogre_pt1.pal build/assets/graphics/battle_transitions/kyogre_pt1.pal.gbapal 
tools/gbagfx/gbagfx.exe graphics/battle_transitions/kyogre_pt2.pal build/assets/graphics/battle_transitions/kyogre_pt2.pal.gbapal 
tools/gbagfx/gbagfx.exe graphics/battle_transitions/may_bg.pal build/assets/graphics/battle_transitions/may_bg.pal.gbapal 
tools/gbagfx/gbagfx.exe graphics/battle_transitions/pink_bg.pal build/assets/graphics/battle_transitions/pink_bg.pal.gbapal 
tools/gbagfx/gbagfx.exe graphics/battle_transitions/pokeball.png build/assets/graphics/battle_transitions/pokeball.png.4bpp 
tools/gbagfx/gbagfx.exe graphics/battle_transitions/pokeball_trail.png build/assets/graphics/battle_transitions/pokeball_trail.png.4bpp 
tools/gbagfx/gbagfx.exe graphics/battle_transitions/purple_bg.pal build/assets/graphics/battle_transitions/purple_bg.pal.gbapal 
tools/gbagfx/gbagfx.exe graphics/battle_transitions/rayquaza.pal build/assets/graphics/battle_transitions/rayquaza.pal.gbapal 
tools/gbagfx/gbagfx.exe graphics/battle_transitions/rayquaza.png build/assets/graphics/battle_transitions/rayquaza.png_num_tiles_938__Wnum_tiles.4bpp -num_tiles 938 -Wnum_tiles
tools/gbagfx/gbagfx.exe graphics/battle_transitions/regice.pal build/assets/graphics/battle_transitions/regice.pal.gbapal 
tools/gbagfx/gbagfx.exe graphics/battle_transitions/regirock.pal build/assets/graphics/battle_transitions/regirock.pal.gbapal 
tools/gbagfx/gbagfx.exe graphics/battle_transitions/regis.png build/assets/graphics/battle_transitions/regis.png_num_tiles_53__Wnum_tiles.4bpp -num_tiles 53 -Wnum_tiles
tools/gbagfx/gbagfx.exe graphics/battle_transitions/registeel.pal build/assets/graphics/battle_transitions/registeel.pal.gbapal 
tools/gbagfx/gbagfx.exe graphics/battle_transitions/shrinking_box.png build/assets/graphics/battle_transitions/shrinking_box.png.4bpp 
tools/compresSmol/compresSmolTilemap.exe graphics/battle_transitions/team_aqua.bin build/assets/graphics/battle_transitions/team_aqua.bin.smolTM 
tools/gbagfx/gbagfx.exe graphics/battle_transitions/team_aqua.png build/assets/graphics/battle_transitions/team_aqua.png.4bpp 
tools/compresSmol/compresSmolTilemap.exe graphics/battle_transitions/team_magma.bin build/assets/graphics/battle_transitions/team_magma.bin.smolTM 
tools/gbagfx/gbagfx.exe graphics/battle_transitions/team_magma.png build/assets/graphics/battle_transitions/team_magma.png.4bpp 
tools/gbagfx/gbagfx.exe graphics/battle_transitions/unused.pal build/assets/graphics/battle_transitions/unused.pal.gbapal 
tools/gbagfx/gbagfx.exe graphics/battle_transitions/unused_brendan.png build/assets/graphics/battle_transitions/unused_brendan.png.4bpp 
tools/gbagfx/gbagfx.exe graphics/battle_transitions/unused_lass.png build/assets/graphics/battle_transitions/unused_lass.png.4bpp 
tools/gbagfx/gbagfx.exe graphics/battle_transitions/unused_trainer.pal build/assets/graphics/battle_transitions/unused_trainer.pal.gbapal 
tools/gbagfx/gbagfx.exe graphics/battle_transitions/yellow_bg.pal build/assets/graphics/battle_transitions/yellow_bg.pal.gbapal 
tools/gbagfx/gbagfx.exe graphics/field_effects/palettes/pokeball.pal build/assets/graphics/field_effects/palettes/pokeball.pal.gbapal 
tools/compresSmol/compresSmolTilemap.exe graphics/battle_transitions/frontier_logo_center.bin build/assets/graphics/battle_transitions/frontier_logo_center.bin.smolTM 
tools/gbagfx/gbagfx.exe graphics/battle_transitions/frontier_logo_center.png build/assets/graphics/battle_transitions/frontier_logo_center.png_num_tiles_43__Wnum_tiles.4bpp -num_tiles 43 -Wnum_tiles
tools/gbagfx/gbagfx.exe graphics/battle_transitions/frontier_logo_circles.png build/assets/graphics/battle_transitions/frontier_logo_circles.png.4bpp 
tools/gbagfx/gbagfx.exe graphics/battle_transitions/frontier_logo_circles.png build/assets/graphics/battle_transitions/frontier_logo_circles.png.gbapal 
C:/msys64/ucrt64/bin/../lib/gcc/arm-none-eabi/13.4.0/cc1.exe -quiet <flags> -o build/emerald/src/battle_tv.o src/battle_tv.c
C:/msys64/ucrt64/bin/../lib/gcc/arm-none-eabi/13.4.0/cc1.exe -quiet <flags> -o build/emerald/src/battle_util.o src/battle_util.c
C:/msys64/ucrt64/bin/../lib/gcc/arm-none-eabi/13.4.0/cc1.exe -quiet <flags> -o build/emerald/src/battle_util2.o src/battle_util2.c
C:/msys64/ucrt64/bin/../lib/gcc/arm-none-eabi/13.4.0/cc1.exe -quiet <flags> -o build/emerald/src/battle_z_move.o src/battle_z_move.c
C:/msys64/ucrt64/bin/../lib/gcc/arm-none-eabi/13.4.0/cc1.exe -quiet <flags> -o build/emerald/src/berry.o src/berry.c
tools/gbagfx/gbagfx.exe graphics/berry_blender/center.png build/assets/graphics/berry_blender/center.png.gbapal 
tools/gbagfx/gbagfx.exe graphics/berry_blender/outer.png build/assets/graphics/berry_blender/outer.png.gbapal 
tools/gbagfx/gbagfx.exe graphics/berry_blender/unused.pal build/assets/graphics/berry_blender/unused.pal.gbapal 
tools/gbagfx/gbagfx.exe graphics/berry_crush/crusher_base.png build/assets/graphics/berry_crush/crusher_base.png.4bpp 
tools/gbagfx/gbagfx.exe graphics/berry_crush/crusher_base.png build/assets/graphics/berry_crush/crusher_base.png.gbapal 
tools/gbagfx/gbagfx.exe graphics/berry_crush/effects.pal build/assets/graphics/berry_crush/effects.pal.gbapal 
tools/gbagfx/gbagfx.exe graphics/berry_crush/impact.png build/assets/graphics/berry_crush/impact.png.4bpp 
tools/gbagfx/gbagfx.exe graphics/berry_crush/sparkle.png build/assets/graphics/berry_crush/sparkle.png.4bpp 
tools/gbagfx/gbagfx.exe graphics/berry_crush/timer_digits.png build/assets/graphics/berry_crush/timer_digits.png.4bpp 
tools/compresSmol/compresSmolTilemap.exe graphics/berry_crush/bg.bin graphics/berry_crush/bg.bin.smolTM
tools/gbagfx/gbagfx.exe graphics/berry_crush/timer_digits.png build/assets/graphics/berry_crush/timer_digits.png.gbapal 
tools/compresSmol/compresSmolTilemap.exe graphics/berry_crush/container_cap.bin graphics/berry_crush/container_cap.bin.smolTM
tools/compresSmol/compresSmolTilemap.exe graphics/berry_crush/crusher_top.bin graphics/berry_crush/crusher_top.bin.smolTM
C:/msys64/ucrt64/bin/../lib/gcc/arm-none-eabi/13.4.0/cc1.exe -quiet <flags> -o build/emerald/src/berry_fix_graphics.o src/berry_fix_graphics.c
tools/gbagfx/gbagfx.exe graphics/berry_fix/text.pal build/assets/graphics/berry_fix/text.pal.gbapal 
C:/msys64/ucrt64/bin/../lib/gcc/arm-none-eabi/13.4.0/cc1.exe -quiet <flags> -o build/emerald/src/berry_powder.o src/berry_powder.c
tools/gbagfx/gbagfx.exe graphics/bag/berry_tag_screen.pal build/assets/graphics/bag/berry_tag_screen.pal.gbapal 
C:/msys64/ucrt64/bin/../lib/gcc/arm-none-eabi/13.4.0/cc1.exe -quiet <flags> -o build/emerald/src/bg.o src/bg.c
C:/msys64/ucrt64/bin/../lib/gcc/arm-none-eabi/13.4.0/cc1.exe -quiet <flags> -o build/emerald/src/bike.o src/bike.c
C:/msys64/ucrt64/bin/../lib/gcc/arm-none-eabi/13.4.0/cc1.exe -quiet <flags> -o build/emerald/src/birch_pc.o src/birch_pc.c
C:/msys64/ucrt64/bin/../lib/gcc/arm-none-eabi/13.4.0/cc1.exe -quiet <flags> -o build/emerald/src/blit.o src/blit.c
tools/gbagfx/gbagfx.exe graphics/fonts/braille.png build/assets/graphics/fonts/braille.png.fwjpnfont 
tools/compresSmol/compresSmolTilemap.exe graphics/cable_car/bg_mountains.bin graphics/cable_car/bg_mountains.bin.smolTM
C:/msys64/ucrt64/bin/../lib/gcc/arm-none-eabi/13.4.0/cc1.exe -quiet <flags> -o build/emerald/src/braille_puzzles.o src/braille_puzzles.c
tools/compresSmol/compresSmolTilemap.exe graphics/cable_car/ground.bin graphics/cable_car/ground.bin.smolTM
tools/compresSmol/compresSmolTilemap.exe graphics/cable_car/pylon_pole.bin graphics/cable_car/pylon_pole.bin.smolTM
tools/compresSmol/compresSmolTilemap.exe graphics/cable_car/trees.bin graphics/cable_car/trees.bin.smolTM
C:/msys64/ucrt64/bin/../lib/gcc/arm-none-eabi/13.4.0/cc1.exe -quiet <flags> -o build/emerald/src/cable_club.o src/cable_club.c
C:/msys64/ucrt64/bin/../lib/gcc/arm-none-eabi/13.4.0/cc1.exe -quiet <flags> -o build/emerald/src/caps.o src/caps.c
C:/msys64/ucrt64/bin/../lib/gcc/arm-none-eabi/13.4.0/cc1.exe -quiet <flags> -o build/emerald/src/chooseboxmon.o src/chooseboxmon.c
C:/msys64/ucrt64/bin/../lib/gcc/arm-none-eabi/13.4.0/cc1.exe -quiet <flags> -o build/emerald/src/clear_save_data_screen.o src/clear_save_data_screen.c
C:/msys64/ucrt64/bin/../lib/gcc/arm-none-eabi/13.4.0/cc1.exe -quiet <flags> -o build/emerald/src/clock.o src/clock.c
C:/msys64/ucrt64/bin/../lib/gcc/arm-none-eabi/13.4.0/cc1.exe -quiet <flags> -o build/emerald/src/coins.o src/coins.c
C:/msys64/ucrt64/bin/../lib/gcc/arm-none-eabi/13.4.0/cc1.exe -quiet <flags> -o build/emerald/src/confetti_util.o src/confetti_util.c
C:/msys64/ucrt64/bin/../lib/gcc/arm-none-eabi/13.4.0/cc1.exe -quiet <flags> -o build/emerald/src/config_changes.o src/config_changes.c
tools/gbagfx/gbagfx.exe graphics/contest/text.pal build/assets/graphics/contest/text.pal.gbapal 
C:/msys64/ucrt64/bin/../lib/gcc/arm-none-eabi/13.4.0/cc1.exe -quiet <flags> -o build/emerald/src/contest_ai.o src/contest_ai.c
C:/msys64/ucrt64/bin/../lib/gcc/arm-none-eabi/13.4.0/cc1.exe -quiet <flags> -o build/emerald/src/contest_effect.o src/contest_effect.c
C:/msys64/ucrt64/bin/../lib/gcc/arm-none-eabi/13.4.0/cc1.exe -quiet <flags> -o build/emerald/src/contest_link.o src/contest_link.c
C:/msys64/ucrt64/bin/../lib/gcc/arm-none-eabi/13.4.0/cc1.exe -quiet <flags> -o build/emerald/src/contest_link_util.o src/contest_link_util.c
tools/gbagfx/gbagfx.exe graphics/picture_frame/beauty.png build/assets/graphics/picture_frame/beauty.png.4bpp 
tools/compresSmol/compresSmolTilemap.exe graphics/picture_frame/beauty_map.bin build/assets/graphics/picture_frame/beauty_map.bin.smolTM 
tools/gbagfx/gbagfx.exe graphics/picture_frame/bg.pal build/assets/graphics/picture_frame/bg.pal.gbapal 
tools/gbagfx/gbagfx.exe graphics/picture_frame/cool.png build/assets/graphics/picture_frame/cool.png.4bpp 
tools/compresSmol/compresSmolTilemap.exe graphics/picture_frame/cool_map.bin build/assets/graphics/picture_frame/cool_map.bin.smolTM 
tools/gbagfx/gbagfx.exe graphics/picture_frame/cute.png build/assets/graphics/picture_frame/cute.png.4bpp 
tools/compresSmol/compresSmolTilemap.exe graphics/picture_frame/cute_map.bin build/assets/graphics/picture_frame/cute_map.bin.smolTM 
tools/gbagfx/gbagfx.exe graphics/picture_frame/lobby.png build/assets/graphics/picture_frame/lobby.png_num_tiles_86__Wnum_tiles.4bpp -num_tiles 86 -Wnum_tiles
tools/compresSmol/compresSmolTilemap.exe graphics/picture_frame/lobby_map.bin build/assets/graphics/picture_frame/lobby_map.bin.smolTM 
tools/gbagfx/gbagfx.exe graphics/picture_frame/smart.png build/assets/graphics/picture_frame/smart.png.4bpp 
tools/compresSmol/compresSmolTilemap.exe graphics/picture_frame/smart_map.bin build/assets/graphics/picture_frame/smart_map.bin.smolTM 
tools/compresSmol/compresSmolTilemap.exe graphics/picture_frame/tough_map.bin build/assets/graphics/picture_frame/tough_map.bin.smolTM 
tools/gbagfx/gbagfx.exe graphics/picture_frame/tough.png build/assets/graphics/picture_frame/tough.png.4bpp 
tools/gbagfx/gbagfx.exe graphics/contest/results_screen/text_window.pal build/assets/graphics/contest/results_screen/text_window.pal.gbapal 
tools/gbagfx/gbagfx.exe graphics/contest/results_screen/text_window.png build/assets/graphics/contest/results_screen/text_window.png.4bpp 
tools/gbagfx/gbagfx.exe graphics/interface/blank.pal build/assets/graphics/interface/blank.pal.gbapal 
C:/msys64/ucrt64/bin/../lib/gcc/arm-none-eabi/13.4.0/cc1.exe -quiet <flags> -o build/emerald/src/coord_event_weather.o src/coord_event_weather.c
tools/gbagfx/gbagfx.exe graphics/credits/credits.pal build/assets/graphics/credits/credits.pal.gbapal 
tools/gbagfx/gbagfx.exe graphics/credits/the_end_copyright.png build/assets/graphics/credits/the_end_copyright.png.4bpp 
tools/gbagfx/gbagfx.exe graphics/credits_frlg/blastoise_1.png build/assets/graphics/credits_frlg/blastoise_1.png.4bpp 
tools/gbagfx/gbagfx.exe graphics/credits_frlg/blastoise_2.png build/assets/graphics/credits_frlg/blastoise_2.png.4bpp 
tools/gbagfx/gbagfx.exe graphics/credits_frlg/charizard_1.png build/assets/graphics/credits_frlg/charizard_1.png.4bpp 
tools/gbagfx/gbagfx.exe graphics/credits_frlg/charizard_2.png build/assets/graphics/credits_frlg/charizard_2.png.4bpp 
tools/gbagfx/gbagfx.exe graphics/credits_frlg/copyright.png build/assets/graphics/credits_frlg/copyright.png.4bpp 
tools/gbagfx/gbagfx.exe graphics/credits_frlg/copyright.png build/assets/graphics/credits_frlg/copyright.png.gbapal 
tools/gbagfx/gbagfx.exe graphics/credits_frlg/ground_city.png build/assets/graphics/credits_frlg/ground_city.png.4bpp 
tools/gbagfx/gbagfx.exe graphics/credits_frlg/ground_city.png build/assets/graphics/credits_frlg/ground_city.png.gbapal 
tools/gbagfx/gbagfx.exe graphics/credits_frlg/ground_dirt.png build/assets/graphics/credits_frlg/ground_dirt.png.4bpp 
tools/gbagfx/gbagfx.exe graphics/credits_frlg/ground_dirt.png build/assets/graphics/credits_frlg/ground_dirt.png.gbapal 
tools/gbagfx/gbagfx.exe graphics/credits_frlg/ground_grass.png build/assets/graphics/credits_frlg/ground_grass.png.4bpp 
tools/gbagfx/gbagfx.exe graphics/credits_frlg/ground_grass.png build/assets/graphics/credits_frlg/ground_grass.png.gbapal 
tools/gbagfx/gbagfx.exe graphics/credits_frlg/pikachu_1.png build/assets/graphics/credits_frlg/pikachu_1.png.4bpp 
tools/gbagfx/gbagfx.exe graphics/credits_frlg/pikachu_2.png build/assets/graphics/credits_frlg/pikachu_2.png.4bpp 
tools/gbagfx/gbagfx.exe graphics/credits_frlg/player_female.png build/assets/graphics/credits_frlg/player_female.png.4bpp 
tools/gbagfx/gbagfx.exe graphics/credits_frlg/player_female.png build/assets/graphics/credits_frlg/player_female.png.gbapal 
tools/gbagfx/gbagfx.exe graphics/credits_frlg/player_male.png build/assets/graphics/credits_frlg/player_male.png.4bpp 
tools/gbagfx/gbagfx.exe graphics/credits_frlg/player_male.png build/assets/graphics/credits_frlg/player_male.png.gbapal 
tools/compresSmol/compresSmolTilemap.exe graphics/credits_frlg/pokeball.bin build/assets/graphics/credits_frlg/pokeball.bin.smolTM 
tools/gbagfx/gbagfx.exe graphics/credits_frlg/pokeball.png build/assets/graphics/credits_frlg/pokeball.png.4bpp 
tools/gbagfx/gbagfx.exe graphics/credits_frlg/pokeball_blastoise.pal build/assets/graphics/credits_frlg/pokeball_blastoise.pal.gbapal 
tools/gbagfx/gbagfx.exe graphics/credits_frlg/pokeball_charizard.pal build/assets/graphics/credits_frlg/pokeball_charizard.pal.gbapal 
tools/gbagfx/gbagfx.exe graphics/credits_frlg/pokeball_pikachu.pal build/assets/graphics/credits_frlg/pokeball_pikachu.pal.gbapal 
tools/gbagfx/gbagfx.exe graphics/credits_frlg/pokeball_venusaur.pal build/assets/graphics/credits_frlg/pokeball_venusaur.pal.gbapal 
tools/gbagfx/gbagfx.exe graphics/credits_frlg/rival.png build/assets/graphics/credits_frlg/rival.png.4bpp 
tools/gbagfx/gbagfx.exe graphics/credits_frlg/rival.png build/assets/graphics/credits_frlg/rival.png.gbapal 
tools/gbagfx/gbagfx.exe graphics/credits_frlg/the_end.png build/assets/graphics/credits_frlg/the_end.png.4bpp 
tools/gbagfx/gbagfx.exe graphics/credits_frlg/the_end.png build/assets/graphics/credits_frlg/the_end.png.gbapal 
tools/gbagfx/gbagfx.exe graphics/credits_frlg/venusaur_1.png build/assets/graphics/credits_frlg/venusaur_1.png.4bpp 
tools/gbagfx/gbagfx.exe graphics/credits_frlg/venusaur_2.png build/assets/graphics/credits_frlg/venusaur_2.png.4bpp 
tools/gbagfx/gbagfx.exe graphics/credits_frlg/venusaur_unused.png build/assets/graphics/credits_frlg/venusaur_unused.png.4bpp 
tools/compresSmol/compresSmolTilemap.exe graphics/credits_frlg/white_circle.bin build/assets/graphics/credits_frlg/white_circle.bin.smolTM 
tools/gbagfx/gbagfx.exe graphics/credits_frlg/white_circle.pal build/assets/graphics/credits_frlg/white_circle.pal.gbapal 
tools/compresSmol/compresSmolTilemap.exe graphics/credits_frlg/copyright.bin graphics/credits_frlg/copyright.bin.smolTM
tools/compresSmol/compresSmolTilemap.exe graphics/credits_frlg/the_end.bin graphics/credits_frlg/the_end.bin.smolTM
tools/gbagfx/gbagfx.exe graphics/credits_frlg/white_circle.png build/assets/graphics/credits_frlg/white_circle.png.8bpp 
tools/gbagfx/gbagfx.exe graphics/link/minigame_digits.png build/assets/graphics/link/minigame_digits.png.4bpp 
tools/gbagfx/gbagfx.exe graphics/link/minigame_digits.png build/assets/graphics/link/minigame_digits.png.gbapal 
tools/gbagfx/gbagfx.exe graphics/link/minigame_digits2.png build/assets/graphics/link/minigame_digits2.png.4bpp 
C:/msys64/ucrt64/bin/../lib/gcc/arm-none-eabi/13.4.0/cc1.exe -quiet <flags> -o build/emerald/src/datetime.o src/datetime.c
C:/msys64/ucrt64/bin/../lib/gcc/arm-none-eabi/13.4.0/cc1.exe -quiet <flags> -o build/emerald/src/daycare.o src/daycare.c
C:/msys64/ucrt64/bin/../lib/gcc/arm-none-eabi/13.4.0/cc1.exe -quiet <flags> -o build/emerald/src/debug.o src/debug.c
C:/msys64/ucrt64/bin/../lib/gcc/arm-none-eabi/13.4.0/cc1.exe -quiet <flags> -o build/emerald/src/decompress.o src/decompress.c
C:/msys64/ucrt64/bin/../lib/gcc/arm-none-eabi/13.4.0/cc1.exe -quiet <flags> -o build/emerald/src/decompress_error_handler.o src/decompress_error_handler.c
tools/gbagfx/gbagfx.exe graphics/decorations/brendan.pal build/assets/graphics/decorations/brendan.pal.gbapal 
tools/gbagfx/gbagfx.exe graphics/decorations/decoration_menu.pal build/assets/graphics/decorations/decoration_menu.pal.gbapal 
tools/gbagfx/gbagfx.exe graphics/decorations/put_away_cursor.png build/assets/graphics/decorations/put_away_cursor.png.4bpp 
C:/msys64/ucrt64/bin/../lib/gcc/arm-none-eabi/13.4.0/cc1.exe -quiet <flags> -o build/emerald/src/decoration_inventory.o src/decoration_inventory.c
tools/gbagfx/gbagfx.exe graphics/decorations/may.pal build/assets/graphics/decorations/may.pal.gbapal 
C:/msys64/ucrt64/bin/../lib/gcc/arm-none-eabi/13.4.0/cc1.exe -quiet <flags> -o build/emerald/src/dewford_trend.o src/dewford_trend.c
tools/gbagfx/gbagfx.exe graphics/dexnav/captured_all.png build/assets/graphics/dexnav/captured_all.png.4bpp 
tools/gbagfx/gbagfx.exe graphics/dexnav/cursor.png build/assets/graphics/dexnav/cursor.png.4bpp 
tools/gbagfx/gbagfx.exe graphics/dexnav/cursor.png build/assets/graphics/dexnav/cursor.png.gbapal 
tools/gbagfx/gbagfx.exe graphics/dexnav/gui.pal build/assets/graphics/dexnav/gui.pal.gbapal 
tools/compresSmol/compresSmolTilemap.exe graphics/dexnav/gui_tilemap.bin build/assets/graphics/dexnav/gui_tilemap.bin.smolTM 
tools/gbagfx/gbagfx.exe graphics/dexnav/gui_tiles.png build/assets/graphics/dexnav/gui_tiles.png.4bpp 
tools/gbagfx/gbagfx.exe graphics/dexnav/hidden.png build/assets/graphics/dexnav/hidden.png.4bpp 
tools/gbagfx/gbagfx.exe graphics/dexnav/hidden_search.png build/assets/graphics/dexnav/hidden_search.png.4bpp 
tools/gbagfx/gbagfx.exe graphics/dexnav/no_data.png build/assets/graphics/dexnav/no_data.png.4bpp 
tools/gbagfx/gbagfx.exe graphics/dexnav/owned_icon.png build/assets/graphics/dexnav/owned_icon.png.4bpp 
tools/gbagfx/gbagfx.exe graphics/dexnav/star.png build/assets/graphics/dexnav/star.png.4bpp 
C:/msys64/ucrt64/bin/../lib/gcc/arm-none-eabi/13.4.0/cc1.exe -quiet <flags> -o build/emerald/src/difficulty.o src/difficulty.c
C:/msys64/ucrt64/bin/../lib/gcc/arm-none-eabi/13.4.0/cc1.exe -quiet <flags> -o build/emerald/src/digit_obj_util.o src/digit_obj_util.c
tools/gbagfx/gbagfx.exe graphics/diploma/hoenn.pal build/assets/graphics/diploma/hoenn.pal.gbapal 
tools/gbagfx/gbagfx.exe graphics/diploma/national.pal build/assets/graphics/diploma/national.pal.gbapal 
tools/compresSmol/compresSmolTilemap.exe graphics/diploma/tilemap.bin build/assets/graphics/diploma/tilemap.bin.smolTM 
tools/gbagfx/gbagfx.exe graphics/diploma/tiles.png build/assets/graphics/diploma/tiles.png.4bpp 
C:/msys64/ucrt64/bin/../lib/gcc/arm-none-eabi/13.4.0/cc1.exe -quiet <flags> -o build/emerald/src/dma3_manager.o src/dma3_manager.c
tools/gbagfx/gbagfx.exe graphics/dodrio_berry_picking/berries.png build/assets/graphics/dodrio_berry_picking/berries.png.4bpp 
tools/gbagfx/gbagfx.exe graphics/dodrio_berry_picking/berries.png build/assets/graphics/dodrio_berry_picking/berries.png.gbapal 
tools/compresSmol/compresSmolTilemap.exe graphics/dodrio_berry_picking/bg.bin build/assets/graphics/dodrio_berry_picking/bg.bin.smolTM 
tools/gbagfx/gbagfx.exe graphics/dodrio_berry_picking/bg.png build/assets/graphics/dodrio_berry_picking/bg.png.4bpp 
tools/gbagfx/gbagfx.exe graphics/dodrio_berry_picking/cloud.png build/assets/graphics/dodrio_berry_picking/cloud.png.4bpp 
tools/gbagfx/gbagfx.exe graphics/dodrio_berry_picking/cloud.png build/assets/graphics/dodrio_berry_picking/cloud.png.gbapal 
tools/gbagfx/gbagfx.exe graphics/dodrio_berry_picking/dodrio.png build/assets/graphics/dodrio_berry_picking/dodrio.png.4bpp 
tools/gbagfx/gbagfx.exe graphics/dodrio_berry_picking/dodrio.png build/assets/graphics/dodrio_berry_picking/dodrio.png.gbapal 
tools/gbagfx/gbagfx.exe graphics/dodrio_berry_picking/shiny.pal build/assets/graphics/dodrio_berry_picking/shiny.pal.gbapal 
tools/gbagfx/gbagfx.exe graphics/dodrio_berry_picking/status.png build/assets/graphics/dodrio_berry_picking/status.png.4bpp 
tools/gbagfx/gbagfx.exe graphics/dodrio_berry_picking/status.png build/assets/graphics/dodrio_berry_picking/status.png.gbapal 
tools/gbagfx/gbagfx.exe graphics/dodrio_berry_picking/tree_border.png build/assets/graphics/dodrio_berry_picking/tree_border.png.4bpp 
tools/compresSmol/compresSmolTilemap.exe graphics/dodrio_berry_picking/tree_border_left.bin build/assets/graphics/dodrio_berry_picking/tree_border_left.bin.smolTM 
tools/compresSmol/compresSmolTilemap.exe graphics/dodrio_berry_picking/tree_border_right.bin build/assets/graphics/dodrio_berry_picking/tree_border_right.bin.smolTM 
tools/gbagfx/gbagfx.exe graphics/dodrio_berry_picking/berries.png graphics/dodrio_berry_picking/berries.4bpp
tools/gbagfx/gbagfx.exe graphics/dodrio_berry_picking/berries.png graphics/dodrio_berry_picking/berries.gbapal
tools/gbagfx/gbagfx.exe graphics/dodrio_berry_picking/bg.png graphics/dodrio_berry_picking/bg.4bpp
tools/compresSmol/compresSmolTilemap.exe graphics/dodrio_berry_picking/bg.bin graphics/dodrio_berry_picking/bg.bin.smolTM
tools/gbagfx/gbagfx.exe graphics/dodrio_berry_picking/bg.png graphics/dodrio_berry_picking/bg.gbapal
tools/gbagfx/gbagfx.exe graphics/dodrio_berry_picking/cloud.png graphics/dodrio_berry_picking/cloud.4bpp
tools/gbagfx/gbagfx.exe graphics/dodrio_berry_picking/cloud.png graphics/dodrio_berry_picking/cloud.gbapal
tools/gbagfx/gbagfx.exe graphics/dodrio_berry_picking/dodrio.png graphics/dodrio_berry_picking/dodrio.4bpp
tools/gbagfx/gbagfx.exe graphics/dodrio_berry_picking/dodrio.png graphics/dodrio_berry_picking/dodrio.gbapal
tools/gbagfx/gbagfx.exe graphics/dodrio_berry_picking/shiny.pal graphics/dodrio_berry_picking/shiny.gbapal
tools/gbagfx/gbagfx.exe graphics/dodrio_berry_picking/status.png graphics/dodrio_berry_picking/status.4bpp
tools/gbagfx/gbagfx.exe graphics/dodrio_berry_picking/status.png graphics/dodrio_berry_picking/status.gbapal
tools/gbagfx/gbagfx.exe graphics/dodrio_berry_picking/tree_border.png graphics/dodrio_berry_picking/tree_border.4bpp
tools/gbagfx/gbagfx.exe graphics/dodrio_berry_picking/tree_border.png graphics/dodrio_berry_picking/tree_border.gbapal
tools/compresSmol/compresSmolTilemap.exe graphics/dodrio_berry_picking/tree_border_left.bin graphics/dodrio_berry_picking/tree_border_left.bin.smolTM
tools/compresSmol/compresSmolTilemap.exe graphics/dodrio_berry_picking/tree_border_right.bin graphics/dodrio_berry_picking/tree_border_right.bin.smolTM
C:/msys64/ucrt64/bin/../lib/gcc/arm-none-eabi/13.4.0/cc1.exe -quiet <flags> -o build/emerald/src/dynamic_placeholder_text_util.o src/dynamic_placeholder_text_util.c
tools/gbagfx/gbagfx.exe graphics/easy_chat/interview_frame.png build/assets/graphics/easy_chat/interview_frame.png.4bpp 
tools/gbagfx/gbagfx.exe graphics/easy_chat/interview_frame.png build/assets/graphics/easy_chat/interview_frame.png.gbapal 
tools/gbagfx/gbagfx.exe graphics/easy_chat/scroll_indicator.png build/assets/graphics/easy_chat/scroll_indicator.png.4bpp 
tools/gbagfx/gbagfx.exe graphics/easy_chat/start_select_buttons.png build/assets/graphics/easy_chat/start_select_buttons.png.4bpp 
tools/gbagfx/gbagfx.exe graphics/easy_chat/text.pal build/assets/graphics/easy_chat/text.pal.gbapal 
tools/gbagfx/gbagfx.exe graphics/easy_chat/text_input_frame.png build/assets/graphics/easy_chat/text_input_frame.png.4bpp 
tools/gbagfx/gbagfx.exe graphics/easy_chat/text_input_frame_green.pal build/assets/graphics/easy_chat/text_input_frame_green.pal.gbapal 
tools/gbagfx/gbagfx.exe graphics/easy_chat/text_input_frame_orange.pal build/assets/graphics/easy_chat/text_input_frame_orange.pal.gbapal 
tools/gbagfx/gbagfx.exe graphics/easy_chat/title_text.pal build/assets/graphics/easy_chat/title_text.pal.gbapal 
tools/gbagfx/gbagfx.exe graphics/easy_chat/triangle_cursor.png build/assets/graphics/easy_chat/triangle_cursor.png.4bpp 
tools/gbagfx/gbagfx.exe graphics/easy_chat/triangle_cursor.png build/assets/graphics/easy_chat/triangle_cursor.png.gbapal 
tools/gbagfx/gbagfx.exe graphics/pokemon/egg/hatch.png build/assets/graphics/pokemon/egg/hatch.png.4bpp 
tools/gbagfx/gbagfx.exe graphics/pokemon/egg/normal.pal build/assets/graphics/pokemon/egg/normal.pal.gbapal 
tools/gbagfx/gbagfx.exe graphics/pokemon/egg/shard.png build/assets/graphics/pokemon/egg/shard.png.4bpp 
C:/msys64/ucrt64/bin/../lib/gcc/arm-none-eabi/13.4.0/cc1.exe -quiet <flags> -o build/emerald/src/ereader_helpers.o src/ereader_helpers.c
C:/msys64/ucrt64/bin/../lib/gcc/arm-none-eabi/13.4.0/cc1.exe -quiet <flags> -o build/emerald/src/ereader_screen.o src/ereader_screen.c
C:/msys64/ucrt64/bin/../lib/gcc/arm-none-eabi/13.4.0/cc1.exe -quiet <flags> -o build/emerald/src/event_data.o src/event_data.c
C:/msys64/ucrt64/bin/../lib/gcc/arm-none-eabi/13.4.0/cc1.exe -quiet <flags> -o build/emerald/src/event_object_lock.o src/event_object_lock.c
tools/gbagfx/gbagfx.exe graphics/field_effects/palettes/ash.pal build/assets/graphics/field_effects/palettes/ash.pal.gbapal 
tools/gbagfx/gbagfx.exe graphics/field_effects/palettes/big_dust.pal build/assets/graphics/field_effects/palettes/big_dust.pal.gbapal 
tools/gbagfx/gbagfx.exe graphics/field_effects/palettes/cave_dust.pal build/assets/graphics/field_effects/palettes/cave_dust.pal.gbapal 
tools/gbagfx/gbagfx.exe graphics/field_effects/palettes/cut_grass.pal build/assets/graphics/field_effects/palettes/cut_grass.pal.gbapal 
tools/gbagfx/gbagfx.exe graphics/field_effects/palettes/general_0.pal build/assets/graphics/field_effects/palettes/general_0.pal.gbapal 
tools/gbagfx/gbagfx.exe graphics/field_effects/palettes/general_1.pal build/assets/graphics/field_effects/palettes/general_1.pal.gbapal 
tools/gbagfx/gbagfx.exe graphics/field_effects/palettes/small_sparkle.pal build/assets/graphics/field_effects/palettes/small_sparkle.pal.gbapal 
tools/gbagfx/gbagfx.exe graphics/field_effects/pics/arrow.png build/assets/graphics/field_effects/pics/arrow.png_mwidth_2__mheight_2.4bpp -mwidth 2 -mheight 2
tools/gbagfx/gbagfx.exe graphics/field_effects/pics/ash.png build/assets/graphics/field_effects/pics/ash.png_mwidth_2__mheight_2.4bpp -mwidth 2 -mheight 2
tools/gbagfx/gbagfx.exe graphics/field_effects/pics/ash_launch.png build/assets/graphics/field_effects/pics/ash_launch.png_mwidth_2__mheight_2.4bpp -mwidth 2 -mheight 2
tools/gbagfx/gbagfx.exe graphics/field_effects/pics/ash_puff.png build/assets/graphics/field_effects/pics/ash_puff.png_mwidth_2__mheight_2.4bpp -mwidth 2 -mheight 2
tools/gbagfx/gbagfx.exe graphics/field_effects/pics/bike_tire_tracks.png build/assets/graphics/field_effects/pics/bike_tire_tracks.png_mwidth_2__mheight_2.4bpp -mwidth 2 -mheight 2
tools/gbagfx/gbagfx.exe graphics/field_effects/pics/bird.png build/assets/graphics/field_effects/pics/bird.png.4bpp 
tools/gbagfx/gbagfx.exe graphics/field_effects/pics/bubbles.png build/assets/graphics/field_effects/pics/bubbles.png_mwidth_2__mheight_4.4bpp -mwidth 2 -mheight 4
tools/gbagfx/gbagfx.exe graphics/field_effects/pics/bug_tracks.png build/assets/graphics/field_effects/pics/bug_tracks.png_mwidth_2__mheight_2.4bpp -mwidth 2 -mheight 2
libpng warning: bKGD: invalid index
tools/gbagfx/gbagfx.exe graphics/field_effects/pics/cave_dust.png build/assets/graphics/field_effects/pics/cave_dust.png.4bpp 
tools/gbagfx/gbagfx.exe graphics/field_effects/pics/cut_grass.png build/assets/graphics/field_effects/pics/cut_grass.png.4bpp 
tools/gbagfx/gbagfx.exe graphics/field_effects/pics/deep_sand_footprints.png build/assets/graphics/field_effects/pics/deep_sand_footprints.png_mwidth_2__mheight_2.4bpp -mwidth 2 -mheight 2
tools/gbagfx/gbagfx.exe graphics/field_effects/pics/ground_impact_dust.png build/assets/graphics/field_effects/pics/ground_impact_dust.png_mwidth_2__mheight_1.4bpp -mwidth 2 -mheight 1
tools/gbagfx/gbagfx.exe graphics/field_effects/pics/hot_springs_water.png build/assets/graphics/field_effects/pics/hot_springs_water.png.4bpp 
tools/gbagfx/gbagfx.exe graphics/field_effects/pics/jump_big_splash.png build/assets/graphics/field_effects/pics/jump_big_splash.png_mwidth_2__mheight_2.4bpp -mwidth 2 -mheight 2
tools/gbagfx/gbagfx.exe graphics/field_effects/pics/jump_long_grass.png build/assets/graphics/field_effects/pics/jump_long_grass.png_mwidth_2__mheight_2.4bpp -mwidth 2 -mheight 2
tools/gbagfx/gbagfx.exe graphics/field_effects/pics/jump_small_splash.png build/assets/graphics/field_effects/pics/jump_small_splash.png_mwidth_2__mheight_1.4bpp -mwidth 2 -mheight 1
tools/gbagfx/gbagfx.exe graphics/field_effects/pics/jump_tall_grass.png build/assets/graphics/field_effects/pics/jump_tall_grass.png_mwidth_2__mheight_1.4bpp -mwidth 2 -mheight 1
tools/gbagfx/gbagfx.exe graphics/field_effects/pics/long_grass.png build/assets/graphics/field_effects/pics/long_grass.png_mwidth_2__mheight_2.4bpp -mwidth 2 -mheight 2
tools/gbagfx/gbagfx.exe graphics/field_effects/pics/mountain_disguise.png build/assets/graphics/field_effects/pics/mountain_disguise.png_mwidth_2__mheight_4.4bpp -mwidth 2 -mheight 4
tools/gbagfx/gbagfx.exe graphics/field_effects/pics/ripple.png build/assets/graphics/field_effects/pics/ripple.png_mwidth_2__mheight_2.4bpp -mwidth 2 -mheight 2
tools/gbagfx/gbagfx.exe graphics/field_effects/pics/rock_climb_dust.png build/assets/graphics/field_effects/pics/rock_climb_dust.png_mwidth_4__mheight_4.4bpp -mwidth 4 -mheight 4
tools/gbagfx/gbagfx.exe graphics/field_effects/pics/rock_climb_blob.png build/assets/graphics/field_effects/pics/rock_climb_blob.png_mwidth_4__mheight_4.4bpp -mwidth 4 -mheight 4
tools/gbagfx/gbagfx.exe graphics/field_effects/pics/sand_disguise_placeholder.png build/assets/graphics/field_effects/pics/sand_disguise_placeholder.png_mwidth_2__mheight_4.4bpp -mwidth 2 -mheight 4
tools/gbagfx/gbagfx.exe graphics/field_effects/pics/sand_footprints.png build/assets/graphics/field_effects/pics/sand_footprints.png_mwidth_2__mheight_2.4bpp -mwidth 2 -mheight 2
tools/gbagfx/gbagfx.exe graphics/field_effects/pics/sand_pile.png build/assets/graphics/field_effects/pics/sand_pile.png_mwidth_2__mheight_1.4bpp -mwidth 2 -mheight 1
tools/gbagfx/gbagfx.exe graphics/field_effects/pics/shadow_extra_large.png build/assets/graphics/field_effects/pics/shadow_extra_large.png.4bpp 
tools/gbagfx/gbagfx.exe graphics/field_effects/pics/shadow_large.png build/assets/graphics/field_effects/pics/shadow_large.png.4bpp 
tools/gbagfx/gbagfx.exe graphics/field_effects/pics/shadow_medium.png build/assets/graphics/field_effects/pics/shadow_medium.png.4bpp 
tools/gbagfx/gbagfx.exe graphics/field_effects/pics/shadow_small.png build/assets/graphics/field_effects/pics/shadow_small.png.4bpp 
tools/gbagfx/gbagfx.exe graphics/field_effects/pics/shiny_sparkle.png build/assets/graphics/field_effects/pics/shiny_sparkle.png_mwidth_2__mheight_4.4bpp -mwidth 2 -mheight 4
tools/gbagfx/gbagfx.exe graphics/field_effects/pics/short_grass.png build/assets/graphics/field_effects/pics/short_grass.png_mwidth_2__mheight_2.4bpp -mwidth 2 -mheight 2
libpng warning: bKGD: invalid index
tools/gbagfx/gbagfx.exe graphics/field_effects/pics/slither_tracks.png build/assets/graphics/field_effects/pics/slither_tracks.png_mwidth_2__mheight_2.4bpp -mwidth 2 -mheight 2
tools/gbagfx/gbagfx.exe graphics/field_effects/pics/small_sparkle.png build/assets/graphics/field_effects/pics/small_sparkle.png_mwidth_2__mheight_2.4bpp -mwidth 2 -mheight 2
libpng warning: bKGD: invalid index
tools/gbagfx/gbagfx.exe graphics/field_effects/pics/sparkle.png build/assets/graphics/field_effects/pics/sparkle.png_mwidth_2__mheight_2.4bpp -mwidth 2 -mheight 2
tools/gbagfx/gbagfx.exe graphics/field_effects/pics/splash.png build/assets/graphics/field_effects/pics/splash.png.4bpp 
tools/gbagfx/gbagfx.exe graphics/field_effects/pics/spot_tracks.png build/assets/graphics/field_effects/pics/spot_tracks.png_mwidth_2__mheight_2.4bpp -mwidth 2 -mheight 2
libpng warning: bKGD: invalid index
tools/gbagfx/gbagfx.exe graphics/field_effects/pics/surf_blob.png build/assets/graphics/field_effects/pics/surf_blob.png_mwidth_4__mheight_4.4bpp -mwidth 4 -mheight 4
tools/gbagfx/gbagfx.exe graphics/field_effects/pics/tall_grass.png build/assets/graphics/field_effects/pics/tall_grass.png_mwidth_2__mheight_2.4bpp -mwidth 2 -mheight 2
tools/gbagfx/gbagfx.exe graphics/field_effects/pics/tree_disguise.png build/assets/graphics/field_effects/pics/tree_disguise.png_mwidth_2__mheight_4.4bpp -mwidth 2 -mheight 4
tools/gbagfx/gbagfx.exe graphics/field_effects/pics/unknown_17.png build/assets/graphics/field_effects/pics/unknown_17.png_mwidth_2__mheight_2.4bpp -mwidth 2 -mheight 2
tools/gbagfx/gbagfx.exe graphics/field_effects/pics/unused_grass_2.png build/assets/graphics/field_effects/pics/unused_grass_2.png_mwidth_2__mheight_2.4bpp -mwidth 2 -mheight 2
tools/gbagfx/gbagfx.exe graphics/field_effects/pics/unused_grass_3.png build/assets/graphics/field_effects/pics/unused_grass_3.png_mwidth_2__mheight_2.4bpp -mwidth 2 -mheight 2
tools/gbagfx/gbagfx.exe graphics/field_effects/pics/unused_sand.png build/assets/graphics/field_effects/pics/unused_sand.png_mwidth_2__mheight_2.4bpp -mwidth 2 -mheight 2
tools/gbagfx/gbagfx.exe graphics/field_effects/pics/water_surfacing.png build/assets/graphics/field_effects/pics/water_surfacing.png_mwidth_2__mheight_2.4bpp -mwidth 2 -mheight 2
tools/gbagfx/gbagfx.exe graphics/misc/emotes.pal build/assets/graphics/misc/emotes.pal.gbapal 
tools/gbagfx/gbagfx.exe graphics/object_events/palettes/birth_island_stone.pal build/assets/graphics/object_events/palettes/birth_island_stone.pal.gbapal 
tools/gbagfx/gbagfx.exe graphics/object_events/palettes/brendan.pal build/assets/graphics/object_events/palettes/brendan.pal.gbapal 
tools/gbagfx/gbagfx.exe graphics/object_events/palettes/brendan_reflection.pal build/assets/graphics/object_events/palettes/brendan_reflection.pal.gbapal 
tools/gbagfx/gbagfx.exe graphics/object_events/palettes/bridge_reflection.pal build/assets/graphics/object_events/palettes/bridge_reflection.pal.gbapal 
tools/gbagfx/gbagfx.exe graphics/object_events/palettes/cable_car.pal build/assets/graphics/object_events/palettes/cable_car.pal.gbapal 
tools/gbagfx/gbagfx.exe graphics/object_events/palettes/deoxys.pal build/assets/graphics/object_events/palettes/deoxys.pal.gbapal 
tools/gbagfx/gbagfx.exe graphics/object_events/palettes/enemy_zigzagoon.pal build/assets/graphics/object_events/palettes/enemy_zigzagoon.pal.gbapal 
tools/gbagfx/gbagfx.exe graphics/object_events/palettes/groudon.pal build/assets/graphics/object_events/palettes/groudon.pal.gbapal 
tools/gbagfx/gbagfx.exe graphics/object_events/palettes/groudon_reflection.pal build/assets/graphics/object_events/palettes/groudon_reflection.pal.gbapal 
tools/gbagfx/gbagfx.exe graphics/object_events/palettes/ho_oh.pal build/assets/graphics/object_events/palettes/ho_oh.pal.gbapal 
tools/gbagfx/gbagfx.exe graphics/object_events/palettes/kyogre.pal build/assets/graphics/object_events/palettes/kyogre.pal.gbapal 
tools/gbagfx/gbagfx.exe graphics/object_events/palettes/kyogre_reflection.pal build/assets/graphics/object_events/palettes/kyogre_reflection.pal.gbapal 
tools/gbagfx/gbagfx.exe graphics/object_events/palettes/light2.pal build/assets/graphics/object_events/palettes/light2.pal.gbapal 
tools/gbagfx/gbagfx.exe graphics/object_events/palettes/light.pal build/assets/graphics/object_events/palettes/light.pal.gbapal 
tools/gbagfx/gbagfx.exe graphics/object_events/palettes/may.pal build/assets/graphics/object_events/palettes/may.pal.gbapal 
tools/gbagfx/gbagfx.exe graphics/object_events/palettes/lugia.pal build/assets/graphics/object_events/palettes/lugia.pal.gbapal 
tools/gbagfx/gbagfx.exe graphics/object_events/palettes/may_reflection.pal build/assets/graphics/object_events/palettes/may_reflection.pal.gbapal 
tools/gbagfx/gbagfx.exe graphics/object_events/palettes/meteorite.pal build/assets/graphics/object_events/palettes/meteorite.pal.gbapal 
tools/gbagfx/gbagfx.exe graphics/object_events/palettes/neon_light.pal build/assets/graphics/object_events/palettes/neon_light.pal.gbapal 
tools/gbagfx/gbagfx.exe graphics/object_events/palettes/moving_box.pal build/assets/graphics/object_events/palettes/moving_box.pal.gbapal 
tools/gbagfx/gbagfx.exe graphics/object_events/palettes/npc_1_reflection.pal build/assets/graphics/object_events/palettes/npc_1_reflection.pal.gbapal 
tools/gbagfx/gbagfx.exe graphics/object_events/palettes/npc_1.pal build/assets/graphics/object_events/palettes/npc_1.pal.gbapal 
tools/gbagfx/gbagfx.exe graphics/object_events/palettes/npc_2.pal build/assets/graphics/object_events/palettes/npc_2.pal.gbapal 
tools/gbagfx/gbagfx.exe graphics/object_events/palettes/npc_2_reflection.pal build/assets/graphics/object_events/palettes/npc_2_reflection.pal.gbapal 
tools/gbagfx/gbagfx.exe graphics/object_events/palettes/npc_3.pal build/assets/graphics/object_events/palettes/npc_3.pal.gbapal 
tools/gbagfx/gbagfx.exe graphics/object_events/palettes/npc_3_reflection.pal build/assets/graphics/object_events/palettes/npc_3_reflection.pal.gbapal 
tools/gbagfx/gbagfx.exe graphics/object_events/palettes/npc_4.pal build/assets/graphics/object_events/palettes/npc_4.pal.gbapal 
tools/gbagfx/gbagfx.exe graphics/object_events/palettes/npc_4_reflection.pal build/assets/graphics/object_events/palettes/npc_4_reflection.pal.gbapal 
tools/gbagfx/gbagfx.exe graphics/object_events/palettes/npc_blue.pal build/assets/graphics/object_events/palettes/npc_blue.pal.gbapal 
tools/gbagfx/gbagfx.exe graphics/object_events/palettes/npc_blue_reflection.pal build/assets/graphics/object_events/palettes/npc_blue_reflection.pal.gbapal 
tools/gbagfx/gbagfx.exe graphics/object_events/palettes/npc_green.pal build/assets/graphics/object_events/palettes/npc_green.pal.gbapal 
tools/gbagfx/gbagfx.exe graphics/object_events/palettes/npc_green_reflection.pal build/assets/graphics/object_events/palettes/npc_green_reflection.pal.gbapal 
tools/gbagfx/gbagfx.exe graphics/object_events/palettes/npc_pink.pal build/assets/graphics/object_events/palettes/npc_pink.pal.gbapal 
tools/gbagfx/gbagfx.exe graphics/object_events/palettes/npc_pink_reflection.pal build/assets/graphics/object_events/palettes/npc_pink_reflection.pal.gbapal 
tools/gbagfx/gbagfx.exe graphics/object_events/palettes/npc_white.pal build/assets/graphics/object_events/palettes/npc_white.pal.gbapal 
tools/gbagfx/gbagfx.exe graphics/object_events/palettes/npc_white_reflection.pal build/assets/graphics/object_events/palettes/npc_white_reflection.pal.gbapal 
tools/gbagfx/gbagfx.exe graphics/object_events/palettes/player_frlg.pal build/assets/graphics/object_events/palettes/player_frlg.pal.gbapal 
tools/gbagfx/gbagfx.exe graphics/object_events/palettes/player_reflection_frlg.pal build/assets/graphics/object_events/palettes/player_reflection_frlg.pal.gbapal 
tools/gbagfx/gbagfx.exe graphics/object_events/palettes/player_underwater.pal build/assets/graphics/object_events/palettes/player_underwater.pal.gbapal 
tools/gbagfx/gbagfx.exe graphics/object_events/palettes/poochyena.pal build/assets/graphics/object_events/palettes/poochyena.pal.gbapal 
tools/gbagfx/gbagfx.exe graphics/object_events/palettes/quinty_plump.pal build/assets/graphics/object_events/palettes/quinty_plump.pal.gbapal 
tools/gbagfx/gbagfx.exe graphics/object_events/palettes/quinty_plump_reflection.pal build/assets/graphics/object_events/palettes/quinty_plump_reflection.pal.gbapal 
tools/gbagfx/gbagfx.exe graphics/object_events/palettes/red_leaf.pal build/assets/graphics/object_events/palettes/red_leaf.pal.gbapal 
tools/gbagfx/gbagfx.exe graphics/object_events/palettes/ruby_sapphire_brendan.pal build/assets/graphics/object_events/palettes/ruby_sapphire_brendan.pal.gbapal 
tools/gbagfx/gbagfx.exe graphics/object_events/palettes/ruby_sapphire_may.pal build/assets/graphics/object_events/palettes/ruby_sapphire_may.pal.gbapal 
tools/gbagfx/gbagfx.exe graphics/object_events/palettes/seagallop.pal build/assets/graphics/object_events/palettes/seagallop.pal.gbapal 
tools/gbagfx/gbagfx.exe graphics/object_events/palettes/ss_anne.pal build/assets/graphics/object_events/palettes/ss_anne.pal.gbapal 
tools/gbagfx/gbagfx.exe graphics/object_events/palettes/submarine_shadow.pal build/assets/graphics/object_events/palettes/submarine_shadow.pal.gbapal 
tools/gbagfx/gbagfx.exe graphics/object_events/palettes/ss_tidal.pal build/assets/graphics/object_events/palettes/ss_tidal.pal.gbapal 
tools/gbagfx/gbagfx.exe graphics/object_events/palettes/truck.pal build/assets/graphics/object_events/palettes/truck.pal.gbapal 
tools/gbagfx/gbagfx.exe graphics/object_events/palettes/unused_palette.pal build/assets/graphics/object_events/palettes/unused_palette.pal.gbapal 
tools/gbagfx/gbagfx.exe graphics/object_events/pics/berry_trees/aguav.png build/assets/graphics/object_events/pics/berry_trees/aguav.png_mwidth_2__mheight_4.4bpp -mwidth 2 -mheight 4
tools/gbagfx/gbagfx.exe graphics/object_events/palettes/vigoroth.pal build/assets/graphics/object_events/palettes/vigoroth.pal.gbapal 
tools/gbagfx/gbagfx.exe graphics/object_events/pics/berry_trees/aspear.png build/assets/graphics/object_events/pics/berry_trees/aspear.png_mwidth_2__mheight_4.4bpp -mwidth 2 -mheight 4
tools/gbagfx/gbagfx.exe graphics/object_events/pics/berry_trees/cheri.png build/assets/graphics/object_events/pics/berry_trees/cheri.png_mwidth_2__mheight_4.4bpp -mwidth 2 -mheight 4
tools/gbagfx/gbagfx.exe graphics/object_events/pics/berry_trees/chesto.png build/assets/graphics/object_events/pics/berry_trees/chesto.png_mwidth_2__mheight_4.4bpp -mwidth 2 -mheight 4
tools/gbagfx/gbagfx.exe graphics/object_events/pics/berry_trees/chople.png build/assets/graphics/object_events/pics/berry_trees/chople.png_mwidth_2__mheight_4.4bpp -mwidth 2 -mheight 4
tools/gbagfx/gbagfx.exe graphics/object_events/pics/berry_trees/colbur.png build/assets/graphics/object_events/pics/berry_trees/colbur.png_mwidth_2__mheight_4.4bpp -mwidth 2 -mheight 4
tools/gbagfx/gbagfx.exe graphics/object_events/pics/berry_trees/cornn.png build/assets/graphics/object_events/pics/berry_trees/cornn.png_mwidth_2__mheight_4.4bpp -mwidth 2 -mheight 4
tools/gbagfx/gbagfx.exe graphics/object_events/pics/berry_trees/custap.png build/assets/graphics/object_events/pics/berry_trees/custap.png_mwidth_2__mheight_4.4bpp -mwidth 2 -mheight 4
tools/gbagfx/gbagfx.exe graphics/object_events/pics/berry_trees/dirt_pile.png build/assets/graphics/object_events/pics/berry_trees/dirt_pile.png.4bpp 
tools/gbagfx/gbagfx.exe graphics/object_events/pics/berry_trees/durin.png build/assets/graphics/object_events/pics/berry_trees/durin.png_mwidth_2__mheight_4.4bpp -mwidth 2 -mheight 4
tools/gbagfx/gbagfx.exe graphics/object_events/pics/berry_trees/grepa.png build/assets/graphics/object_events/pics/berry_trees/grepa.png_mwidth_2__mheight_4.4bpp -mwidth 2 -mheight 4
tools/gbagfx/gbagfx.exe graphics/object_events/pics/berry_trees/figy.png build/assets/graphics/object_events/pics/berry_trees/figy.png_mwidth_2__mheight_4.4bpp -mwidth 2 -mheight 4
tools/gbagfx/gbagfx.exe graphics/object_events/pics/berry_trees/haban.png build/assets/graphics/object_events/pics/berry_trees/haban.png_mwidth_2__mheight_4.4bpp -mwidth 2 -mheight 4
tools/gbagfx/gbagfx.exe graphics/object_events/pics/berry_trees/hondew.png build/assets/graphics/object_events/pics/berry_trees/hondew.png_mwidth_2__mheight_4.4bpp -mwidth 2 -mheight 4
tools/gbagfx/gbagfx.exe graphics/object_events/pics/berry_trees/iapapa.png build/assets/graphics/object_events/pics/berry_trees/iapapa.png_mwidth_2__mheight_4.4bpp -mwidth 2 -mheight 4
tools/gbagfx/gbagfx.exe graphics/object_events/pics/berry_trees/jaboca.png build/assets/graphics/object_events/pics/berry_trees/jaboca.png_mwidth_2__mheight_4.4bpp -mwidth 2 -mheight 4
tools/gbagfx/gbagfx.exe graphics/object_events/pics/berry_trees/kasib.png build/assets/graphics/object_events/pics/berry_trees/kasib.png_mwidth_2__mheight_4.4bpp -mwidth 2 -mheight 4
tools/gbagfx/gbagfx.exe graphics/object_events/pics/berry_trees/kebia.png build/assets/graphics/object_events/pics/berry_trees/kebia.png_mwidth_2__mheight_4.4bpp -mwidth 2 -mheight 4
tools/gbagfx/gbagfx.exe graphics/object_events/pics/berry_trees/kelpsy.png build/assets/graphics/object_events/pics/berry_trees/kelpsy.png_mwidth_2__mheight_4.4bpp -mwidth 2 -mheight 4
tools/gbagfx/gbagfx.exe graphics/object_events/pics/berry_trees/lansat.png build/assets/graphics/object_events/pics/berry_trees/lansat.png_mwidth_2__mheight_4.4bpp -mwidth 2 -mheight 4
tools/gbagfx/gbagfx.exe graphics/object_events/pics/berry_trees/leppa.png build/assets/graphics/object_events/pics/berry_trees/leppa.png_mwidth_2__mheight_4.4bpp -mwidth 2 -mheight 4
tools/gbagfx/gbagfx.exe graphics/object_events/pics/berry_trees/liechi.png build/assets/graphics/object_events/pics/berry_trees/liechi.png_mwidth_2__mheight_4.4bpp -mwidth 2 -mheight 4
tools/gbagfx/gbagfx.exe graphics/object_events/pics/berry_trees/lum.png build/assets/graphics/object_events/pics/berry_trees/lum.png_mwidth_2__mheight_4.4bpp -mwidth 2 -mheight 4
tools/gbagfx/gbagfx.exe graphics/object_events/pics/berry_trees/mago.png build/assets/graphics/object_events/pics/berry_trees/mago.png_mwidth_2__mheight_4.4bpp -mwidth 2 -mheight 4
tools/gbagfx/gbagfx.exe graphics/object_events/pics/berry_trees/micle.png build/assets/graphics/object_events/pics/berry_trees/micle.png_mwidth_2__mheight_4.4bpp -mwidth 2 -mheight 4
tools/gbagfx/gbagfx.exe graphics/object_events/pics/berry_trees/nomel.png build/assets/graphics/object_events/pics/berry_trees/nomel.png_mwidth_2__mheight_4.4bpp -mwidth 2 -mheight 4
tools/gbagfx/gbagfx.exe graphics/object_events/pics/berry_trees/occa.png build/assets/graphics/object_events/pics/berry_trees/occa.png_mwidth_2__mheight_4.4bpp -mwidth 2 -mheight 4
tools/gbagfx/gbagfx.exe graphics/object_events/pics/berry_trees/pamtre.png build/assets/graphics/object_events/pics/berry_trees/pamtre.png_mwidth_2__mheight_4.4bpp -mwidth 2 -mheight 4
tools/gbagfx/gbagfx.exe graphics/object_events/pics/berry_trees/oran.png build/assets/graphics/object_events/pics/berry_trees/oran.png_mwidth_2__mheight_4.4bpp -mwidth 2 -mheight 4
tools/gbagfx/gbagfx.exe graphics/object_events/pics/berry_trees/pecha.png build/assets/graphics/object_events/pics/berry_trees/pecha.png_mwidth_2__mheight_4.4bpp -mwidth 2 -mheight 4
tools/gbagfx/gbagfx.exe graphics/object_events/pics/berry_trees/persim.png build/assets/graphics/object_events/pics/berry_trees/persim.png_mwidth_2__mheight_4.4bpp -mwidth 2 -mheight 4
tools/gbagfx/gbagfx.exe graphics/object_events/pics/berry_trees/payapa.png build/assets/graphics/object_events/pics/berry_trees/payapa.png_mwidth_2__mheight_4.4bpp -mwidth 2 -mheight 4
tools/gbagfx/gbagfx.exe graphics/object_events/pics/berry_trees/pomeg.png build/assets/graphics/object_events/pics/berry_trees/pomeg.png_mwidth_2__mheight_4.4bpp -mwidth 2 -mheight 4
tools/gbagfx/gbagfx.exe graphics/object_events/pics/berry_trees/rawst.png build/assets/graphics/object_events/pics/berry_trees/rawst.png_mwidth_2__mheight_4.4bpp -mwidth 2 -mheight 4
tools/gbagfx/gbagfx.exe graphics/object_events/pics/berry_trees/rabuta.png build/assets/graphics/object_events/pics/berry_trees/rabuta.png_mwidth_2__mheight_4.4bpp -mwidth 2 -mheight 4
tools/gbagfx/gbagfx.exe graphics/object_events/pics/berry_trees/razz.png build/assets/graphics/object_events/pics/berry_trees/razz.png_mwidth_2__mheight_4.4bpp -mwidth 2 -mheight 4
tools/gbagfx/gbagfx.exe graphics/object_events/pics/berry_trees/roseli.png build/assets/graphics/object_events/pics/berry_trees/roseli.png_mwidth_2__mheight_4.4bpp -mwidth 2 -mheight 4
tools/gbagfx/gbagfx.exe graphics/object_events/pics/berry_trees/rowap.png build/assets/graphics/object_events/pics/berry_trees/rowap.png_mwidth_2__mheight_4.4bpp -mwidth 2 -mheight 4
tools/gbagfx/gbagfx.exe graphics/object_events/pics/berry_trees/shuca.png build/assets/graphics/object_events/pics/berry_trees/shuca.png_mwidth_2__mheight_4.4bpp -mwidth 2 -mheight 4
tools/gbagfx/gbagfx.exe graphics/object_events/pics/berry_trees/sitrus.png build/assets/graphics/object_events/pics/berry_trees/sitrus.png_mwidth_2__mheight_4.4bpp -mwidth 2 -mheight 4
tools/gbagfx/gbagfx.exe graphics/object_events/pics/berry_trees/spelon.png build/assets/graphics/object_events/pics/berry_trees/spelon.png_mwidth_2__mheight_4.4bpp -mwidth 2 -mheight 4
tools/gbagfx/gbagfx.exe graphics/object_events/pics/berry_trees/sprout.png build/assets/graphics/object_events/pics/berry_trees/sprout.png_mwidth_2__mheight_2.4bpp -mwidth 2 -mheight 2
tools/gbagfx/gbagfx.exe graphics/object_events/pics/berry_trees/tamato.png build/assets/graphics/object_events/pics/berry_trees/tamato.png_mwidth_2__mheight_4.4bpp -mwidth 2 -mheight 4
tools/gbagfx/gbagfx.exe graphics/object_events/pics/berry_trees/tanga.png build/assets/graphics/object_events/pics/berry_trees/tanga.png_mwidth_2__mheight_4.4bpp -mwidth 2 -mheight 4
tools/gbagfx/gbagfx.exe graphics/object_events/pics/berry_trees/wepear.png build/assets/graphics/object_events/pics/berry_trees/wepear.png_mwidth_2__mheight_4.4bpp -mwidth 2 -mheight 4
tools/gbagfx/gbagfx.exe graphics/object_events/pics/berry_trees/wiki.png build/assets/graphics/object_events/pics/berry_trees/wiki.png_mwidth_2__mheight_4.4bpp -mwidth 2 -mheight 4
tools/gbagfx/gbagfx.exe graphics/object_events/pics/berry_trees/yache.png build/assets/graphics/object_events/pics/berry_trees/yache.png_mwidth_2__mheight_4.4bpp -mwidth 2 -mheight 4
tools/gbagfx/gbagfx.exe graphics/object_events/pics/cushions/diamond_cushion.png build/assets/graphics/object_events/pics/cushions/diamond_cushion.png.4bpp 
tools/gbagfx/gbagfx.exe graphics/object_events/pics/cushions/ball_cushion.png build/assets/graphics/object_events/pics/cushions/ball_cushion.png.4bpp 
tools/gbagfx/gbagfx.exe graphics/object_events/pics/cushions/fire_cushion.png build/assets/graphics/object_events/pics/cushions/fire_cushion.png.4bpp 
tools/gbagfx/gbagfx.exe graphics/object_events/pics/cushions/grass_cushion.png build/assets/graphics/object_events/pics/cushions/grass_cushion.png.4bpp 
tools/gbagfx/gbagfx.exe graphics/object_events/pics/cushions/kiss_cushion.png build/assets/graphics/object_events/pics/cushions/kiss_cushion.png.4bpp 
tools/gbagfx/gbagfx.exe graphics/object_events/pics/cushions/pika_cushion.png build/assets/graphics/object_events/pics/cushions/pika_cushion.png.4bpp 
tools/gbagfx/gbagfx.exe graphics/object_events/pics/cushions/round_cushion.png build/assets/graphics/object_events/pics/cushions/round_cushion.png.4bpp 
tools/gbagfx/gbagfx.exe graphics/object_events/pics/cushions/spin_cushion.png build/assets/graphics/object_events/pics/cushions/spin_cushion.png.4bpp 
tools/gbagfx/gbagfx.exe graphics/object_events/pics/cushions/water_cushion.png build/assets/graphics/object_events/pics/cushions/water_cushion.png.4bpp 
tools/gbagfx/gbagfx.exe graphics/object_events/pics/cushions/zigzag_cushion.png build/assets/graphics/object_events/pics/cushions/zigzag_cushion.png.4bpp 
tools/gbagfx/gbagfx.exe graphics/object_events/pics/dolls/baltoy_doll.png build/assets/graphics/object_events/pics/dolls/baltoy_doll.png.4bpp 
tools/gbagfx/gbagfx.exe graphics/object_events/pics/dolls/big_blastoise_doll.png build/assets/graphics/object_events/pics/dolls/big_blastoise_doll.png.4bpp 
tools/gbagfx/gbagfx.exe graphics/object_events/pics/dolls/azurill_doll.png build/assets/graphics/object_events/pics/dolls/azurill_doll.png.4bpp 
tools/gbagfx/gbagfx.exe graphics/object_events/pics/dolls/big_charizard_doll.png build/assets/graphics/object_events/pics/dolls/big_charizard_doll.png.4bpp 
tools/gbagfx/gbagfx.exe graphics/object_events/pics/dolls/big_lapras_doll.png build/assets/graphics/object_events/pics/dolls/big_lapras_doll.png.4bpp 
tools/gbagfx/gbagfx.exe graphics/object_events/pics/dolls/big_regice_doll.png build/assets/graphics/object_events/pics/dolls/big_regice_doll.png.4bpp 
tools/gbagfx/gbagfx.exe graphics/object_events/pics/dolls/big_regirock_doll.png build/assets/graphics/object_events/pics/dolls/big_regirock_doll.png.4bpp 
tools/gbagfx/gbagfx.exe graphics/object_events/pics/dolls/big_rhydon_doll.png build/assets/graphics/object_events/pics/dolls/big_rhydon_doll.png.4bpp 
tools/gbagfx/gbagfx.exe graphics/object_events/pics/dolls/big_registeel_doll.png build/assets/graphics/object_events/pics/dolls/big_registeel_doll.png.4bpp 
tools/gbagfx/gbagfx.exe graphics/object_events/pics/dolls/big_snorlax_doll.png build/assets/graphics/object_events/pics/dolls/big_snorlax_doll.png.4bpp 
tools/gbagfx/gbagfx.exe graphics/object_events/pics/dolls/big_venusaur_doll.png build/assets/graphics/object_events/pics/dolls/big_venusaur_doll.png.4bpp 
tools/gbagfx/gbagfx.exe graphics/object_events/pics/dolls/big_wailmer_doll.png build/assets/graphics/object_events/pics/dolls/big_wailmer_doll.png.4bpp 
tools/gbagfx/gbagfx.exe graphics/object_events/pics/dolls/chikorita_doll.png build/assets/graphics/object_events/pics/dolls/chikorita_doll.png.4bpp 
tools/gbagfx/gbagfx.exe graphics/object_events/pics/dolls/cyndaquil_doll.png build/assets/graphics/object_events/pics/dolls/cyndaquil_doll.png.4bpp 
tools/gbagfx/gbagfx.exe graphics/object_events/pics/dolls/clefairy_doll.png build/assets/graphics/object_events/pics/dolls/clefairy_doll.png.4bpp 
tools/gbagfx/gbagfx.exe graphics/object_events/pics/dolls/ditto_doll.png build/assets/graphics/object_events/pics/dolls/ditto_doll.png.4bpp 
tools/gbagfx/gbagfx.exe graphics/object_events/pics/dolls/duskull_doll.png build/assets/graphics/object_events/pics/dolls/duskull_doll.png.4bpp 
tools/gbagfx/gbagfx.exe graphics/object_events/pics/dolls/gulpin_doll.png build/assets/graphics/object_events/pics/dolls/gulpin_doll.png.4bpp 
tools/gbagfx/gbagfx.exe graphics/object_events/pics/dolls/kecleon_doll.png build/assets/graphics/object_events/pics/dolls/kecleon_doll.png.4bpp 
tools/gbagfx/gbagfx.exe graphics/object_events/pics/dolls/jigglypuff_doll.png build/assets/graphics/object_events/pics/dolls/jigglypuff_doll.png.4bpp 
tools/gbagfx/gbagfx.exe graphics/object_events/pics/dolls/lotad_doll.png build/assets/graphics/object_events/pics/dolls/lotad_doll.png.4bpp 
tools/gbagfx/gbagfx.exe graphics/object_events/pics/dolls/meowth_doll.png build/assets/graphics/object_events/pics/dolls/meowth_doll.png.4bpp 
tools/gbagfx/gbagfx.exe graphics/object_events/pics/dolls/marill_doll.png build/assets/graphics/object_events/pics/dolls/marill_doll.png.4bpp 
tools/gbagfx/gbagfx.exe graphics/object_events/pics/dolls/mudkip_doll.png build/assets/graphics/object_events/pics/dolls/mudkip_doll.png.4bpp 
tools/gbagfx/gbagfx.exe graphics/object_events/pics/dolls/pichu_doll.png build/assets/graphics/object_events/pics/dolls/pichu_doll.png.4bpp 
tools/gbagfx/gbagfx.exe graphics/object_events/pics/dolls/pikachu_doll.png build/assets/graphics/object_events/pics/dolls/pikachu_doll.png.4bpp 
tools/gbagfx/gbagfx.exe graphics/object_events/pics/dolls/skitty_doll.png build/assets/graphics/object_events/pics/dolls/skitty_doll.png.4bpp 
tools/gbagfx/gbagfx.exe graphics/object_events/pics/dolls/seedot_doll.png build/assets/graphics/object_events/pics/dolls/seedot_doll.png.4bpp 
tools/gbagfx/gbagfx.exe graphics/object_events/pics/dolls/swablu_doll.png build/assets/graphics/object_events/pics/dolls/swablu_doll.png.4bpp 
tools/gbagfx/gbagfx.exe graphics/object_events/pics/dolls/togepi_doll.png build/assets/graphics/object_events/pics/dolls/togepi_doll.png.4bpp 
tools/gbagfx/gbagfx.exe graphics/object_events/pics/dolls/smoochum_doll.png build/assets/graphics/object_events/pics/dolls/smoochum_doll.png.4bpp 
tools/gbagfx/gbagfx.exe graphics/object_events/pics/dolls/torchic_doll.png build/assets/graphics/object_events/pics/dolls/torchic_doll.png.4bpp 
tools/gbagfx/gbagfx.exe graphics/object_events/pics/dolls/totodile_doll.png build/assets/graphics/object_events/pics/dolls/totodile_doll.png.4bpp 
tools/gbagfx/gbagfx.exe graphics/object_events/pics/dolls/treecko_doll.png build/assets/graphics/object_events/pics/dolls/treecko_doll.png.4bpp 
tools/gbagfx/gbagfx.exe graphics/object_events/pics/dolls/unused_magnemite_doll.png build/assets/graphics/object_events/pics/dolls/unused_magnemite_doll.png.4bpp 
tools/gbagfx/gbagfx.exe graphics/object_events/pics/dolls/unused_natu_doll.png build/assets/graphics/object_events/pics/dolls/unused_natu_doll.png.4bpp 
tools/gbagfx/gbagfx.exe graphics/object_events/pics/dolls/unused_pikachu_doll.png build/assets/graphics/object_events/pics/dolls/unused_pikachu_doll.png.4bpp 
tools/gbagfx/gbagfx.exe graphics/object_events/pics/dolls/unused_porygon2_doll.png build/assets/graphics/object_events/pics/dolls/unused_porygon2_doll.png.4bpp 
tools/gbagfx/gbagfx.exe graphics/object_events/pics/dolls/unused_squirtle_doll.png build/assets/graphics/object_events/pics/dolls/unused_squirtle_doll.png.4bpp 
tools/gbagfx/gbagfx.exe graphics/object_events/pics/dolls/unused_wooper_doll.png build/assets/graphics/object_events/pics/dolls/unused_wooper_doll.png.4bpp 
tools/gbagfx/gbagfx.exe graphics/object_events/pics/dolls/wynaut_doll.png build/assets/graphics/object_events/pics/dolls/wynaut_doll.png.4bpp 
tools/gbagfx/gbagfx.exe graphics/object_events/pics/misc/apricorn_tree.png build/assets/graphics/object_events/pics/misc/apricorn_tree.png_mwidth_2__mheight_2.4bpp -mwidth 2 -mheight 2
tools/gbagfx/gbagfx.exe graphics/object_events/pics/misc/ball_beast.png build/assets/graphics/object_events/pics/misc/ball_beast.png.gbapal 
tools/gbagfx/gbagfx.exe graphics/object_events/pics/misc/ball_beast.png build/assets/graphics/object_events/pics/misc/ball_beast.png_mwidth_2__mheight_4.4bpp -mwidth 2 -mheight 4
tools/gbagfx/gbagfx.exe graphics/object_events/pics/misc/ball_cherish.png build/assets/graphics/object_events/pics/misc/ball_cherish.png.gbapal 
tools/gbagfx/gbagfx.exe graphics/object_events/pics/misc/ball_cherish.png build/assets/graphics/object_events/pics/misc/ball_cherish.png_mwidth_2__mheight_4.4bpp -mwidth 2 -mheight 4
tools/gbagfx/gbagfx.exe graphics/object_events/pics/misc/ball_dive.png build/assets/graphics/object_events/pics/misc/ball_dive.png.gbapal 
tools/gbagfx/gbagfx.exe graphics/object_events/pics/misc/ball_dive.png build/assets/graphics/object_events/pics/misc/ball_dive.png_mwidth_2__mheight_4.4bpp -mwidth 2 -mheight 4
tools/gbagfx/gbagfx.exe graphics/object_events/pics/misc/ball_dream.png build/assets/graphics/object_events/pics/misc/ball_dream.png.gbapal 
tools/gbagfx/gbagfx.exe graphics/object_events/pics/misc/ball_dream.png build/assets/graphics/object_events/pics/misc/ball_dream.png_mwidth_2__mheight_4.4bpp -mwidth 2 -mheight 4
tools/gbagfx/gbagfx.exe graphics/object_events/pics/misc/ball_dusk.png build/assets/graphics/object_events/pics/misc/ball_dusk.png.gbapal 
tools/gbagfx/gbagfx.exe graphics/object_events/pics/misc/ball_dusk.png build/assets/graphics/object_events/pics/misc/ball_dusk.png_mwidth_2__mheight_4.4bpp -mwidth 2 -mheight 4
tools/gbagfx/gbagfx.exe graphics/object_events/pics/misc/ball_fast.png build/assets/graphics/object_events/pics/misc/ball_fast.png.gbapal 
tools/gbagfx/gbagfx.exe graphics/object_events/pics/misc/ball_fast.png build/assets/graphics/object_events/pics/misc/ball_fast.png_mwidth_2__mheight_4.4bpp -mwidth 2 -mheight 4
tools/gbagfx/gbagfx.exe graphics/object_events/pics/misc/ball_friend.png build/assets/graphics/object_events/pics/misc/ball_friend.png.gbapal 
tools/gbagfx/gbagfx.exe graphics/object_events/pics/misc/ball_friend.png build/assets/graphics/object_events/pics/misc/ball_friend.png_mwidth_2__mheight_4.4bpp -mwidth 2 -mheight 4
tools/gbagfx/gbagfx.exe graphics/object_events/pics/misc/ball_great.png build/assets/graphics/object_events/pics/misc/ball_great.png.gbapal 
tools/gbagfx/gbagfx.exe graphics/object_events/pics/misc/ball_great.png build/assets/graphics/object_events/pics/misc/ball_great.png_mwidth_2__mheight_4.4bpp -mwidth 2 -mheight 4
tools/gbagfx/gbagfx.exe graphics/object_events/pics/misc/ball_heal.png build/assets/graphics/object_events/pics/misc/ball_heal.png.gbapal 
tools/gbagfx/gbagfx.exe graphics/object_events/pics/misc/ball_heal.png build/assets/graphics/object_events/pics/misc/ball_heal.png_mwidth_2__mheight_4.4bpp -mwidth 2 -mheight 4
tools/gbagfx/gbagfx.exe graphics/object_events/pics/misc/ball_heavy.png build/assets/graphics/object_events/pics/misc/ball_heavy.png.gbapal 
tools/gbagfx/gbagfx.exe graphics/object_events/pics/misc/ball_heavy.png build/assets/graphics/object_events/pics/misc/ball_heavy.png_mwidth_2__mheight_4.4bpp -mwidth 2 -mheight 4
tools/gbagfx/gbagfx.exe graphics/object_events/pics/misc/ball_level.png build/assets/graphics/object_events/pics/misc/ball_level.png_mwidth_2__mheight_4.4bpp -mwidth 2 -mheight 4
tools/gbagfx/gbagfx.exe graphics/object_events/pics/misc/ball_level.png build/assets/graphics/object_events/pics/misc/ball_level.png.gbapal 
tools/gbagfx/gbagfx.exe graphics/object_events/pics/misc/ball_love.png build/assets/graphics/object_events/pics/misc/ball_love.png.gbapal 
tools/gbagfx/gbagfx.exe graphics/object_events/pics/misc/ball_love.png build/assets/graphics/object_events/pics/misc/ball_love.png_mwidth_2__mheight_4.4bpp -mwidth 2 -mheight 4
tools/gbagfx/gbagfx.exe graphics/object_events/pics/misc/ball_lure.png build/assets/graphics/object_events/pics/misc/ball_lure.png.gbapal 
tools/gbagfx/gbagfx.exe graphics/object_events/pics/misc/ball_lure.png build/assets/graphics/object_events/pics/misc/ball_lure.png_mwidth_2__mheight_4.4bpp -mwidth 2 -mheight 4
tools/gbagfx/gbagfx.exe graphics/object_events/pics/misc/ball_luxury.png build/assets/graphics/object_events/pics/misc/ball_luxury.png.gbapal 
tools/gbagfx/gbagfx.exe graphics/object_events/pics/misc/ball_luxury.png build/assets/graphics/object_events/pics/misc/ball_luxury.png_mwidth_2__mheight_4.4bpp -mwidth 2 -mheight 4
tools/gbagfx/gbagfx.exe graphics/object_events/pics/misc/ball_master.png build/assets/graphics/object_events/pics/misc/ball_master.png.gbapal 
tools/gbagfx/gbagfx.exe graphics/object_events/pics/misc/ball_master.png build/assets/graphics/object_events/pics/misc/ball_master.png_mwidth_2__mheight_4.4bpp -mwidth 2 -mheight 4
tools/gbagfx/gbagfx.exe graphics/object_events/pics/misc/ball_moon.png build/assets/graphics/object_events/pics/misc/ball_moon.png.gbapal 
tools/gbagfx/gbagfx.exe graphics/object_events/pics/misc/ball_moon.png build/assets/graphics/object_events/pics/misc/ball_moon.png_mwidth_2__mheight_4.4bpp -mwidth 2 -mheight 4
tools/gbagfx/gbagfx.exe graphics/object_events/pics/misc/ball_nest.png build/assets/graphics/object_events/pics/misc/ball_nest.png.gbapal 
tools/gbagfx/gbagfx.exe graphics/object_events/pics/misc/ball_nest.png build/assets/graphics/object_events/pics/misc/ball_nest.png_mwidth_2__mheight_4.4bpp -mwidth 2 -mheight 4
tools/gbagfx/gbagfx.exe graphics/object_events/pics/misc/ball_net.png build/assets/graphics/object_events/pics/misc/ball_net.png_mwidth_2__mheight_4.4bpp -mwidth 2 -mheight 4
tools/gbagfx/gbagfx.exe graphics/object_events/pics/misc/ball_net.png build/assets/graphics/object_events/pics/misc/ball_net.png.gbapal 
tools/gbagfx/gbagfx.exe graphics/object_events/pics/misc/ball_park.png build/assets/graphics/object_events/pics/misc/ball_park.png.gbapal 
tools/gbagfx/gbagfx.exe graphics/object_events/pics/misc/ball_park.png build/assets/graphics/object_events/pics/misc/ball_park.png_mwidth_2__mheight_4.4bpp -mwidth 2 -mheight 4
tools/gbagfx/gbagfx.exe graphics/object_events/pics/misc/ball_poke.png build/assets/graphics/object_events/pics/misc/ball_poke.png_mwidth_2__mheight_4.4bpp -mwidth 2 -mheight 4
tools/gbagfx/gbagfx.exe graphics/object_events/pics/misc/ball_premier.png build/assets/graphics/object_events/pics/misc/ball_premier.png.gbapal 
tools/gbagfx/gbagfx.exe graphics/object_events/pics/misc/ball_premier.png build/assets/graphics/object_events/pics/misc/ball_premier.png_mwidth_2__mheight_4.4bpp -mwidth 2 -mheight 4
tools/gbagfx/gbagfx.exe graphics/object_events/pics/misc/ball_quick.png build/assets/graphics/object_events/pics/misc/ball_quick.png.gbapal 
tools/gbagfx/gbagfx.exe graphics/object_events/pics/misc/ball_quick.png build/assets/graphics/object_events/pics/misc/ball_quick.png_mwidth_2__mheight_4.4bpp -mwidth 2 -mheight 4
tools/gbagfx/gbagfx.exe graphics/object_events/pics/misc/ball_repeat.png build/assets/graphics/object_events/pics/misc/ball_repeat.png.gbapal 
tools/gbagfx/gbagfx.exe graphics/object_events/pics/misc/ball_repeat.png build/assets/graphics/object_events/pics/misc/ball_repeat.png_mwidth_2__mheight_4.4bpp -mwidth 2 -mheight 4
tools/gbagfx/gbagfx.exe graphics/object_events/pics/misc/ball_safari.png build/assets/graphics/object_events/pics/misc/ball_safari.png.gbapal 
tools/gbagfx/gbagfx.exe graphics/object_events/pics/misc/ball_safari.png build/assets/graphics/object_events/pics/misc/ball_safari.png_mwidth_2__mheight_4.4bpp -mwidth 2 -mheight 4
tools/gbagfx/gbagfx.exe graphics/object_events/pics/misc/ball_sport.png build/assets/graphics/object_events/pics/misc/ball_sport.png.gbapal 
tools/gbagfx/gbagfx.exe graphics/object_events/pics/misc/ball_sport.png build/assets/graphics/object_events/pics/misc/ball_sport.png_mwidth_2__mheight_4.4bpp -mwidth 2 -mheight 4
tools/gbagfx/gbagfx.exe graphics/object_events/pics/misc/ball_strange.png build/assets/graphics/object_events/pics/misc/ball_strange.png.gbapal 
tools/gbagfx/gbagfx.exe graphics/object_events/pics/misc/ball_strange.png build/assets/graphics/object_events/pics/misc/ball_strange.png_mwidth_2__mheight_4.4bpp -mwidth 2 -mheight 4
tools/gbagfx/gbagfx.exe graphics/object_events/pics/misc/ball_timer.png build/assets/graphics/object_events/pics/misc/ball_timer.png.gbapal 
tools/gbagfx/gbagfx.exe graphics/object_events/pics/misc/ball_timer.png build/assets/graphics/object_events/pics/misc/ball_timer.png_mwidth_2__mheight_4.4bpp -mwidth 2 -mheight 4
tools/gbagfx/gbagfx.exe graphics/object_events/pics/misc/ball_ultra.png build/assets/graphics/object_events/pics/misc/ball_ultra.png.gbapal 
tools/gbagfx/gbagfx.exe graphics/object_events/pics/misc/birchs_bag.png build/assets/graphics/object_events/pics/misc/birchs_bag.png.4bpp 
tools/gbagfx/gbagfx.exe graphics/object_events/pics/misc/ball_ultra.png build/assets/graphics/object_events/pics/misc/ball_ultra.png_mwidth_2__mheight_4.4bpp -mwidth 2 -mheight 4
tools/gbagfx/gbagfx.exe graphics/object_events/pics/misc/birth_island_stone.png build/assets/graphics/object_events/pics/misc/birth_island_stone.png.4bpp 
tools/gbagfx/gbagfx.exe graphics/object_events/pics/misc/breakable_rock.png build/assets/graphics/object_events/pics/misc/breakable_rock.png_mwidth_2__mheight_2.4bpp -mwidth 2 -mheight 2
tools/gbagfx/gbagfx.exe graphics/object_events/pics/misc/birth_island_stone_frlg.png build/assets/graphics/object_events/pics/misc/birth_island_stone_frlg.png.4bpp 
tools/gbagfx/gbagfx.exe graphics/object_events/pics/misc/breakable_rock_frlg.png build/assets/graphics/object_events/pics/misc/breakable_rock_frlg.png_mwidth_2__mheight_2.4bpp -mwidth 2 -mheight 2
tools/gbagfx/gbagfx.exe graphics/object_events/pics/misc/cable_car.png build/assets/graphics/object_events/pics/misc/cable_car.png.4bpp 
tools/gbagfx/gbagfx.exe graphics/object_events/pics/misc/clipboard.png build/assets/graphics/object_events/pics/misc/clipboard.png.4bpp 
tools/gbagfx/gbagfx.exe graphics/object_events/pics/misc/cuttable_tree.png build/assets/graphics/object_events/pics/misc/cuttable_tree.png_mwidth_2__mheight_2.4bpp -mwidth 2 -mheight 2
tools/gbagfx/gbagfx.exe graphics/object_events/pics/misc/cuttable_tree_frlg.png build/assets/graphics/object_events/pics/misc/cuttable_tree_frlg.png_mwidth_2__mheight_2.4bpp -mwidth 2 -mheight 2
tools/gbagfx/gbagfx.exe graphics/object_events/pics/misc/fossil.png build/assets/graphics/object_events/pics/misc/fossil.png.4bpp 
tools/gbagfx/gbagfx.exe graphics/object_events/pics/misc/fossil_frlg.png build/assets/graphics/object_events/pics/misc/fossil_frlg.png.4bpp 
tools/gbagfx/gbagfx.exe graphics/object_events/pics/misc/gym_sign.png build/assets/graphics/object_events/pics/misc/gym_sign.png.4bpp 
tools/gbagfx/gbagfx.exe graphics/object_events/pics/misc/lapras_doll.png build/assets/graphics/object_events/pics/misc/lapras_doll.png.4bpp 
tools/gbagfx/gbagfx.exe graphics/object_events/pics/misc/light.png build/assets/graphics/object_events/pics/misc/light.png.4bpp 
tools/gbagfx/gbagfx.exe graphics/object_events/pics/misc/mart_light.png build/assets/graphics/object_events/pics/misc/mart_light.png.4bpp 
tools/gbagfx/gbagfx.exe graphics/object_events/pics/misc/moving_box.png build/assets/graphics/object_events/pics/misc/moving_box.png.4bpp 
tools/gbagfx/gbagfx.exe graphics/object_events/pics/misc/mr_brineys_boat.png build/assets/graphics/object_events/pics/misc/mr_brineys_boat.png_mwidth_4__mheight_4.4bpp -mwidth 4 -mheight 4
tools/gbagfx/gbagfx.exe graphics/object_events/pics/misc/old_amber.png build/assets/graphics/object_events/pics/misc/old_amber.png.4bpp 
tools/gbagfx/gbagfx.exe graphics/object_events/pics/misc/poke_center_light.png build/assets/graphics/object_events/pics/misc/poke_center_light.png.4bpp 
tools/gbagfx/gbagfx.exe graphics/object_events/pics/misc/pokedex.png build/assets/graphics/object_events/pics/misc/pokedex.png.4bpp 
tools/gbagfx/gbagfx.exe graphics/object_events/pics/misc/pushable_boulder.png build/assets/graphics/object_events/pics/misc/pushable_boulder.png.4bpp 
tools/gbagfx/gbagfx.exe graphics/object_events/pics/misc/pushable_boulder_frlg.png build/assets/graphics/object_events/pics/misc/pushable_boulder_frlg.png.4bpp 
tools/gbagfx/gbagfx.exe graphics/object_events/pics/misc/ruby.png build/assets/graphics/object_events/pics/misc/ruby.png.4bpp 
tools/gbagfx/gbagfx.exe graphics/object_events/pics/misc/sapphire.png build/assets/graphics/object_events/pics/misc/sapphire.png.4bpp 
tools/gbagfx/gbagfx.exe graphics/object_events/pics/misc/seagallop.png build/assets/graphics/object_events/pics/misc/seagallop.png.4bpp 
tools/gbagfx/gbagfx.exe graphics/object_events/pics/misc/sign.png build/assets/graphics/object_events/pics/misc/sign.png.4bpp 
tools/gbagfx/gbagfx.exe graphics/object_events/pics/misc/ss_anne.png build/assets/graphics/object_events/pics/misc/ss_anne.png_mwidth_8__mheight_4.4bpp -mwidth 8 -mheight 4
tools/gbagfx/gbagfx.exe graphics/object_events/pics/misc/ss_tidal.png build/assets/graphics/object_events/pics/misc/ss_tidal.png.4bpp 
tools/gbagfx/gbagfx.exe graphics/object_events/pics/misc/statue.png build/assets/graphics/object_events/pics/misc/statue.png.4bpp 
tools/gbagfx/gbagfx.exe graphics/object_events/pics/misc/submarine_shadow.png build/assets/graphics/object_events/pics/misc/submarine_shadow.png.4bpp 
tools/gbagfx/gbagfx.exe graphics/object_events/pics/misc/surf_blob.png build/assets/graphics/object_events/pics/misc/surf_blob.png_mwidth_4__mheight_4.4bpp -mwidth 4 -mheight 4
tools/gbagfx/gbagfx.exe graphics/object_events/pics/misc/town_map.png build/assets/graphics/object_events/pics/misc/town_map.png_mwidth_2__mheight_2.4bpp -mwidth 2 -mheight 2
tools/gbagfx/gbagfx.exe graphics/object_events/pics/misc/truck.png build/assets/graphics/object_events/pics/misc/truck.png.4bpp 
tools/gbagfx/gbagfx.exe graphics/object_events/pics/misc/wooden_sign.png build/assets/graphics/object_events/pics/misc/wooden_sign.png.4bpp 
tools/gbagfx/gbagfx.exe graphics/object_events/pics/people/agatha.png build/assets/graphics/object_events/pics/people/agatha.png_mwidth_2__mheight_4.4bpp -mwidth 2 -mheight 4
tools/gbagfx/gbagfx.exe graphics/object_events/pics/people/artist.png build/assets/graphics/object_events/pics/people/artist.png_mwidth_2__mheight_4.4bpp -mwidth 2 -mheight 4
tools/gbagfx/gbagfx.exe graphics/object_events/pics/people/balding_man.png build/assets/graphics/object_events/pics/people/balding_man.png_mwidth_2__mheight_4.4bpp -mwidth 2 -mheight 4
tools/gbagfx/gbagfx.exe graphics/object_events/pics/people/beauty.png build/assets/graphics/object_events/pics/people/beauty.png_mwidth_2__mheight_4.4bpp -mwidth 2 -mheight 4
tools/gbagfx/gbagfx.exe graphics/object_events/pics/people/beauty_frlg.png build/assets/graphics/object_events/pics/people/beauty_frlg.png_mwidth_2__mheight_4.4bpp -mwidth 2 -mheight 4
tools/gbagfx/gbagfx.exe graphics/object_events/pics/people/biker.png build/assets/graphics/object_events/pics/people/biker.png_mwidth_4__mheight_4.4bpp -mwidth 4 -mheight 4
tools/gbagfx/gbagfx.exe graphics/object_events/pics/people/black_belt.png build/assets/graphics/object_events/pics/people/black_belt.png_mwidth_2__mheight_4.4bpp -mwidth 2 -mheight 4
tools/gbagfx/gbagfx.exe graphics/object_events/pics/people/bill.png build/assets/graphics/object_events/pics/people/bill.png_mwidth_2__mheight_4.4bpp -mwidth 2 -mheight 4
tools/gbagfx/gbagfx.exe graphics/object_events/pics/people/black_belt_frlg.png build/assets/graphics/object_events/pics/people/black_belt_frlg.png_mwidth_2__mheight_4.4bpp -mwidth 2 -mheight 4
tools/gbagfx/gbagfx.exe graphics/object_events/pics/people/blaine.png build/assets/graphics/object_events/pics/people/blaine.png_mwidth_2__mheight_4.4bpp -mwidth 2 -mheight 4
tools/gbagfx/gbagfx.exe graphics/object_events/pics/people/blue.png build/assets/graphics/object_events/pics/people/blue.png_mwidth_2__mheight_4.4bpp -mwidth 2 -mheight 4
tools/gbagfx/gbagfx.exe graphics/object_events/pics/people/boy.png build/assets/graphics/object_events/pics/people/boy.png_mwidth_2__mheight_4.4bpp -mwidth 2 -mheight 4
tools/gbagfx/gbagfx.exe graphics/object_events/pics/people/boy_1.png build/assets/graphics/object_events/pics/people/boy_1.png_mwidth_2__mheight_4.4bpp -mwidth 2 -mheight 4
tools/gbagfx/gbagfx.exe graphics/object_events/pics/people/boy_2.png build/assets/graphics/object_events/pics/people/boy_2.png_mwidth_2__mheight_4.4bpp -mwidth 2 -mheight 4
tools/gbagfx/gbagfx.exe graphics/object_events/pics/people/boy_3.png build/assets/graphics/object_events/pics/people/boy_3.png_mwidth_2__mheight_4.4bpp -mwidth 2 -mheight 4
tools/gbagfx/gbagfx.exe graphics/object_events/pics/people/brendan/acro_bike.png build/assets/graphics/object_events/pics/people/brendan/acro_bike.png_mwidth_4__mheight_4.4bpp -mwidth 4 -mheight 4
tools/gbagfx/gbagfx.exe graphics/object_events/pics/people/brendan/decorating.png build/assets/graphics/object_events/pics/people/brendan/decorating.png.4bpp 
tools/gbagfx/gbagfx.exe graphics/object_events/pics/people/brendan/field_move.png build/assets/graphics/object_events/pics/people/brendan/field_move.png_mwidth_4__mheight_4.4bpp -mwidth 4 -mheight 4
tools/gbagfx/gbagfx.exe graphics/object_events/pics/people/brendan/fishing.png build/assets/graphics/object_events/pics/people/brendan/fishing.png_mwidth_4__mheight_4.4bpp -mwidth 4 -mheight 4
tools/gbagfx/gbagfx.exe graphics/object_events/pics/people/brendan/mach_bike.png build/assets/graphics/object_events/pics/people/brendan/mach_bike.png_mwidth_4__mheight_4.4bpp -mwidth 4 -mheight 4
tools/gbagfx/gbagfx.exe graphics/object_events/pics/people/brendan/surfing.png build/assets/graphics/object_events/pics/people/brendan/surfing.png_mwidth_4__mheight_4.4bpp -mwidth 4 -mheight 4
tools/gbagfx/gbagfx.exe graphics/object_events/pics/people/brendan/underwater.png build/assets/graphics/object_events/pics/people/brendan/underwater.png_mwidth_4__mheight_4.4bpp -mwidth 4 -mheight 4
tools/gbagfx/gbagfx.exe graphics/object_events/pics/people/brendan/watering.png build/assets/graphics/object_events/pics/people/brendan/watering.png_mwidth_4__mheight_4.4bpp -mwidth 4 -mheight 4
tools/gbagfx/gbagfx.exe graphics/object_events/pics/people/brock.png build/assets/graphics/object_events/pics/people/brock.png_mwidth_2__mheight_4.4bpp -mwidth 2 -mheight 4
tools/gbagfx/gbagfx.exe graphics/object_events/pics/people/bug_catcher.png build/assets/graphics/object_events/pics/people/bug_catcher.png_mwidth_2__mheight_4.4bpp -mwidth 2 -mheight 4
tools/gbagfx/gbagfx.exe graphics/object_events/pics/people/bruno.png build/assets/graphics/object_events/pics/people/bruno.png_mwidth_2__mheight_4.4bpp -mwidth 2 -mheight 4
tools/gbagfx/gbagfx.exe graphics/object_events/pics/people/bug_catcher_frlg.png build/assets/graphics/object_events/pics/people/bug_catcher_frlg.png_mwidth_2__mheight_4.4bpp -mwidth 2 -mheight 4
tools/gbagfx/gbagfx.exe graphics/object_events/pics/people/cable_club_receptionist.png build/assets/graphics/object_events/pics/people/cable_club_receptionist.png_mwidth_2__mheight_4.4bpp -mwidth 2 -mheight 4
tools/gbagfx/gbagfx.exe graphics/object_events/pics/people/cameraman.png build/assets/graphics/object_events/pics/people/cameraman.png_mwidth_2__mheight_4.4bpp -mwidth 2 -mheight 4
tools/gbagfx/gbagfx.exe graphics/object_events/pics/people/camper.png build/assets/graphics/object_events/pics/people/camper.png_mwidth_2__mheight_4.4bpp -mwidth 2 -mheight 4
tools/gbagfx/gbagfx.exe graphics/object_events/pics/people/camper_frlg.png build/assets/graphics/object_events/pics/people/camper_frlg.png_mwidth_2__mheight_4.4bpp -mwidth 2 -mheight 4
tools/gbagfx/gbagfx.exe graphics/object_events/pics/people/captain.png build/assets/graphics/object_events/pics/people/captain.png_mwidth_2__mheight_4.4bpp -mwidth 2 -mheight 4
tools/gbagfx/gbagfx.exe graphics/object_events/pics/people/channeler.png build/assets/graphics/object_events/pics/people/channeler.png_mwidth_2__mheight_4.4bpp -mwidth 2 -mheight 4
tools/gbagfx/gbagfx.exe graphics/object_events/pics/people/celio.png build/assets/graphics/object_events/pics/people/celio.png_mwidth_2__mheight_4.4bpp -mwidth 2 -mheight 4
tools/gbagfx/gbagfx.exe graphics/object_events/pics/people/clerk.png build/assets/graphics/object_events/pics/people/clerk.png_mwidth_2__mheight_4.4bpp -mwidth 2 -mheight 4
tools/gbagfx/gbagfx.exe graphics/object_events/pics/people/contest_judge.png build/assets/graphics/object_events/pics/people/contest_judge.png_mwidth_2__mheight_4.4bpp -mwidth 2 -mheight 4
tools/gbagfx/gbagfx.exe graphics/object_events/pics/people/chef.png build/assets/graphics/object_events/pics/people/chef.png_mwidth_2__mheight_4.4bpp -mwidth 2 -mheight 4
tools/gbagfx/gbagfx.exe graphics/object_events/pics/people/cook.png build/assets/graphics/object_events/pics/people/cook.png_mwidth_2__mheight_4.4bpp -mwidth 2 -mheight 4
tools/gbagfx/gbagfx.exe graphics/object_events/pics/people/cooltrainer_f.png build/assets/graphics/object_events/pics/people/cooltrainer_f.png_mwidth_2__mheight_4.4bpp -mwidth 2 -mheight 4
tools/gbagfx/gbagfx.exe graphics/object_events/pics/people/cooltrainer_m.png build/assets/graphics/object_events/pics/people/cooltrainer_m.png_mwidth_2__mheight_4.4bpp -mwidth 2 -mheight 4
tools/gbagfx/gbagfx.exe graphics/object_events/pics/people/crush_girl.png build/assets/graphics/object_events/pics/people/crush_girl.png_mwidth_2__mheight_4.4bpp -mwidth 2 -mheight 4
tools/gbagfx/gbagfx.exe graphics/object_events/pics/people/cycling_triathlete_f.png build/assets/graphics/object_events/pics/people/cycling_triathlete_f.png_mwidth_4__mheight_4.4bpp -mwidth 4 -mheight 4
tools/gbagfx/gbagfx.exe graphics/object_events/pics/people/cycling_triathlete_m.png build/assets/graphics/object_events/pics/people/cycling_triathlete_m.png_mwidth_4__mheight_4.4bpp -mwidth 4 -mheight 4
tools/gbagfx/gbagfx.exe graphics/object_events/pics/people/daisy.png build/assets/graphics/object_events/pics/people/daisy.png_mwidth_2__mheight_4.4bpp -mwidth 2 -mheight 4
tools/gbagfx/gbagfx.exe graphics/object_events/pics/people/devon_employee.png build/assets/graphics/object_events/pics/people/devon_employee.png_mwidth_2__mheight_4.4bpp -mwidth 2 -mheight 4
tools/gbagfx/gbagfx.exe graphics/object_events/pics/people/elite_four/glacia.png build/assets/graphics/object_events/pics/people/elite_four/glacia.png_mwidth_2__mheight_4.4bpp -mwidth 2 -mheight 4
tools/gbagfx/gbagfx.exe graphics/object_events/pics/people/elite_four/drake.png build/assets/graphics/object_events/pics/people/elite_four/drake.png_mwidth_2__mheight_4.4bpp -mwidth 2 -mheight 4
tools/gbagfx/gbagfx.exe graphics/object_events/pics/people/elite_four/phoebe.png build/assets/graphics/object_events/pics/people/elite_four/phoebe.png_mwidth_2__mheight_4.4bpp -mwidth 2 -mheight 4
tools/gbagfx/gbagfx.exe graphics/object_events/pics/people/elite_four/sidney.png build/assets/graphics/object_events/pics/people/elite_four/sidney.png_mwidth_2__mheight_4.4bpp -mwidth 2 -mheight 4
tools/gbagfx/gbagfx.exe graphics/object_events/pics/people/erika.png build/assets/graphics/object_events/pics/people/erika.png_mwidth_2__mheight_4.4bpp -mwidth 2 -mheight 4
tools/gbagfx/gbagfx.exe graphics/object_events/pics/people/expert_f.png build/assets/graphics/object_events/pics/people/expert_f.png_mwidth_2__mheight_4.4bpp -mwidth 2 -mheight 4
tools/gbagfx/gbagfx.exe graphics/object_events/pics/people/expert_m.png build/assets/graphics/object_events/pics/people/expert_m.png_mwidth_2__mheight_4.4bpp -mwidth 2 -mheight 4
tools/gbagfx/gbagfx.exe graphics/object_events/pics/people/fat_man.png build/assets/graphics/object_events/pics/people/fat_man.png_mwidth_2__mheight_4.4bpp -mwidth 2 -mheight 4
tools/gbagfx/gbagfx.exe graphics/object_events/pics/people/fat_man_frlg.png build/assets/graphics/object_events/pics/people/fat_man_frlg.png_mwidth_2__mheight_4.4bpp -mwidth 2 -mheight 4
tools/gbagfx/gbagfx.exe graphics/object_events/pics/people/fisher.png build/assets/graphics/object_events/pics/people/fisher.png_mwidth_2__mheight_4.4bpp -mwidth 2 -mheight 4
tools/gbagfx/gbagfx.exe graphics/object_events/pics/people/fisherman.png build/assets/graphics/object_events/pics/people/fisherman.png_mwidth_2__mheight_4.4bpp -mwidth 2 -mheight 4
tools/gbagfx/gbagfx.exe graphics/object_events/pics/people/frontier_brains/anabel.png build/assets/graphics/object_events/pics/people/frontier_brains/anabel.png_mwidth_2__mheight_4.4bpp -mwidth 2 -mheight 4
tools/gbagfx/gbagfx.exe graphics/object_events/pics/people/frontier_brains/brandon.png build/assets/graphics/object_events/pics/people/frontier_brains/brandon.png_mwidth_2__mheight_4.4bpp -mwidth 2 -mheight 4
tools/gbagfx/gbagfx.exe graphics/object_events/pics/people/frontier_brains/lucy.png build/assets/graphics/object_events/pics/people/frontier_brains/lucy.png_mwidth_2__mheight_4.4bpp -mwidth 2 -mheight 4
tools/gbagfx/gbagfx.exe graphics/object_events/pics/people/frontier_brains/greta.png build/assets/graphics/object_events/pics/people/frontier_brains/greta.png_mwidth_2__mheight_4.4bpp -mwidth 2 -mheight 4
tools/gbagfx/gbagfx.exe graphics/object_events/pics/people/frontier_brains/noland.png build/assets/graphics/object_events/pics/people/frontier_brains/noland.png_mwidth_2__mheight_4.4bpp -mwidth 2 -mheight 4
tools/gbagfx/gbagfx.exe graphics/object_events/pics/people/frontier_brains/spenser.png build/assets/graphics/object_events/pics/people/frontier_brains/spenser.png_mwidth_2__mheight_4.4bpp -mwidth 2 -mheight 4
tools/gbagfx/gbagfx.exe graphics/object_events/pics/people/frontier_brains/tucker.png build/assets/graphics/object_events/pics/people/frontier_brains/tucker.png_mwidth_2__mheight_4.4bpp -mwidth 2 -mheight 4
tools/gbagfx/gbagfx.exe graphics/object_events/pics/people/gameboy_kid.png build/assets/graphics/object_events/pics/people/gameboy_kid.png_mwidth_2__mheight_4.4bpp -mwidth 2 -mheight 4
tools/gbagfx/gbagfx.exe graphics/object_events/pics/people/gba_kid.png build/assets/graphics/object_events/pics/people/gba_kid.png_mwidth_2__mheight_4.4bpp -mwidth 2 -mheight 4
tools/gbagfx/gbagfx.exe graphics/object_events/pics/people/gentleman.png build/assets/graphics/object_events/pics/people/gentleman.png_mwidth_2__mheight_4.4bpp -mwidth 2 -mheight 4
tools/gbagfx/gbagfx.exe graphics/object_events/pics/people/gentleman_frlg.png build/assets/graphics/object_events/pics/people/gentleman_frlg.png_mwidth_2__mheight_4.4bpp -mwidth 2 -mheight 4
tools/gbagfx/gbagfx.exe graphics/object_events/pics/people/giovanni.png build/assets/graphics/object_events/pics/people/giovanni.png_mwidth_2__mheight_4.4bpp -mwidth 2 -mheight 4
tools/gbagfx/gbagfx.exe graphics/object_events/pics/people/girl_1.png build/assets/graphics/object_events/pics/people/girl_1.png_mwidth_2__mheight_4.4bpp -mwidth 2 -mheight 4
tools/gbagfx/gbagfx.exe graphics/object_events/pics/people/girl_2.png build/assets/graphics/object_events/pics/people/girl_2.png_mwidth_2__mheight_4.4bpp -mwidth 2 -mheight 4
tools/gbagfx/gbagfx.exe graphics/object_events/pics/people/girl_3.png build/assets/graphics/object_events/pics/people/girl_3.png_mwidth_2__mheight_4.4bpp -mwidth 2 -mheight 4
tools/gbagfx/gbagfx.exe graphics/object_events/pics/people/gym_guy.png build/assets/graphics/object_events/pics/people/gym_guy.png_mwidth_2__mheight_4.4bpp -mwidth 2 -mheight 4
tools/gbagfx/gbagfx.exe graphics/object_events/pics/people/gym_leaders/brawly.png build/assets/graphics/object_events/pics/people/gym_leaders/brawly.png_mwidth_2__mheight_4.4bpp -mwidth 2 -mheight 4
tools/gbagfx/gbagfx.exe graphics/object_events/pics/people/gym_leaders/flannery.png build/assets/graphics/object_events/pics/people/gym_leaders/flannery.png_mwidth_2__mheight_4.4bpp -mwidth 2 -mheight 4
tools/gbagfx/gbagfx.exe graphics/object_events/pics/people/gym_leaders/juan.png build/assets/graphics/object_events/pics/people/gym_leaders/juan.png_mwidth_2__mheight_4.4bpp -mwidth 2 -mheight 4
tools/gbagfx/gbagfx.exe graphics/object_events/pics/people/gym_leaders/liza.png build/assets/graphics/object_events/pics/people/gym_leaders/liza.png_mwidth_2__mheight_4.4bpp -mwidth 2 -mheight 4
tools/gbagfx/gbagfx.exe graphics/object_events/pics/people/gym_leaders/norman.png build/assets/graphics/object_events/pics/people/gym_leaders/norman.png_mwidth_2__mheight_4.4bpp -mwidth 2 -mheight 4
tools/gbagfx/gbagfx.exe graphics/object_events/pics/people/gym_leaders/roxanne.png build/assets/graphics/object_events/pics/people/gym_leaders/roxanne.png_mwidth_2__mheight_4.4bpp -mwidth 2 -mheight 4
tools/gbagfx/gbagfx.exe graphics/object_events/pics/people/gym_leaders/tate.png build/assets/graphics/object_events/pics/people/gym_leaders/tate.png_mwidth_2__mheight_4.4bpp -mwidth 2 -mheight 4
tools/gbagfx/gbagfx.exe graphics/object_events/pics/people/gym_leaders/wattson.png build/assets/graphics/object_events/pics/people/gym_leaders/wattson.png_mwidth_2__mheight_4.4bpp -mwidth 2 -mheight 4
tools/gbagfx/gbagfx.exe graphics/object_events/pics/people/gym_leaders/winona.png build/assets/graphics/object_events/pics/people/gym_leaders/winona.png_mwidth_2__mheight_4.4bpp -mwidth 2 -mheight 4
tools/gbagfx/gbagfx.exe graphics/object_events/pics/people/hex_maniac.png build/assets/graphics/object_events/pics/people/hex_maniac.png_mwidth_2__mheight_4.4bpp -mwidth 2 -mheight 4
tools/gbagfx/gbagfx.exe graphics/object_events/pics/people/hiker.png build/assets/graphics/object_events/pics/people/hiker.png_mwidth_2__mheight_4.4bpp -mwidth 2 -mheight 4
tools/gbagfx/gbagfx.exe graphics/object_events/pics/people/hiker_frlg.png build/assets/graphics/object_events/pics/people/hiker_frlg.png_mwidth_2__mheight_4.4bpp -mwidth 2 -mheight 4
tools/gbagfx/gbagfx.exe graphics/object_events/pics/people/hot_springs_old_woman.png build/assets/graphics/object_events/pics/people/hot_springs_old_woman.png_mwidth_2__mheight_4.4bpp -mwidth 2 -mheight 4
tools/gbagfx/gbagfx.exe graphics/object_events/pics/people/koga.png build/assets/graphics/object_events/pics/people/koga.png_mwidth_2__mheight_4.4bpp -mwidth 2 -mheight 4
tools/gbagfx/gbagfx.exe graphics/object_events/pics/people/lance.png build/assets/graphics/object_events/pics/people/lance.png_mwidth_2__mheight_4.4bpp -mwidth 2 -mheight 4
tools/gbagfx/gbagfx.exe graphics/object_events/pics/people/lass.png build/assets/graphics/object_events/pics/people/lass.png_mwidth_2__mheight_4.4bpp -mwidth 2 -mheight 4
tools/gbagfx/gbagfx.exe graphics/object_events/pics/people/lass_frlg.png build/assets/graphics/object_events/pics/people/lass_frlg.png_mwidth_2__mheight_4.4bpp -mwidth 2 -mheight 4
tools/gbagfx/gbagfx.exe graphics/object_events/pics/people/leaf.png build/assets/graphics/object_events/pics/people/leaf.png_mwidth_2__mheight_4.4bpp -mwidth 2 -mheight 4
tools/gbagfx/gbagfx.exe graphics/object_events/pics/people/leaf/green_bike.png build/assets/graphics/object_events/pics/people/leaf/green_bike.png_mwidth_4__mheight_4.4bpp -mwidth 4 -mheight 4
tools/gbagfx/gbagfx.exe graphics/object_events/pics/people/leaf/green_fish.png build/assets/graphics/object_events/pics/people/leaf/green_fish.png_mwidth_4__mheight_4.4bpp -mwidth 4 -mheight 4
tools/gbagfx/gbagfx.exe graphics/object_events/pics/people/leaf/green_item.png build/assets/graphics/object_events/pics/people/leaf/green_item.png_mwidth_2__mheight_4.4bpp -mwidth 2 -mheight 4
tools/gbagfx/gbagfx.exe graphics/object_events/pics/people/leaf/green_normal.png build/assets/graphics/object_events/pics/people/leaf/green_normal.png_mwidth_2__mheight_4.4bpp -mwidth 2 -mheight 4
tools/gbagfx/gbagfx.exe graphics/object_events/pics/people/leaf/green_surf.png build/assets/graphics/object_events/pics/people/leaf/green_surf.png_mwidth_4__mheight_4.4bpp -mwidth 4 -mheight 4
tools/gbagfx/gbagfx.exe graphics/object_events/pics/people/leaf/green_surf_run.png build/assets/graphics/object_events/pics/people/leaf/green_surf_run.png_mwidth_2__mheight_4.4bpp -mwidth 2 -mheight 4
tools/gbagfx/gbagfx.exe graphics/object_events/pics/people/leaf/green_vs_seeker_bike.png build/assets/graphics/object_events/pics/people/leaf/green_vs_seeker_bike.png_mwidth_4__mheight_4.4bpp -mwidth 4 -mheight 4
tools/gbagfx/gbagfx.exe graphics/object_events/pics/people/link_receptionist.png build/assets/graphics/object_events/pics/people/link_receptionist.png_mwidth_2__mheight_4.4bpp -mwidth 2 -mheight 4
tools/gbagfx/gbagfx.exe graphics/object_events/pics/people/little_boy.png build/assets/graphics/object_events/pics/people/little_boy.png_mwidth_2__mheight_2.4bpp -mwidth 2 -mheight 2
tools/gbagfx/gbagfx.exe graphics/object_events/pics/people/little_girl.png build/assets/graphics/object_events/pics/people/little_girl.png_mwidth_2__mheight_2.4bpp -mwidth 2 -mheight 2
tools/gbagfx/gbagfx.exe graphics/object_events/pics/people/little_girl_frlg.png build/assets/graphics/object_events/pics/people/little_girl_frlg.png_mwidth_2__mheight_2.4bpp -mwidth 2 -mheight 2
tools/gbagfx/gbagfx.exe graphics/object_events/pics/people/little_boy_frlg.png build/assets/graphics/object_events/pics/people/little_boy_frlg.png_mwidth_2__mheight_2.4bpp -mwidth 2 -mheight 2
tools/gbagfx/gbagfx.exe graphics/object_events/pics/people/lorelei.png build/assets/graphics/object_events/pics/people/lorelei.png_mwidth_2__mheight_4.4bpp -mwidth 2 -mheight 4
tools/gbagfx/gbagfx.exe graphics/object_events/pics/people/lt_surge.png build/assets/graphics/object_events/pics/people/lt_surge.png_mwidth_2__mheight_4.4bpp -mwidth 2 -mheight 4
tools/gbagfx/gbagfx.exe graphics/object_events/pics/people/man.png build/assets/graphics/object_events/pics/people/man.png_mwidth_2__mheight_4.4bpp -mwidth 2 -mheight 4
tools/gbagfx/gbagfx.exe graphics/object_events/pics/people/man_1.png build/assets/graphics/object_events/pics/people/man_1.png_mwidth_2__mheight_4.4bpp -mwidth 2 -mheight 4
tools/gbagfx/gbagfx.exe graphics/object_events/pics/people/man_2.png build/assets/graphics/object_events/pics/people/man_2.png_mwidth_2__mheight_4.4bpp -mwidth 2 -mheight 4
tools/gbagfx/gbagfx.exe graphics/object_events/pics/people/man_3.png build/assets/graphics/object_events/pics/people/man_3.png_mwidth_2__mheight_4.4bpp -mwidth 2 -mheight 4
tools/gbagfx/gbagfx.exe graphics/object_events/pics/people/man_4.png build/assets/graphics/object_events/pics/people/man_4.png_mwidth_2__mheight_4.4bpp -mwidth 2 -mheight 4
tools/gbagfx/gbagfx.exe graphics/object_events/pics/people/man_5.png build/assets/graphics/object_events/pics/people/man_5.png_mwidth_2__mheight_4.4bpp -mwidth 2 -mheight 4
tools/gbagfx/gbagfx.exe graphics/object_events/pics/people/mart_employee.png build/assets/graphics/object_events/pics/people/mart_employee.png_mwidth_2__mheight_4.4bpp -mwidth 2 -mheight 4
tools/gbagfx/gbagfx.exe graphics/object_events/pics/people/maniac.png build/assets/graphics/object_events/pics/people/maniac.png_mwidth_2__mheight_4.4bpp -mwidth 2 -mheight 4
tools/gbagfx/gbagfx.exe graphics/object_events/pics/people/mauville_old_man_1.png build/assets/graphics/object_events/pics/people/mauville_old_man_1.png_mwidth_2__mheight_4.4bpp -mwidth 2 -mheight 4
tools/gbagfx/gbagfx.exe graphics/object_events/pics/people/may/acro_bike.png build/assets/graphics/object_events/pics/people/may/acro_bike.png_mwidth_4__mheight_4.4bpp -mwidth 4 -mheight 4
tools/gbagfx/gbagfx.exe graphics/object_events/pics/people/mauville_old_man_2.png build/assets/graphics/object_events/pics/people/mauville_old_man_2.png_mwidth_2__mheight_4.4bpp -mwidth 2 -mheight 4
tools/gbagfx/gbagfx.exe graphics/object_events/pics/people/may/decorating.png build/assets/graphics/object_events/pics/people/may/decorating.png.4bpp 
tools/gbagfx/gbagfx.exe graphics/object_events/pics/people/may/field_move.png build/assets/graphics/object_events/pics/people/may/field_move.png_mwidth_4__mheight_4.4bpp -mwidth 4 -mheight 4
tools/gbagfx/gbagfx.exe graphics/object_events/pics/people/may/fishing.png build/assets/graphics/object_events/pics/people/may/fishing.png_mwidth_4__mheight_4.4bpp -mwidth 4 -mheight 4
tools/gbagfx/gbagfx.exe graphics/object_events/pics/people/may/mach_bike.png build/assets/graphics/object_events/pics/people/may/mach_bike.png_mwidth_4__mheight_4.4bpp -mwidth 4 -mheight 4
tools/gbagfx/gbagfx.exe graphics/object_events/pics/people/may/surfing.png build/assets/graphics/object_events/pics/people/may/surfing.png_mwidth_4__mheight_4.4bpp -mwidth 4 -mheight 4
tools/gbagfx/gbagfx.exe graphics/object_events/pics/people/may/underwater.png build/assets/graphics/object_events/pics/people/may/underwater.png_mwidth_4__mheight_4.4bpp -mwidth 4 -mheight 4
tools/gbagfx/gbagfx.exe graphics/object_events/pics/people/may/watering.png build/assets/graphics/object_events/pics/people/may/watering.png_mwidth_4__mheight_4.4bpp -mwidth 4 -mheight 4
tools/gbagfx/gbagfx.exe graphics/object_events/pics/people/misty.png build/assets/graphics/object_events/pics/people/misty.png_mwidth_2__mheight_4.4bpp -mwidth 2 -mheight 4
tools/gbagfx/gbagfx.exe graphics/object_events/pics/people/mg_deliveryman.png build/assets/graphics/object_events/pics/people/mg_deliveryman.png_mwidth_2__mheight_4.4bpp -mwidth 2 -mheight 4
tools/gbagfx/gbagfx.exe graphics/object_events/pics/people/mom.png build/assets/graphics/object_events/pics/people/mom.png_mwidth_2__mheight_4.4bpp -mwidth 2 -mheight 4
tools/gbagfx/gbagfx.exe graphics/object_events/pics/people/mom_frlg.png build/assets/graphics/object_events/pics/people/mom_frlg.png_mwidth_2__mheight_4.4bpp -mwidth 2 -mheight 4
tools/gbagfx/gbagfx.exe graphics/object_events/pics/people/mr_fuji.png build/assets/graphics/object_events/pics/people/mr_fuji.png_mwidth_2__mheight_4.4bpp -mwidth 2 -mheight 4
tools/gbagfx/gbagfx.exe graphics/object_events/pics/people/mystery_event_deliveryman.png build/assets/graphics/object_events/pics/people/mystery_event_deliveryman.png_mwidth_2__mheight_4.4bpp -mwidth 2 -mheight 4
tools/gbagfx/gbagfx.exe graphics/object_events/pics/people/ninja_boy.png build/assets/graphics/object_events/pics/people/ninja_boy.png_mwidth_2__mheight_2.4bpp -mwidth 2 -mheight 2
tools/gbagfx/gbagfx.exe graphics/object_events/pics/people/nurse.png build/assets/graphics/object_events/pics/people/nurse.png_mwidth_2__mheight_4.4bpp -mwidth 2 -mheight 4
tools/gbagfx/gbagfx.exe graphics/object_events/pics/people/nurse_frlg.png build/assets/graphics/object_events/pics/people/nurse_frlg.png_mwidth_2__mheight_4.4bpp -mwidth 2 -mheight 4
tools/gbagfx/gbagfx.exe graphics/object_events/pics/people/old_man.png build/assets/graphics/object_events/pics/people/old_man.png_mwidth_2__mheight_4.4bpp -mwidth 2 -mheight 4
tools/gbagfx/gbagfx.exe graphics/object_events/pics/people/old_man_1.png build/assets/graphics/object_events/pics/people/old_man_1.png_mwidth_2__mheight_4.4bpp -mwidth 2 -mheight 4
tools/gbagfx/gbagfx.exe graphics/object_events/pics/people/old_man_2.png build/assets/graphics/object_events/pics/people/old_man_2.png_mwidth_2__mheight_4.4bpp -mwidth 2 -mheight 4
tools/gbagfx/gbagfx.exe graphics/object_events/pics/people/old_man_lying_down.png build/assets/graphics/object_events/pics/people/old_man_lying_down.png.4bpp 
tools/gbagfx/gbagfx.exe graphics/object_events/pics/people/old_woman.png build/assets/graphics/object_events/pics/people/old_woman.png_mwidth_2__mheight_4.4bpp -mwidth 2 -mheight 4
tools/gbagfx/gbagfx.exe graphics/object_events/pics/people/old_woman_frlg.png build/assets/graphics/object_events/pics/people/old_woman_frlg.png_mwidth_2__mheight_4.4bpp -mwidth 2 -mheight 4
tools/gbagfx/gbagfx.exe graphics/object_events/pics/people/picnicker.png build/assets/graphics/object_events/pics/people/picnicker.png_mwidth_2__mheight_4.4bpp -mwidth 2 -mheight 4
tools/gbagfx/gbagfx.exe graphics/object_events/pics/people/picnicker_frlg.png build/assets/graphics/object_events/pics/people/picnicker_frlg.png_mwidth_2__mheight_4.4bpp -mwidth 2 -mheight 4
tools/gbagfx/gbagfx.exe graphics/object_events/pics/people/poke_maniac_frlg.png build/assets/graphics/object_events/pics/people/poke_maniac_frlg.png_mwidth_2__mheight_4.4bpp -mwidth 2 -mheight 4
tools/gbagfx/gbagfx.exe graphics/object_events/pics/people/pokefan_f.png build/assets/graphics/object_events/pics/people/pokefan_f.png_mwidth_2__mheight_4.4bpp -mwidth 2 -mheight 4
tools/gbagfx/gbagfx.exe graphics/object_events/pics/people/pokefan_m.png build/assets/graphics/object_events/pics/people/pokefan_m.png_mwidth_2__mheight_4.4bpp -mwidth 2 -mheight 4
tools/gbagfx/gbagfx.exe graphics/object_events/pics/people/policeman.png build/assets/graphics/object_events/pics/people/policeman.png_mwidth_2__mheight_4.4bpp -mwidth 2 -mheight 4
tools/gbagfx/gbagfx.exe graphics/object_events/pics/people/prof_birch.png build/assets/graphics/object_events/pics/people/prof_birch.png_mwidth_2__mheight_4.4bpp -mwidth 2 -mheight 4
tools/gbagfx/gbagfx.exe graphics/object_events/pics/people/prof_oak.png build/assets/graphics/object_events/pics/people/prof_oak.png_mwidth_2__mheight_4.4bpp -mwidth 2 -mheight 4
tools/gbagfx/gbagfx.exe graphics/object_events/pics/people/psychic_m.png build/assets/graphics/object_events/pics/people/psychic_m.png_mwidth_2__mheight_4.4bpp -mwidth 2 -mheight 4
tools/gbagfx/gbagfx.exe graphics/object_events/pics/people/quinty_plump.png build/assets/graphics/object_events/pics/people/quinty_plump.png_mwidth_4__mheight_4.4bpp -mwidth 4 -mheight 4
tools/gbagfx/gbagfx.exe graphics/object_events/pics/people/red.png build/assets/graphics/object_events/pics/people/red.png_mwidth_2__mheight_4.4bpp -mwidth 2 -mheight 4
tools/gbagfx/gbagfx.exe graphics/object_events/pics/people/red/red_bike.png build/assets/graphics/object_events/pics/people/red/red_bike.png_mwidth_4__mheight_4.4bpp -mwidth 4 -mheight 4
tools/gbagfx/gbagfx.exe graphics/object_events/pics/people/red/red_fish.png build/assets/graphics/object_events/pics/people/red/red_fish.png_mwidth_4__mheight_4.4bpp -mwidth 4 -mheight 4
tools/gbagfx/gbagfx.exe graphics/object_events/pics/people/red/red_item.png build/assets/graphics/object_events/pics/people/red/red_item.png_mwidth_2__mheight_4.4bpp -mwidth 2 -mheight 4
tools/gbagfx/gbagfx.exe graphics/object_events/pics/people/red/red_normal.png build/assets/graphics/object_events/pics/people/red/red_normal.png_mwidth_2__mheight_4.4bpp -mwidth 2 -mheight 4
tools/gbagfx/gbagfx.exe graphics/object_events/pics/people/red/red_surf.png build/assets/graphics/object_events/pics/people/red/red_surf.png_mwidth_4__mheight_4.4bpp -mwidth 4 -mheight 4
tools/gbagfx/gbagfx.exe graphics/object_events/pics/people/red/red_surf_run.png build/assets/graphics/object_events/pics/people/red/red_surf_run.png_mwidth_2__mheight_4.4bpp -mwidth 2 -mheight 4
tools/gbagfx/gbagfx.exe graphics/object_events/pics/people/red/red_vs_seeker_bike.png build/assets/graphics/object_events/pics/people/red/red_vs_seeker_bike.png_mwidth_4__mheight_4.4bpp -mwidth 4 -mheight 4
tools/gbagfx/gbagfx.exe graphics/object_events/pics/people/reporter_f.png build/assets/graphics/object_events/pics/people/reporter_f.png_mwidth_2__mheight_4.4bpp -mwidth 2 -mheight 4
tools/gbagfx/gbagfx.exe graphics/object_events/pics/people/reporter_m.png build/assets/graphics/object_events/pics/people/reporter_m.png_mwidth_2__mheight_4.4bpp -mwidth 2 -mheight 4
tools/gbagfx/gbagfx.exe graphics/object_events/pics/people/rich_boy.png build/assets/graphics/object_events/pics/people/rich_boy.png_mwidth_2__mheight_4.4bpp -mwidth 2 -mheight 4
tools/gbagfx/gbagfx.exe graphics/object_events/pics/people/rocket_f.png build/assets/graphics/object_events/pics/people/rocket_f.png_mwidth_2__mheight_4.4bpp -mwidth 2 -mheight 4
tools/gbagfx/gbagfx.exe graphics/object_events/pics/people/rocker.png build/assets/graphics/object_events/pics/people/rocker.png_mwidth_2__mheight_4.4bpp -mwidth 2 -mheight 4
tools/gbagfx/gbagfx.exe graphics/object_events/pics/people/rocket_m.png build/assets/graphics/object_events/pics/people/rocket_m.png_mwidth_2__mheight_4.4bpp -mwidth 2 -mheight 4
tools/gbagfx/gbagfx.exe graphics/object_events/pics/people/rs_little_boy.png build/assets/graphics/object_events/pics/people/rs_little_boy.png_mwidth_2__mheight_2.4bpp -mwidth 2 -mheight 2
tools/gbagfx/gbagfx.exe graphics/object_events/pics/people/rooftop_sale_woman.png build/assets/graphics/object_events/pics/people/rooftop_sale_woman.png_mwidth_2__mheight_4.4bpp -mwidth 2 -mheight 4
tools/gbagfx/gbagfx.exe graphics/object_events/pics/people/ruby_sapphire_brendan/running.png build/assets/graphics/object_events/pics/people/ruby_sapphire_brendan/running.png_mwidth_2__mheight_4.4bpp -mwidth 2 -mheight 4
tools/gbagfx/gbagfx.exe graphics/object_events/pics/people/ruby_sapphire_brendan/walking.png build/assets/graphics/object_events/pics/people/ruby_sapphire_brendan/walking.png_mwidth_2__mheight_4.4bpp -mwidth 2 -mheight 4
tools/gbagfx/gbagfx.exe graphics/object_events/pics/people/ruby_sapphire_may/running.png build/assets/graphics/object_events/pics/people/ruby_sapphire_may/running.png_mwidth_2__mheight_4.4bpp -mwidth 2 -mheight 4
tools/gbagfx/gbagfx.exe graphics/object_events/pics/people/ruby_sapphire_may/walking.png build/assets/graphics/object_events/pics/people/ruby_sapphire_may/walking.png_mwidth_2__mheight_4.4bpp -mwidth 2 -mheight 4
tools/gbagfx/gbagfx.exe graphics/object_events/pics/people/running_triathlete_f.png build/assets/graphics/object_events/pics/people/running_triathlete_f.png_mwidth_2__mheight_4.4bpp -mwidth 2 -mheight 4
tools/gbagfx/gbagfx.exe graphics/object_events/pics/people/running_triathlete_m.png build/assets/graphics/object_events/pics/people/running_triathlete_m.png_mwidth_2__mheight_4.4bpp -mwidth 2 -mheight 4
tools/gbagfx/gbagfx.exe graphics/object_events/pics/people/sabrina.png build/assets/graphics/object_events/pics/people/sabrina.png_mwidth_2__mheight_4.4bpp -mwidth 2 -mheight 4
tools/gbagfx/gbagfx.exe graphics/object_events/pics/people/sailor.png build/assets/graphics/object_events/pics/people/sailor.png_mwidth_2__mheight_4.4bpp -mwidth 2 -mheight 4
tools/gbagfx/gbagfx.exe graphics/object_events/pics/people/sailor_frlg.png build/assets/graphics/object_events/pics/people/sailor_frlg.png_mwidth_2__mheight_4.4bpp -mwidth 2 -mheight 4
tools/gbagfx/gbagfx.exe graphics/object_events/pics/people/school_kid_m.png build/assets/graphics/object_events/pics/people/school_kid_m.png_mwidth_2__mheight_4.4bpp -mwidth 2 -mheight 4
tools/gbagfx/gbagfx.exe graphics/object_events/pics/people/scientist.png build/assets/graphics/object_events/pics/people/scientist.png_mwidth_2__mheight_4.4bpp -mwidth 2 -mheight 4
tools/gbagfx/gbagfx.exe graphics/object_events/pics/people/scientist_1.png build/assets/graphics/object_events/pics/people/scientist_1.png_mwidth_2__mheight_4.4bpp -mwidth 2 -mheight 4
tools/gbagfx/gbagfx.exe graphics/object_events/pics/people/scientist_2.png build/assets/graphics/object_events/pics/people/scientist_2.png_mwidth_2__mheight_4.4bpp -mwidth 2 -mheight 4
tools/gbagfx/gbagfx.exe graphics/object_events/pics/people/scott.png build/assets/graphics/object_events/pics/people/scott.png_mwidth_2__mheight_4.4bpp -mwidth 2 -mheight 4
tools/gbagfx/gbagfx.exe graphics/object_events/pics/people/sitting_boy.png build/assets/graphics/object_events/pics/people/sitting_boy.png_mwidth_2__mheight_4.4bpp -mwidth 2 -mheight 4
tools/gbagfx/gbagfx.exe graphics/object_events/pics/people/steven.png build/assets/graphics/object_events/pics/people/steven.png_mwidth_2__mheight_4.4bpp -mwidth 2 -mheight 4
tools/gbagfx/gbagfx.exe graphics/object_events/pics/people/swimmer_f.png build/assets/graphics/object_events/pics/people/swimmer_f.png_mwidth_2__mheight_4.4bpp -mwidth 2 -mheight 4
tools/gbagfx/gbagfx.exe graphics/object_events/pics/people/swimmer_f_land.png build/assets/graphics/object_events/pics/people/swimmer_f_land.png_mwidth_2__mheight_4.4bpp -mwidth 2 -mheight 4
tools/gbagfx/gbagfx.exe graphics/object_events/pics/people/swimmer_f_water.png build/assets/graphics/object_events/pics/people/swimmer_f_water.png_mwidth_2__mheight_4.4bpp -mwidth 2 -mheight 4
tools/gbagfx/gbagfx.exe graphics/object_events/pics/people/swimmer_m.png build/assets/graphics/object_events/pics/people/swimmer_m.png_mwidth_2__mheight_4.4bpp -mwidth 2 -mheight 4
tools/gbagfx/gbagfx.exe graphics/object_events/pics/people/swimmer_m_land.png build/assets/graphics/object_events/pics/people/swimmer_m_land.png_mwidth_2__mheight_4.4bpp -mwidth 2 -mheight 4
tools/gbagfx/gbagfx.exe graphics/object_events/pics/people/swimmer_m_water.png build/assets/graphics/object_events/pics/people/swimmer_m_water.png_mwidth_2__mheight_4.4bpp -mwidth 2 -mheight 4
tools/gbagfx/gbagfx.exe graphics/object_events/pics/people/teachy_tv_host.png build/assets/graphics/object_events/pics/people/teachy_tv_host.png_mwidth_2__mheight_4.4bpp -mwidth 2 -mheight 4
tools/gbagfx/gbagfx.exe graphics/object_events/pics/people/teala.png build/assets/graphics/object_events/pics/people/teala.png_mwidth_2__mheight_4.4bpp -mwidth 2 -mheight 4
tools/gbagfx/gbagfx.exe graphics/object_events/pics/people/team_aqua/aqua_member_f.png build/assets/graphics/object_events/pics/people/team_aqua/aqua_member_f.png_mwidth_2__mheight_4.4bpp -mwidth 2 -mheight 4
tools/gbagfx/gbagfx.exe graphics/object_events/pics/people/team_aqua/aqua_member_m.png build/assets/graphics/object_events/pics/people/team_aqua/aqua_member_m.png_mwidth_2__mheight_4.4bpp -mwidth 2 -mheight 4
tools/gbagfx/gbagfx.exe graphics/object_events/pics/people/team_aqua/archie.png build/assets/graphics/object_events/pics/people/team_aqua/archie.png_mwidth_2__mheight_4.4bpp -mwidth 2 -mheight 4
tools/gbagfx/gbagfx.exe graphics/object_events/pics/people/team_magma/magma_member_f.png build/assets/graphics/object_events/pics/people/team_magma/magma_member_f.png_mwidth_2__mheight_4.4bpp -mwidth 2 -mheight 4
tools/gbagfx/gbagfx.exe graphics/object_events/pics/people/team_magma/maxie.png build/assets/graphics/object_events/pics/people/team_magma/maxie.png_mwidth_2__mheight_4.4bpp -mwidth 2 -mheight 4
tools/gbagfx/gbagfx.exe graphics/object_events/pics/people/team_magma/magma_member_m.png build/assets/graphics/object_events/pics/people/team_magma/magma_member_m.png_mwidth_2__mheight_4.4bpp -mwidth 2 -mheight 4
tools/gbagfx/gbagfx.exe graphics/object_events/pics/people/trainer_tower_dude.png build/assets/graphics/object_events/pics/people/trainer_tower_dude.png_mwidth_2__mheight_4.4bpp -mwidth 2 -mheight 4
tools/gbagfx/gbagfx.exe graphics/object_events/pics/people/tuber_f.png build/assets/graphics/object_events/pics/people/tuber_f.png_mwidth_2__mheight_2.4bpp -mwidth 2 -mheight 2
tools/gbagfx/gbagfx.exe graphics/object_events/pics/people/tuber_f_frlg.png build/assets/graphics/object_events/pics/people/tuber_f_frlg.png_mwidth_2__mheight_2.4bpp -mwidth 2 -mheight 2
tools/gbagfx/gbagfx.exe graphics/object_events/pics/people/tuber_m.png build/assets/graphics/object_events/pics/people/tuber_m.png_mwidth_2__mheight_2.4bpp -mwidth 2 -mheight 2
tools/gbagfx/gbagfx.exe graphics/object_events/pics/people/tuber_m_land.png build/assets/graphics/object_events/pics/people/tuber_m_land.png_mwidth_2__mheight_2.4bpp -mwidth 2 -mheight 2
tools/gbagfx/gbagfx.exe graphics/object_events/pics/people/tuber_m_swimming.png build/assets/graphics/object_events/pics/people/tuber_m_swimming.png_mwidth_2__mheight_2.4bpp -mwidth 2 -mheight 2
tools/gbagfx/gbagfx.exe graphics/object_events/pics/people/tuber_m_water.png build/assets/graphics/object_events/pics/people/tuber_m_water.png_mwidth_2__mheight_2.4bpp -mwidth 2 -mheight 2
tools/gbagfx/gbagfx.exe graphics/object_events/pics/people/twin.png build/assets/graphics/object_events/pics/people/twin.png_mwidth_2__mheight_4.4bpp -mwidth 2 -mheight 4
tools/gbagfx/gbagfx.exe graphics/object_events/pics/people/union_room_attendant.png build/assets/graphics/object_events/pics/people/union_room_attendant.png_mwidth_2__mheight_4.4bpp -mwidth 2 -mheight 4
tools/gbagfx/gbagfx.exe graphics/object_events/pics/people/union_room_receptionist.png build/assets/graphics/object_events/pics/people/union_room_receptionist.png_mwidth_2__mheight_4.4bpp -mwidth 2 -mheight 4
tools/gbagfx/gbagfx.exe graphics/object_events/pics/people/unused_woman.png build/assets/graphics/object_events/pics/people/unused_woman.png_mwidth_2__mheight_4.4bpp -mwidth 2 -mheight 4
tools/gbagfx/gbagfx.exe graphics/object_events/pics/people/wallace.png build/assets/graphics/object_events/pics/people/wallace.png_mwidth_2__mheight_4.4bpp -mwidth 2 -mheight 4
tools/gbagfx/gbagfx.exe graphics/object_events/pics/people/wally.png build/assets/graphics/object_events/pics/people/wally.png_mwidth_2__mheight_4.4bpp -mwidth 2 -mheight 4
tools/gbagfx/gbagfx.exe graphics/object_events/pics/people/woman_1.png build/assets/graphics/object_events/pics/people/woman_1.png_mwidth_2__mheight_4.4bpp -mwidth 2 -mheight 4
tools/gbagfx/gbagfx.exe graphics/object_events/pics/people/woman_1_frlg.png build/assets/graphics/object_events/pics/people/woman_1_frlg.png_mwidth_2__mheight_4.4bpp -mwidth 2 -mheight 4
tools/gbagfx/gbagfx.exe graphics/object_events/pics/people/woman_2.png build/assets/graphics/object_events/pics/people/woman_2.png_mwidth_2__mheight_4.4bpp -mwidth 2 -mheight 4
tools/gbagfx/gbagfx.exe graphics/object_events/pics/people/woman_2_frlg.png build/assets/graphics/object_events/pics/people/woman_2_frlg.png_mwidth_2__mheight_4.4bpp -mwidth 2 -mheight 4
tools/gbagfx/gbagfx.exe graphics/object_events/pics/people/woman_3.png build/assets/graphics/object_events/pics/people/woman_3.png_mwidth_2__mheight_4.4bpp -mwidth 2 -mheight 4
tools/gbagfx/gbagfx.exe graphics/object_events/pics/people/woman_3_frlg.png build/assets/graphics/object_events/pics/people/woman_3_frlg.png_mwidth_2__mheight_4.4bpp -mwidth 2 -mheight 4
tools/gbagfx/gbagfx.exe graphics/object_events/pics/people/woman_4.png build/assets/graphics/object_events/pics/people/woman_4.png_mwidth_2__mheight_4.4bpp -mwidth 2 -mheight 4
tools/gbagfx/gbagfx.exe graphics/object_events/pics/people/woman_5.png build/assets/graphics/object_events/pics/people/woman_5.png_mwidth_2__mheight_4.4bpp -mwidth 2 -mheight 4
tools/gbagfx/gbagfx.exe graphics/object_events/pics/people/worker_f.png build/assets/graphics/object_events/pics/people/worker_f.png_mwidth_2__mheight_4.4bpp -mwidth 2 -mheight 4
tools/gbagfx/gbagfx.exe graphics/object_events/pics/people/worker_m.png build/assets/graphics/object_events/pics/people/worker_m.png_mwidth_2__mheight_4.4bpp -mwidth 2 -mheight 4
tools/gbagfx/gbagfx.exe graphics/object_events/pics/people/youngster.png build/assets/graphics/object_events/pics/people/youngster.png_mwidth_2__mheight_4.4bpp -mwidth 2 -mheight 4
tools/gbagfx/gbagfx.exe graphics/object_events/pics/people/youngster_frlg.png build/assets/graphics/object_events/pics/people/youngster_frlg.png_mwidth_2__mheight_4.4bpp -mwidth 2 -mheight 4
tools/gbagfx/gbagfx.exe graphics/object_events/pics/pokemon_old/articuno.png build/assets/graphics/object_events/pics/pokemon_old/articuno.png.4bpp 
tools/gbagfx/gbagfx.exe graphics/object_events/pics/pokemon_old/azumarill.png build/assets/graphics/object_events/pics/pokemon_old/azumarill.png_mwidth_2__mheight_2.4bpp -mwidth 2 -mheight 2
tools/gbagfx/gbagfx.exe graphics/object_events/pics/pokemon_old/azurill.png build/assets/graphics/object_events/pics/pokemon_old/azurill.png_mwidth_2__mheight_2.4bpp -mwidth 2 -mheight 2
tools/gbagfx/gbagfx.exe graphics/object_events/pics/pokemon_old/celebi.png build/assets/graphics/object_events/pics/pokemon_old/celebi.png.4bpp 
tools/gbagfx/gbagfx.exe graphics/object_events/pics/pokemon_old/chansey.png build/assets/graphics/object_events/pics/pokemon_old/chansey.png_mwidth_2__mheight_2.4bpp -mwidth 2 -mheight 2
tools/gbagfx/gbagfx.exe graphics/object_events/pics/pokemon_old/clefairy.png build/assets/graphics/object_events/pics/pokemon_old/clefairy.png_mwidth_2__mheight_2.4bpp -mwidth 2 -mheight 2
tools/gbagfx/gbagfx.exe graphics/object_events/pics/pokemon_old/cubone.png build/assets/graphics/object_events/pics/pokemon_old/cubone.png_mwidth_2__mheight_2.4bpp -mwidth 2 -mheight 2
tools/gbagfx/gbagfx.exe graphics/object_events/pics/pokemon_old/deoxys.png build/assets/graphics/object_events/pics/pokemon_old/deoxys.png_mwidth_4__mheight_4.4bpp -mwidth 4 -mheight 4
tools/gbagfx/gbagfx.exe graphics/object_events/pics/pokemon_old/deoxys_a.png build/assets/graphics/object_events/pics/pokemon_old/deoxys_a.png_mwidth_4__mheight_4.4bpp -mwidth 4 -mheight 4
tools/gbagfx/gbagfx.exe graphics/object_events/pics/pokemon_old/deoxys_d.png build/assets/graphics/object_events/pics/pokemon_old/deoxys_d.png_mwidth_4__mheight_4.4bpp -mwidth 4 -mheight 4
tools/gbagfx/gbagfx.exe graphics/object_events/pics/pokemon_old/deoxys_n.png build/assets/graphics/object_events/pics/pokemon_old/deoxys_n.png_mwidth_4__mheight_4.4bpp -mwidth 4 -mheight 4
tools/gbagfx/gbagfx.exe graphics/object_events/pics/pokemon_old/doduo.png build/assets/graphics/object_events/pics/pokemon_old/doduo.png_mwidth_2__mheight_2.4bpp -mwidth 2 -mheight 2
tools/gbagfx/gbagfx.exe graphics/object_events/pics/pokemon_old/dusclops.png build/assets/graphics/object_events/pics/pokemon_old/dusclops.png_mwidth_2__mheight_4.4bpp -mwidth 2 -mheight 4
tools/gbagfx/gbagfx.exe graphics/object_events/pics/pokemon_old/entei.png build/assets/graphics/object_events/pics/pokemon_old/entei.png.4bpp 
tools/gbagfx/gbagfx.exe graphics/object_events/pics/pokemon_old/enemy_zigzagoon.png build/assets/graphics/object_events/pics/pokemon_old/enemy_zigzagoon.png_mwidth_4__mheight_4.4bpp -mwidth 4 -mheight 4
tools/gbagfx/gbagfx.exe graphics/object_events/pics/pokemon_old/fearow.png build/assets/graphics/object_events/pics/pokemon_old/fearow.png_mwidth_2__mheight_2.4bpp -mwidth 2 -mheight 2
tools/gbagfx/gbagfx.exe graphics/object_events/pics/pokemon_old/ho_oh.png build/assets/graphics/object_events/pics/pokemon_old/ho_oh.png_mwidth_4__mheight_4.4bpp -mwidth 4 -mheight 4
tools/gbagfx/gbagfx.exe graphics/object_events/pics/pokemon_old/groudon.png build/assets/graphics/object_events/pics/pokemon_old/groudon.png_mwidth_4__mheight_4.4bpp -mwidth 4 -mheight 4
tools/gbagfx/gbagfx.exe graphics/object_events/pics/pokemon_old/jigglypuff.png build/assets/graphics/object_events/pics/pokemon_old/jigglypuff.png_mwidth_2__mheight_2.4bpp -mwidth 2 -mheight 2
tools/gbagfx/gbagfx.exe graphics/object_events/pics/pokemon_old/kabuto.png build/assets/graphics/object_events/pics/pokemon_old/kabuto.png_mwidth_2__mheight_2.4bpp -mwidth 2 -mheight 2
tools/gbagfx/gbagfx.exe graphics/object_events/pics/pokemon_old/kangaskhan.png build/assets/graphics/object_events/pics/pokemon_old/kangaskhan.png_mwidth_2__mheight_2.4bpp -mwidth 2 -mheight 2
tools/gbagfx/gbagfx.exe graphics/object_events/pics/pokemon_old/kecleon.png build/assets/graphics/object_events/pics/pokemon_old/kecleon.png_mwidth_2__mheight_2.4bpp -mwidth 2 -mheight 2
tools/gbagfx/gbagfx.exe graphics/object_events/pics/pokemon_old/kirlia.png build/assets/graphics/object_events/pics/pokemon_old/kirlia.png_mwidth_2__mheight_4.4bpp -mwidth 2 -mheight 4
tools/gbagfx/gbagfx.exe graphics/object_events/pics/pokemon_old/kyogre.png build/assets/graphics/object_events/pics/pokemon_old/kyogre.png_mwidth_4__mheight_4.4bpp -mwidth 4 -mheight 4
tools/gbagfx/gbagfx.exe graphics/object_events/pics/pokemon_old/lapras.png build/assets/graphics/object_events/pics/pokemon_old/lapras.png_mwidth_2__mheight_2.4bpp -mwidth 2 -mheight 2
tools/gbagfx/gbagfx.exe graphics/object_events/pics/pokemon_old/latias_latios.png build/assets/graphics/object_events/pics/pokemon_old/latias_latios.png_mwidth_4__mheight_4.4bpp -mwidth 4 -mheight 4
tools/gbagfx/gbagfx.exe graphics/object_events/pics/pokemon_old/lugia.png build/assets/graphics/object_events/pics/pokemon_old/lugia.png_mwidth_4__mheight_4.4bpp -mwidth 4 -mheight 4
tools/gbagfx/gbagfx.exe graphics/object_events/pics/pokemon_old/machoke.png build/assets/graphics/object_events/pics/pokemon_old/machoke.png_mwidth_2__mheight_2.4bpp -mwidth 2 -mheight 2
tools/gbagfx/gbagfx.exe graphics/object_events/pics/pokemon_old/machop.png build/assets/graphics/object_events/pics/pokemon_old/machop.png_mwidth_2__mheight_2.4bpp -mwidth 2 -mheight 2
tools/gbagfx/gbagfx.exe graphics/object_events/pics/pokemon_old/meowth.png build/assets/graphics/object_events/pics/pokemon_old/meowth.png_mwidth_2__mheight_2.4bpp -mwidth 2 -mheight 2
tools/gbagfx/gbagfx.exe graphics/object_events/pics/pokemon_old/mew.png build/assets/graphics/object_events/pics/pokemon_old/mew.png_mwidth_2__mheight_4.4bpp -mwidth 2 -mheight 4
tools/gbagfx/gbagfx.exe graphics/object_events/pics/pokemon_old/mewtwo.png build/assets/graphics/object_events/pics/pokemon_old/mewtwo.png.4bpp 
tools/gbagfx/gbagfx.exe graphics/object_events/pics/pokemon_old/moltres.png build/assets/graphics/object_events/pics/pokemon_old/moltres.png.4bpp 
tools/gbagfx/gbagfx.exe graphics/object_events/pics/pokemon_old/nidoran_f.png build/assets/graphics/object_events/pics/pokemon_old/nidoran_f.png_mwidth_2__mheight_2.4bpp -mwidth 2 -mheight 2
tools/gbagfx/gbagfx.exe graphics/object_events/pics/pokemon_old/nidoran_m.png build/assets/graphics/object_events/pics/pokemon_old/nidoran_m.png_mwidth_2__mheight_2.4bpp -mwidth 2 -mheight 2
tools/gbagfx/gbagfx.exe graphics/object_events/pics/pokemon_old/nidorino.png build/assets/graphics/object_events/pics/pokemon_old/nidorino.png_mwidth_2__mheight_2.4bpp -mwidth 2 -mheight 2
tools/gbagfx/gbagfx.exe graphics/object_events/pics/pokemon_old/omanyte.png build/assets/graphics/object_events/pics/pokemon_old/omanyte.png_mwidth_2__mheight_2.4bpp -mwidth 2 -mheight 2
tools/gbagfx/gbagfx.exe graphics/object_events/pics/pokemon_old/pidgeot.png build/assets/graphics/object_events/pics/pokemon_old/pidgeot.png_mwidth_2__mheight_2.4bpp -mwidth 2 -mheight 2
tools/gbagfx/gbagfx.exe graphics/object_events/pics/pokemon_old/pidgey.png build/assets/graphics/object_events/pics/pokemon_old/pidgey.png_mwidth_2__mheight_2.4bpp -mwidth 2 -mheight 2
tools/gbagfx/gbagfx.exe graphics/object_events/pics/pokemon_old/pikachu.png build/assets/graphics/object_events/pics/pokemon_old/pikachu.png_mwidth_2__mheight_2.4bpp -mwidth 2 -mheight 2
tools/gbagfx/gbagfx.exe graphics/object_events/pics/pokemon_old/pikachu_frlg.png build/assets/graphics/object_events/pics/pokemon_old/pikachu_frlg.png_mwidth_2__mheight_2.4bpp -mwidth 2 -mheight 2
tools/gbagfx/gbagfx.exe graphics/object_events/pics/pokemon_old/poliwrath.png build/assets/graphics/object_events/pics/pokemon_old/poliwrath.png_mwidth_2__mheight_2.4bpp -mwidth 2 -mheight 2
tools/gbagfx/gbagfx.exe graphics/object_events/pics/pokemon_old/poochyena.png build/assets/graphics/object_events/pics/pokemon_old/poochyena.png_mwidth_4__mheight_4.4bpp -mwidth 4 -mheight 4
tools/gbagfx/gbagfx.exe graphics/object_events/pics/pokemon_old/psyduck.png build/assets/graphics/object_events/pics/pokemon_old/psyduck.png_mwidth_2__mheight_2.4bpp -mwidth 2 -mheight 2
tools/gbagfx/gbagfx.exe graphics/object_events/pics/pokemon_old/raikou.png build/assets/graphics/object_events/pics/pokemon_old/raikou.png.4bpp 
tools/gbagfx/gbagfx.exe graphics/object_events/pics/pokemon_old/rayquaza_cutscene.png build/assets/graphics/object_events/pics/pokemon_old/rayquaza_cutscene.png_mwidth_8__mheight_8.4bpp -mwidth 8 -mheight 8
tools/gbagfx/gbagfx.exe graphics/object_events/pics/pokemon_old/rayquaza_still.png build/assets/graphics/object_events/pics/pokemon_old/rayquaza_still.png.4bpp 
tools/gbagfx/gbagfx.exe graphics/object_events/pics/pokemon_old/regi.png build/assets/graphics/object_events/pics/pokemon_old/regi.png.4bpp 
tools/gbagfx/gbagfx.exe graphics/object_events/pics/pokemon_old/seel.png build/assets/graphics/object_events/pics/pokemon_old/seel.png_mwidth_2__mheight_2.4bpp -mwidth 2 -mheight 2
tools/gbagfx/gbagfx.exe graphics/object_events/pics/pokemon_old/skitty.png build/assets/graphics/object_events/pics/pokemon_old/skitty.png_mwidth_2__mheight_2.4bpp -mwidth 2 -mheight 2
tools/gbagfx/gbagfx.exe graphics/object_events/pics/pokemon_old/slowbro.png build/assets/graphics/object_events/pics/pokemon_old/slowbro.png_mwidth_2__mheight_2.4bpp -mwidth 2 -mheight 2
tools/gbagfx/gbagfx.exe graphics/object_events/pics/pokemon_old/slowpoke.png build/assets/graphics/object_events/pics/pokemon_old/slowpoke.png_mwidth_2__mheight_2.4bpp -mwidth 2 -mheight 2
tools/gbagfx/gbagfx.exe graphics/object_events/pics/pokemon_old/snorlax.png build/assets/graphics/object_events/pics/pokemon_old/snorlax.png.4bpp 
tools/gbagfx/gbagfx.exe graphics/object_events/pics/pokemon_old/spearow.png build/assets/graphics/object_events/pics/pokemon_old/spearow.png_mwidth_2__mheight_2.4bpp -mwidth 2 -mheight 2
tools/gbagfx/gbagfx.exe graphics/object_events/pics/pokemon_old/substitute.png build/assets/graphics/object_events/pics/pokemon_old/substitute.png.gbapal 
tools/gbagfx/gbagfx.exe graphics/object_events/pics/pokemon_old/sudowoodo_tree.png build/assets/graphics/object_events/pics/pokemon_old/sudowoodo_tree.png_mwidth_2__mheight_4.4bpp -mwidth 2 -mheight 4
tools/gbagfx/gbagfx.exe graphics/object_events/pics/pokemon_old/suicune.png build/assets/graphics/object_events/pics/pokemon_old/suicune.png.4bpp 
tools/gbagfx/gbagfx.exe graphics/object_events/pics/pokemon_old/vigoroth_mover.png build/assets/graphics/object_events/pics/pokemon_old/vigoroth_mover.png_mwidth_4__mheight_4.4bpp -mwidth 4 -mheight 4
tools/gbagfx/gbagfx.exe graphics/object_events/pics/pokemon_old/voltorb.png build/assets/graphics/object_events/pics/pokemon_old/voltorb.png_mwidth_2__mheight_2.4bpp -mwidth 2 -mheight 2
tools/gbagfx/gbagfx.exe graphics/object_events/pics/pokemon_old/wigglytuff.png build/assets/graphics/object_events/pics/pokemon_old/wigglytuff.png_mwidth_2__mheight_2.4bpp -mwidth 2 -mheight 2
tools/gbagfx/gbagfx.exe graphics/object_events/pics/pokemon_old/wingull.png build/assets/graphics/object_events/pics/pokemon_old/wingull.png_mwidth_2__mheight_2.4bpp -mwidth 2 -mheight 2
tools/gbagfx/gbagfx.exe graphics/object_events/pics/people/brendan/running.png graphics/object_events/pics/people/brendan/running.4bpp -mwidth 2 -mheight 4
tools/gbagfx/gbagfx.exe graphics/object_events/pics/pokemon_old/zapdos.png build/assets/graphics/object_events/pics/pokemon_old/zapdos.png.4bpp 
tools/gbagfx/gbagfx.exe graphics/object_events/pics/pokemon_old/zigzagoon.png build/assets/graphics/object_events/pics/pokemon_old/zigzagoon.png_mwidth_2__mheight_2.4bpp -mwidth 2 -mheight 2
tools/gbagfx/gbagfx.exe graphics/object_events/pics/people/brendan/walking.png graphics/object_events/pics/people/brendan/walking.4bpp -mwidth 2 -mheight 4
tools/gbagfx/gbagfx.exe graphics/object_events/pics/people/may/running.png graphics/object_events/pics/people/may/running.4bpp -mwidth 2 -mheight 4
tools/gbagfx/gbagfx.exe graphics/object_events/pics/people/may/walking.png graphics/object_events/pics/people/may/walking.4bpp -mwidth 2 -mheight 4
tools/gbagfx/gbagfx.exe graphics/misc/evo_sparkle.png build/assets/graphics/misc/evo_sparkle.png.4bpp 
tools/gbagfx/gbagfx.exe graphics/evolution_scene/bg.png build/assets/graphics/evolution_scene/bg.png.4bpp 
tools/gbagfx/gbagfx.exe graphics/misc/evo_sparkle.png build/assets/graphics/misc/evo_sparkle.png.gbapal 
tools/gbagfx/gbagfx.exe graphics/evolution_scene/bg_anim.pal build/assets/graphics/evolution_scene/bg_anim.pal.gbapal 
tools/gbagfx/gbagfx.exe graphics/evolution_scene/bg_anim_intro.pal build/assets/graphics/evolution_scene/bg_anim_intro.pal.gbapal 
tools/compresSmol/compresSmolTilemap.exe graphics/evolution_scene/bg_inner.bin build/assets/graphics/evolution_scene/bg_inner.bin.smolTM 
tools/compresSmol/compresSmolTilemap.exe graphics/evolution_scene/bg_outer.bin build/assets/graphics/evolution_scene/bg_outer.bin.smolTM 
tools/gbagfx/gbagfx.exe graphics/evolution_scene/unused_1.pal build/assets/graphics/evolution_scene/unused_1.pal.gbapal 
tools/gbagfx/gbagfx.exe graphics/evolution_scene/unused_2.pal build/assets/graphics/evolution_scene/unused_2.pal.gbapal 
tools/gbagfx/gbagfx.exe graphics/evolution_scene/unused_3.pal build/assets/graphics/evolution_scene/unused_3.pal.gbapal 
tools/gbagfx/gbagfx.exe graphics/evolution_scene/unused_4.pal build/assets/graphics/evolution_scene/unused_4.pal.gbapal 
tools/gbagfx/gbagfx.exe graphics/expansion_intro/credits.pal build/assets/graphics/expansion_intro/credits.pal.gbapal 
tools/compresSmol/compresSmolTilemap.exe graphics/expansion_intro/powered_by.bin build/assets/graphics/expansion_intro/powered_by.bin.smolTM 
tools/gbagfx/gbagfx.exe graphics/expansion_intro/powered_by.png build/assets/graphics/expansion_intro/powered_by.png.4bpp 
tools/compresSmol/compresSmolTilemap.exe graphics/expansion_intro/rhh_credits.bin build/assets/graphics/expansion_intro/rhh_credits.bin.smolTM 
tools/gbagfx/gbagfx.exe graphics/expansion_intro/rhh_credits.png build/assets/graphics/expansion_intro/rhh_credits.png.8bpp 
tools/gbagfx/gbagfx.exe graphics/expansion_intro/sprites/dizzy_egg.png build/assets/graphics/expansion_intro/sprites/dizzy_egg.png.4bpp 
tools/gbagfx/gbagfx.exe graphics/expansion_intro/sprites/dizzy_egg.png build/assets/graphics/expansion_intro/sprites/dizzy_egg.png.gbapal 
tools/gbagfx/gbagfx.exe graphics/expansion_intro/sprites/porygon.png build/assets/graphics/expansion_intro/sprites/porygon.png.4bpp 
tools/gbagfx/gbagfx.exe graphics/expansion_intro/sprites/porygon.png build/assets/graphics/expansion_intro/sprites/porygon.png.gbapal 
tools/gbagfx/gbagfx.exe graphics/expansion_intro/sprites/shiny.pal build/assets/graphics/expansion_intro/sprites/shiny.pal.gbapal 
C:/msys64/ucrt64/bin/../lib/gcc/arm-none-eabi/13.4.0/cc1.exe -quiet <flags> -o build/emerald/src/fake_rtc.o src/fake_rtc.c
C:/msys64/ucrt64/bin/../lib/gcc/arm-none-eabi/13.4.0/cc1.exe -quiet <flags> -o build/emerald/src/fame_checker.o src/fame_checker.c
C:/msys64/ucrt64/bin/../lib/gcc/arm-none-eabi/13.4.0/cc1.exe -quiet <flags> -o build/emerald/src/faraway_island.o src/faraway_island.c
C:/msys64/ucrt64/bin/../lib/gcc/arm-none-eabi/13.4.0/cc1.exe -quiet <flags> -o build/emerald/src/field_camera.o src/field_camera.c
C:/msys64/ucrt64/bin/../lib/gcc/arm-none-eabi/13.4.0/cc1.exe -quiet <flags> -o build/emerald/src/field_control_avatar.o src/field_control_avatar.c
tools/gbagfx/gbagfx.exe graphics/door_anims/abandoned_ship.png build/assets/graphics/door_anims/abandoned_ship.png.4bpp 
tools/gbagfx/gbagfx.exe graphics/door_anims/abandoned_ship_room.png build/assets/graphics/door_anims/abandoned_ship_room.png.4bpp 
tools/gbagfx/gbagfx.exe graphics/door_anims/battle_arena.png build/assets/graphics/door_anims/battle_arena.png.4bpp 
tools/gbagfx/gbagfx.exe graphics/door_anims/battle_arena_lobby.png build/assets/graphics/door_anims/battle_arena_lobby.png.4bpp 
tools/gbagfx/gbagfx.exe graphics/door_anims/battle_dome.png build/assets/graphics/door_anims/battle_dome.png.4bpp 
tools/gbagfx/gbagfx.exe graphics/door_anims/battle_dome_corridor.png build/assets/graphics/door_anims/battle_dome_corridor.png.4bpp 
tools/gbagfx/gbagfx.exe graphics/door_anims/battle_dome_lobby.png build/assets/graphics/door_anims/battle_dome_lobby.png.4bpp 
tools/gbagfx/gbagfx.exe graphics/door_anims/battle_dome_pre_battle_room.png build/assets/graphics/door_anims/battle_dome_pre_battle_room.png.4bpp 
tools/gbagfx/gbagfx.exe graphics/door_anims/battle_factory.png build/assets/graphics/door_anims/battle_factory.png.4bpp 
tools/gbagfx/gbagfx.exe graphics/door_anims/battle_frontier.png build/assets/graphics/door_anims/battle_frontier.png.4bpp 
tools/gbagfx/gbagfx.exe graphics/door_anims/battle_frontier_sliding.png build/assets/graphics/door_anims/battle_frontier_sliding.png.4bpp 
tools/gbagfx/gbagfx.exe graphics/door_anims/battle_palace_lobby.png build/assets/graphics/door_anims/battle_palace_lobby.png.4bpp 
tools/gbagfx/gbagfx.exe graphics/door_anims/battle_tent.png build/assets/graphics/door_anims/battle_tent.png.4bpp 
tools/gbagfx/gbagfx.exe graphics/door_anims/battle_tent_interior.png build/assets/graphics/door_anims/battle_tent_interior.png.4bpp 
tools/gbagfx/gbagfx.exe graphics/door_anims/battle_tower_elevator.png build/assets/graphics/door_anims/battle_tower_elevator.png.4bpp 
tools/gbagfx/gbagfx.exe graphics/door_anims/battle_tower.png build/assets/graphics/door_anims/battle_tower.png.4bpp 
tools/gbagfx/gbagfx.exe graphics/door_anims/battle_tower_multi_corridor.png build/assets/graphics/door_anims/battle_tower_multi_corridor.png_mwidth_2__mheight_4.4bpp -mwidth 2 -mheight 4
tools/gbagfx/gbagfx.exe graphics/door_anims/battle_tower_old.png build/assets/graphics/door_anims/battle_tower_old.png.4bpp 
tools/gbagfx/gbagfx.exe graphics/door_anims/birchs_lab.png build/assets/graphics/door_anims/birchs_lab.png.4bpp 
tools/gbagfx/gbagfx.exe graphics/door_anims/cable_club.png build/assets/graphics/door_anims/cable_club.png.4bpp 
tools/gbagfx/gbagfx.exe graphics/door_anims/cerulean.png build/assets/graphics/door_anims/cerulean.png.4bpp 
tools/gbagfx/gbagfx.exe graphics/door_anims/cable_club_frlg.png build/assets/graphics/door_anims/cable_club_frlg.png.4bpp 
tools/gbagfx/gbagfx.exe graphics/door_anims/cinnabar_lab.png build/assets/graphics/door_anims/cinnabar_lab.png.4bpp 
tools/gbagfx/gbagfx.exe graphics/door_anims/cycling_road.png build/assets/graphics/door_anims/cycling_road.png.4bpp 
tools/gbagfx/gbagfx.exe graphics/door_anims/contest.png build/assets/graphics/door_anims/contest.png.4bpp 
tools/gbagfx/gbagfx.exe graphics/door_anims/dept_store_elevator.png build/assets/graphics/door_anims/dept_store_elevator.png.4bpp 
tools/gbagfx/gbagfx.exe graphics/door_anims/dewford.png build/assets/graphics/door_anims/dewford.png.4bpp 
tools/gbagfx/gbagfx.exe graphics/door_anims/dept_store.png build/assets/graphics/door_anims/dept_store.png.4bpp 
tools/gbagfx/gbagfx.exe graphics/door_anims/fallarbor_dark_roof.png build/assets/graphics/door_anims/fallarbor_dark_roof.png.4bpp 
tools/gbagfx/gbagfx.exe graphics/door_anims/fallarbor_light_roof.png build/assets/graphics/door_anims/fallarbor_light_roof.png.4bpp 
tools/gbagfx/gbagfx.exe graphics/door_anims/four_island_day_care.png build/assets/graphics/door_anims/four_island_day_care.png.4bpp 
tools/gbagfx/gbagfx.exe graphics/door_anims/fuchsia.png build/assets/graphics/door_anims/fuchsia.png.4bpp 
tools/gbagfx/gbagfx.exe graphics/door_anims/general.png build/assets/graphics/door_anims/general.png.4bpp 
tools/gbagfx/gbagfx.exe graphics/door_anims/general_frlg.png build/assets/graphics/door_anims/general_frlg.png.4bpp 
tools/gbagfx/gbagfx.exe graphics/door_anims/gym.png build/assets/graphics/door_anims/gym.png.4bpp 
tools/gbagfx/gbagfx.exe graphics/door_anims/hideout_elevator.png build/assets/graphics/door_anims/hideout_elevator.png.4bpp 
tools/gbagfx/gbagfx.exe graphics/door_anims/joyful_game_corner.png build/assets/graphics/door_anims/joyful_game_corner.png.4bpp 
tools/gbagfx/gbagfx.exe graphics/door_anims/lavender.png build/assets/graphics/door_anims/lavender.png.4bpp 
tools/gbagfx/gbagfx.exe graphics/door_anims/lilycove.png build/assets/graphics/door_anims/lilycove.png.4bpp 
tools/gbagfx/gbagfx.exe graphics/door_anims/lilycove_dept_store.png build/assets/graphics/door_anims/lilycove_dept_store.png.4bpp 
tools/gbagfx/gbagfx.exe graphics/door_anims/lilycove_wooden.png build/assets/graphics/door_anims/lilycove_wooden.png.4bpp 
tools/gbagfx/gbagfx.exe graphics/door_anims/lilycove_dept_store_elevator.png build/assets/graphics/door_anims/lilycove_dept_store_elevator.png.4bpp 
tools/gbagfx/gbagfx.exe graphics/door_anims/littleroot.png build/assets/graphics/door_anims/littleroot.png.4bpp 
tools/gbagfx/gbagfx.exe graphics/door_anims/mossdeep.png build/assets/graphics/door_anims/mossdeep.png.4bpp 
tools/gbagfx/gbagfx.exe graphics/door_anims/mauville.png build/assets/graphics/door_anims/mauville.png.4bpp 
tools/gbagfx/gbagfx.exe graphics/door_anims/mossdeep_space_center.png build/assets/graphics/door_anims/mossdeep_space_center.png.4bpp 
tools/gbagfx/gbagfx.exe graphics/door_anims/oaks_lab.png build/assets/graphics/door_anims/oaks_lab.png.4bpp 
tools/gbagfx/gbagfx.exe graphics/door_anims/oldale.png build/assets/graphics/door_anims/oldale.png.4bpp 
tools/gbagfx/gbagfx.exe graphics/door_anims/one_island_poke_center.png build/assets/graphics/door_anims/one_island_poke_center.png.4bpp 
tools/gbagfx/gbagfx.exe graphics/door_anims/pacifidlog.png build/assets/graphics/door_anims/pacifidlog.png.4bpp 
tools/gbagfx/gbagfx.exe graphics/door_anims/pallet.png build/assets/graphics/door_anims/pallet.png.4bpp 
tools/gbagfx/gbagfx.exe graphics/door_anims/petalburg_gym.png build/assets/graphics/door_anims/petalburg_gym.png.4bpp 
tools/gbagfx/gbagfx.exe graphics/door_anims/pewter.png build/assets/graphics/door_anims/pewter.png.4bpp 
tools/gbagfx/gbagfx.exe graphics/door_anims/poke_center.png build/assets/graphics/door_anims/poke_center.png.4bpp 
tools/gbagfx/gbagfx.exe graphics/door_anims/poke_mart.png build/assets/graphics/door_anims/poke_mart.png.4bpp 
tools/gbagfx/gbagfx.exe graphics/door_anims/pokemon_fan_club.png build/assets/graphics/door_anims/pokemon_fan_club.png.4bpp 
tools/gbagfx/gbagfx.exe graphics/door_anims/pokemon_league.png build/assets/graphics/door_anims/pokemon_league.png.4bpp 
tools/gbagfx/gbagfx.exe graphics/door_anims/rocket_warehouse.png build/assets/graphics/door_anims/rocket_warehouse.png.4bpp 
tools/gbagfx/gbagfx.exe graphics/door_anims/rustboro_gray.png build/assets/graphics/door_anims/rustboro_gray.png.4bpp 
tools/gbagfx/gbagfx.exe graphics/door_anims/rustboro_tan.png build/assets/graphics/door_anims/rustboro_tan.png.4bpp 
tools/gbagfx/gbagfx.exe graphics/door_anims/safari_zone.png build/assets/graphics/door_anims/safari_zone.png.4bpp 
tools/gbagfx/gbagfx.exe graphics/door_anims/safari_zone_frlg.png build/assets/graphics/door_anims/safari_zone_frlg.png.4bpp 
tools/gbagfx/gbagfx.exe graphics/door_anims/saffron.png build/assets/graphics/door_anims/saffron.png.4bpp 
tools/gbagfx/gbagfx.exe graphics/door_anims/sevii_123.png build/assets/graphics/door_anims/sevii_123.png.4bpp 
tools/gbagfx/gbagfx.exe graphics/door_anims/sevii_45.png build/assets/graphics/door_anims/sevii_45.png.4bpp 
tools/gbagfx/gbagfx.exe graphics/door_anims/silph_co.png build/assets/graphics/door_anims/silph_co.png.4bpp 
tools/gbagfx/gbagfx.exe graphics/door_anims/sevii_67.png build/assets/graphics/door_anims/sevii_67.png.4bpp 
tools/gbagfx/gbagfx.exe graphics/door_anims/silph_co_elevator.png build/assets/graphics/door_anims/silph_co_elevator.png.4bpp 
tools/gbagfx/gbagfx.exe graphics/door_anims/slateport.png build/assets/graphics/door_anims/slateport.png.4bpp 
tools/gbagfx/gbagfx.exe graphics/door_anims/sliding_double.png build/assets/graphics/door_anims/sliding_double.png.4bpp 
tools/gbagfx/gbagfx.exe graphics/door_anims/sliding_single.png build/assets/graphics/door_anims/sliding_single.png.4bpp 
tools/gbagfx/gbagfx.exe graphics/door_anims/sootopolis.png build/assets/graphics/door_anims/sootopolis.png.4bpp 
tools/gbagfx/gbagfx.exe graphics/door_anims/sootopolis_peaked_roof.png build/assets/graphics/door_anims/sootopolis_peaked_roof.png.4bpp 
tools/gbagfx/gbagfx.exe graphics/door_anims/ss_anne.png build/assets/graphics/door_anims/ss_anne.png.4bpp 
tools/gbagfx/gbagfx.exe graphics/door_anims/teleporter.png build/assets/graphics/door_anims/teleporter.png.4bpp 
tools/gbagfx/gbagfx.exe graphics/door_anims/trainer_hill_lobby_elevator.png build/assets/graphics/door_anims/trainer_hill_lobby_elevator.png.4bpp 
tools/gbagfx/gbagfx.exe graphics/door_anims/trainer_hill_roof_elevator.png build/assets/graphics/door_anims/trainer_hill_roof_elevator.png.4bpp 
tools/gbagfx/gbagfx.exe graphics/door_anims/trainer_tower_lobby_elevator.png build/assets/graphics/door_anims/trainer_tower_lobby_elevator.png.4bpp 
tools/gbagfx/gbagfx.exe graphics/door_anims/trainer_tower_roof_elevator.png build/assets/graphics/door_anims/trainer_tower_roof_elevator.png.4bpp 
tools/gbagfx/gbagfx.exe graphics/door_anims/unused_battle_frontier.png build/assets/graphics/door_anims/unused_battle_frontier.png.4bpp 
tools/gbagfx/gbagfx.exe graphics/door_anims/unused_bottom.png build/assets/graphics/door_anims/unused_bottom.png.4bpp 
tools/gbagfx/gbagfx.exe graphics/door_anims/unused_top.png build/assets/graphics/door_anims/unused_top.png.4bpp 
tools/gbagfx/gbagfx.exe graphics/door_anims/verdanturf.png build/assets/graphics/door_anims/verdanturf.png.4bpp 
tools/gbagfx/gbagfx.exe graphics/door_anims/vermilion.png build/assets/graphics/door_anims/vermilion.png.4bpp 
tools/gbagfx/gbagfx.exe graphics/birch_speech/birch.png build/assets/graphics/birch_speech/birch.png.4bpp 
tools/gbagfx/gbagfx.exe graphics/door_anims/viridian.png build/assets/graphics/door_anims/viridian.png.4bpp 
tools/gbagfx/gbagfx.exe graphics/birch_speech/birch.png build/assets/graphics/birch_speech/birch.png.gbapal 
tools/gbagfx/gbagfx.exe graphics/birch_speech/unused_beauty.png build/assets/graphics/birch_speech/unused_beauty.png_num_tiles_822__Wnum_tiles.4bpp -num_tiles 822 -Wnum_tiles
tools/gbagfx/gbagfx.exe graphics/field_effects/palettes/hof_monitor.pal build/assets/graphics/field_effects/palettes/hof_monitor.pal.gbapal 
tools/gbagfx/gbagfx.exe graphics/field_effects/palettes/pokeball_glow.pal build/assets/graphics/field_effects/palettes/pokeball_glow.pal.gbapal 
tools/gbagfx/gbagfx.exe graphics/field_effects/pics/deoxys_rock_fragment_bottom_left.png build/assets/graphics/field_effects/pics/deoxys_rock_fragment_bottom_left.png.4bpp 
tools/gbagfx/gbagfx.exe graphics/field_effects/pics/deoxys_rock_fragment_bottom_right.png build/assets/graphics/field_effects/pics/deoxys_rock_fragment_bottom_right.png.4bpp 
tools/gbagfx/gbagfx.exe graphics/field_effects/pics/deoxys_rock_fragment_top_right.png build/assets/graphics/field_effects/pics/deoxys_rock_fragment_top_right.png.4bpp 
tools/gbagfx/gbagfx.exe graphics/field_effects/pics/field_move_streaks.png build/assets/graphics/field_effects/pics/field_move_streaks.png.4bpp 
tools/gbagfx/gbagfx.exe graphics/field_effects/pics/deoxys_rock_fragment_top_left.png build/assets/graphics/field_effects/pics/deoxys_rock_fragment_top_left.png.4bpp 
tools/gbagfx/gbagfx.exe graphics/field_effects/pics/field_move_streaks.png build/assets/graphics/field_effects/pics/field_move_streaks.png.gbapal 
tools/gbagfx/gbagfx.exe graphics/field_effects/pics/field_move_streaks_indoors.png build/assets/graphics/field_effects/pics/field_move_streaks_indoors.png.4bpp 
tools/gbagfx/gbagfx.exe graphics/field_effects/pics/field_move_streaks_indoors.png build/assets/graphics/field_effects/pics/field_move_streaks_indoors.png.gbapal 
tools/gbagfx/gbagfx.exe graphics/field_effects/pics/hof_monitor_big.png build/assets/graphics/field_effects/pics/hof_monitor_big.png.4bpp 
tools/gbagfx/gbagfx.exe graphics/field_effects/pics/hof_monitor_frlg.png build/assets/graphics/field_effects/pics/hof_monitor_frlg.png.gbapal 
tools/gbagfx/gbagfx.exe graphics/field_effects/pics/hof_monitor_frlg.png build/assets/graphics/field_effects/pics/hof_monitor_frlg.png.4bpp 
tools/gbagfx/gbagfx.exe graphics/field_effects/pics/hof_monitor_small.png build/assets/graphics/field_effects/pics/hof_monitor_small.png.4bpp 
tools/gbagfx/gbagfx.exe graphics/field_effects/pics/pokeball_glow.png build/assets/graphics/field_effects/pics/pokeball_glow.png.4bpp 
tools/gbagfx/gbagfx.exe graphics/field_effects/pics/pokecenter_monitor/0.png build/assets/graphics/field_effects/pics/pokecenter_monitor/0.png.4bpp 
tools/gbagfx/gbagfx.exe graphics/field_effects/pics/pokecenter_monitor/1.png build/assets/graphics/field_effects/pics/pokecenter_monitor/1.png.4bpp 
tools/gbagfx/gbagfx.exe graphics/field_effects/pics/pokecenter_monitor/frlg.png build/assets/graphics/field_effects/pics/pokecenter_monitor/frlg.png.4bpp 
tools/gbagfx/gbagfx.exe graphics/field_effects/pics/spotlight.png build/assets/graphics/field_effects/pics/spotlight.png.4bpp 
tools/gbagfx/gbagfx.exe graphics/field_effects/pics/spotlight.png build/assets/graphics/field_effects/pics/spotlight.png.gbapal 
C:/msys64/ucrt64/bin/../lib/gcc/arm-none-eabi/13.4.0/cc1.exe -quiet <flags> -o build/emerald/src/field_effect_helpers.o src/field_effect_helpers.c
C:/msys64/ucrt64/bin/../lib/gcc/arm-none-eabi/13.4.0/cc1.exe -quiet <flags> -o build/emerald/src/field_message_box.o src/field_message_box.c
C:/msys64/ucrt64/bin/../lib/gcc/arm-none-eabi/13.4.0/cc1.exe -quiet <flags> -o build/emerald/src/field_move.o src/field_move.c
tools/gbagfx/gbagfx.exe graphics/pokenav/name_box.png build/assets/graphics/pokenav/name_box.png.4bpp 
tools/gbagfx/gbagfx.exe graphics/text_window/name_box.png build/assets/graphics/text_window/name_box.png.4bpp 
C:/msys64/ucrt64/bin/../lib/gcc/arm-none-eabi/13.4.0/cc1.exe -quiet <flags> -o build/emerald/src/field_player_avatar.o src/field_player_avatar.c
C:/msys64/ucrt64/bin/../lib/gcc/arm-none-eabi/13.4.0/cc1.exe -quiet <flags> -o build/emerald/src/field_poison.o src/field_poison.c
C:/msys64/ucrt64/bin/../lib/gcc/arm-none-eabi/13.4.0/cc1.exe -quiet <flags> -o build/emerald/src/field_region_map.o src/field_region_map.c
C:/msys64/ucrt64/bin/../lib/gcc/arm-none-eabi/13.4.0/cc1.exe -quiet <flags> -o build/emerald/src/field_screen_effect.o src/field_screen_effect.c
C:/msys64/ucrt64/bin/../lib/gcc/arm-none-eabi/13.4.0/cc1.exe -quiet <flags> -o build/emerald/src/field_special_scene.o src/field_special_scene.c
tools/gbagfx/gbagfx.exe graphics/field_effects/palettes/deoxys_rock_1.pal build/assets/graphics/field_effects/palettes/deoxys_rock_1.pal.gbapal 
tools/gbagfx/gbagfx.exe graphics/field_effects/palettes/deoxys_rock_10.pal build/assets/graphics/field_effects/palettes/deoxys_rock_10.pal.gbapal 
tools/gbagfx/gbagfx.exe graphics/field_effects/palettes/deoxys_rock_11.pal build/assets/graphics/field_effects/palettes/deoxys_rock_11.pal.gbapal 
tools/gbagfx/gbagfx.exe graphics/field_effects/palettes/deoxys_rock_2.pal build/assets/graphics/field_effects/palettes/deoxys_rock_2.pal.gbapal 
tools/gbagfx/gbagfx.exe graphics/field_effects/palettes/deoxys_rock_3.pal build/assets/graphics/field_effects/palettes/deoxys_rock_3.pal.gbapal 
tools/gbagfx/gbagfx.exe graphics/field_effects/palettes/deoxys_rock_4.pal build/assets/graphics/field_effects/palettes/deoxys_rock_4.pal.gbapal 
tools/gbagfx/gbagfx.exe graphics/field_effects/palettes/deoxys_rock_5.pal build/assets/graphics/field_effects/palettes/deoxys_rock_5.pal.gbapal 
tools/gbagfx/gbagfx.exe graphics/field_effects/palettes/deoxys_rock_6.pal build/assets/graphics/field_effects/palettes/deoxys_rock_6.pal.gbapal 
tools/gbagfx/gbagfx.exe graphics/field_effects/palettes/deoxys_rock_7.pal build/assets/graphics/field_effects/palettes/deoxys_rock_7.pal.gbapal 
tools/gbagfx/gbagfx.exe graphics/field_effects/palettes/deoxys_rock_8.pal build/assets/graphics/field_effects/palettes/deoxys_rock_8.pal.gbapal 
tools/gbagfx/gbagfx.exe graphics/field_effects/palettes/deoxys_rock_9.pal build/assets/graphics/field_effects/palettes/deoxys_rock_9.pal.gbapal 
tools/gbagfx/gbagfx.exe graphics/field_specials/champion_room_lighting_0.pal build/assets/graphics/field_specials/champion_room_lighting_0.pal.gbapal 
tools/gbagfx/gbagfx.exe graphics/field_specials/champion_room_lighting_1.pal build/assets/graphics/field_specials/champion_room_lighting_1.pal.gbapal 
tools/gbagfx/gbagfx.exe graphics/field_specials/champion_room_lighting_2.pal build/assets/graphics/field_specials/champion_room_lighting_2.pal.gbapal 
tools/gbagfx/gbagfx.exe graphics/field_specials/champion_room_lighting_3.pal build/assets/graphics/field_specials/champion_room_lighting_3.pal.gbapal 
tools/gbagfx/gbagfx.exe graphics/field_specials/champion_room_lighting_4.pal build/assets/graphics/field_specials/champion_room_lighting_4.pal.gbapal 
tools/gbagfx/gbagfx.exe graphics/field_specials/champion_room_lighting_5.pal build/assets/graphics/field_specials/champion_room_lighting_5.pal.gbapal 
tools/gbagfx/gbagfx.exe graphics/field_specials/champion_room_lighting_6.pal build/assets/graphics/field_specials/champion_room_lighting_6.pal.gbapal 
tools/gbagfx/gbagfx.exe graphics/field_specials/champion_room_lighting_7.pal build/assets/graphics/field_specials/champion_room_lighting_7.pal.gbapal 
tools/gbagfx/gbagfx.exe graphics/field_specials/champion_room_lighting_8.pal build/assets/graphics/field_specials/champion_room_lighting_8.pal.gbapal 
tools/gbagfx/gbagfx.exe graphics/field_specials/elite_four_lighting_0.pal build/assets/graphics/field_specials/elite_four_lighting_0.pal.gbapal 
tools/gbagfx/gbagfx.exe graphics/field_specials/elite_four_lighting_1.pal build/assets/graphics/field_specials/elite_four_lighting_1.pal.gbapal 
tools/gbagfx/gbagfx.exe graphics/field_specials/elite_four_lighting_10.pal build/assets/graphics/field_specials/elite_four_lighting_10.pal.gbapal 
tools/gbagfx/gbagfx.exe graphics/field_specials/elite_four_lighting_11.pal build/assets/graphics/field_specials/elite_four_lighting_11.pal.gbapal 
tools/gbagfx/gbagfx.exe graphics/field_specials/elite_four_lighting_2.pal build/assets/graphics/field_specials/elite_four_lighting_2.pal.gbapal 
tools/gbagfx/gbagfx.exe graphics/field_specials/elite_four_lighting_3.pal build/assets/graphics/field_specials/elite_four_lighting_3.pal.gbapal 
tools/gbagfx/gbagfx.exe graphics/field_specials/elite_four_lighting_4.pal build/assets/graphics/field_specials/elite_four_lighting_4.pal.gbapal 
tools/gbagfx/gbagfx.exe graphics/field_specials/elite_four_lighting_5.pal build/assets/graphics/field_specials/elite_four_lighting_5.pal.gbapal 
tools/gbagfx/gbagfx.exe graphics/field_specials/elite_four_lighting_6.pal build/assets/graphics/field_specials/elite_four_lighting_6.pal.gbapal 
tools/gbagfx/gbagfx.exe graphics/field_specials/elite_four_lighting_7.pal build/assets/graphics/field_specials/elite_four_lighting_7.pal.gbapal 
tools/gbagfx/gbagfx.exe graphics/field_specials/elite_four_lighting_8.pal build/assets/graphics/field_specials/elite_four_lighting_8.pal.gbapal 
tools/gbagfx/gbagfx.exe graphics/field_specials/elite_four_lighting_9.pal build/assets/graphics/field_specials/elite_four_lighting_9.pal.gbapal 
C:/msys64/ucrt64/bin/../lib/gcc/arm-none-eabi/13.4.0/cc1.exe -quiet <flags> -o build/emerald/src/field_tasks.o src/field_tasks.c
tools/gbagfx/gbagfx.exe graphics/weather/fog.pal build/assets/graphics/weather/fog.pal.gbapal 
tools/gbagfx/gbagfx.exe graphics/weather/bubble.png build/assets/graphics/weather/bubble.png.4bpp 
tools/gbagfx/gbagfx.exe graphics/weather/ash.png build/assets/graphics/weather/ash.png.4bpp 
tools/gbagfx/gbagfx.exe graphics/weather/cloud.png build/assets/graphics/weather/cloud.png.4bpp 
tools/gbagfx/gbagfx.exe graphics/weather/fog_diagonal.png build/assets/graphics/weather/fog_diagonal.png.4bpp 
tools/gbagfx/gbagfx.exe graphics/weather/cloud.png build/assets/graphics/weather/cloud.png.gbapal 
tools/gbagfx/gbagfx.exe graphics/weather/fog_horizontal.png build/assets/graphics/weather/fog_horizontal.png.4bpp 
tools/gbagfx/gbagfx.exe graphics/weather/rain.png build/assets/graphics/weather/rain.png.4bpp 
tools/gbagfx/gbagfx.exe graphics/weather/sandstorm.png build/assets/graphics/weather/sandstorm.png.4bpp 
tools/gbagfx/gbagfx.exe graphics/weather/sandstorm.png build/assets/graphics/weather/sandstorm.png.gbapal 
tools/gbagfx/gbagfx.exe graphics/weather/snow0.png build/assets/graphics/weather/snow0.png.4bpp 
tools/gbagfx/gbagfx.exe graphics/weather/snow1.png build/assets/graphics/weather/snow1.png.4bpp 
C:/msys64/ucrt64/bin/../lib/gcc/arm-none-eabi/13.4.0/cc1.exe -quiet <flags> -o build/emerald/src/fieldmap.o src/fieldmap.c
C:/msys64/ucrt64/bin/../lib/gcc/arm-none-eabi/13.4.0/cc1.exe -quiet <flags> -o build/emerald/src/fishing.o src/fishing.c
C:/msys64/ucrt64/bin/../lib/gcc/arm-none-eabi/13.4.0/cc1.exe -quiet <flags> -o build/emerald/src/fldeff_cut.o src/fldeff_cut.c
C:/msys64/ucrt64/bin/../lib/gcc/arm-none-eabi/13.4.0/cc1.exe -quiet <flags> -o build/emerald/src/fldeff_defog.o src/fldeff_defog.c
C:/msys64/ucrt64/bin/../lib/gcc/arm-none-eabi/13.4.0/cc1.exe -quiet <flags> -o build/emerald/src/fldeff_dig.o src/fldeff_dig.c
C:/msys64/ucrt64/bin/../lib/gcc/arm-none-eabi/13.4.0/cc1.exe -quiet <flags> -o build/emerald/src/fldeff_escalator.o src/fldeff_escalator.c
tools/gbagfx/gbagfx.exe graphics/cave_transition/black.pal build/assets/graphics/cave_transition/black.pal.gbapal 
tools/gbagfx/gbagfx.exe graphics/cave_transition/enter.pal build/assets/graphics/cave_transition/enter.pal.gbapal 
tools/compresSmol/compresSmolTilemap.exe graphics/cave_transition/tilemap.bin build/assets/graphics/cave_transition/tilemap.bin.smolTM 
tools/gbagfx/gbagfx.exe graphics/cave_transition/tiles.png build/assets/graphics/cave_transition/tiles.png.4bpp 
tools/gbagfx/gbagfx.exe graphics/cave_transition/white.pal build/assets/graphics/cave_transition/white.pal.gbapal 
tools/gbagfx/gbagfx.exe graphics/field_effects/palettes/record_mix_lights.pal build/assets/graphics/field_effects/palettes/record_mix_lights.pal.gbapal 
tools/gbagfx/gbagfx.exe graphics/field_effects/palettes/secret_power_cave.pal build/assets/graphics/field_effects/palettes/secret_power_cave.pal.gbapal 
tools/gbagfx/gbagfx.exe graphics/field_effects/palettes/secret_power_plant.pal build/assets/graphics/field_effects/palettes/secret_power_plant.pal.gbapal 
tools/gbagfx/gbagfx.exe graphics/field_effects/pics/record_mix_lights.png build/assets/graphics/field_effects/pics/record_mix_lights.png_mwidth_4__mheight_1.4bpp -mwidth 4 -mheight 1
tools/gbagfx/gbagfx.exe graphics/field_effects/pics/sand_pillar/0.png build/assets/graphics/field_effects/pics/sand_pillar/0.png.4bpp 
tools/gbagfx/gbagfx.exe graphics/field_effects/pics/sand_pillar/1.png build/assets/graphics/field_effects/pics/sand_pillar/1.png.4bpp 
tools/gbagfx/gbagfx.exe graphics/field_effects/pics/sand_pillar/2.png build/assets/graphics/field_effects/pics/sand_pillar/2.png.4bpp 
tools/gbagfx/gbagfx.exe graphics/field_effects/pics/secret_power_cave.png build/assets/graphics/field_effects/pics/secret_power_cave.png_mwidth_2__mheight_2.4bpp -mwidth 2 -mheight 2
tools/gbagfx/gbagfx.exe graphics/field_effects/pics/secret_power_shrub.png build/assets/graphics/field_effects/pics/secret_power_shrub.png_mwidth_2__mheight_2.4bpp -mwidth 2 -mheight 2
tools/gbagfx/gbagfx.exe graphics/field_effects/pics/secret_power_tree.png build/assets/graphics/field_effects/pics/secret_power_tree.png_mwidth_2__mheight_2.4bpp -mwidth 2 -mheight 2
C:/msys64/ucrt64/bin/../lib/gcc/arm-none-eabi/13.4.0/cc1.exe -quiet <flags> -o build/emerald/src/fldeff_rocksmash.o src/fldeff_rocksmash.c
C:/msys64/ucrt64/bin/../lib/gcc/arm-none-eabi/13.4.0/cc1.exe -quiet <flags> -o build/emerald/src/fldeff_softboiled.o src/fldeff_softboiled.c
C:/msys64/ucrt64/bin/../lib/gcc/arm-none-eabi/13.4.0/cc1.exe -quiet <flags> -o build/emerald/src/fldeff_strength.o src/fldeff_strength.c
C:/msys64/ucrt64/bin/../lib/gcc/arm-none-eabi/13.4.0/cc1.exe -quiet <flags> -o build/emerald/src/fldeff_sweetscent.o src/fldeff_sweetscent.c
C:/msys64/ucrt64/bin/../lib/gcc/arm-none-eabi/13.4.0/cc1.exe -quiet <flags> -o build/emerald/src/fldeff_teleport.o src/fldeff_teleport.c
C:/msys64/ucrt64/bin/../lib/gcc/arm-none-eabi/13.4.0/cc1.exe -quiet <flags> -o build/emerald/src/follower_helper.o src/follower_helper.c
C:/msys64/ucrt64/bin/../lib/gcc/arm-none-eabi/13.4.0/cc1.exe -quiet <flags> -o build/emerald/src/follower_npc.o src/follower_npc.c
tools/gbagfx/gbagfx.exe graphics/fonts/japanese_frlg_female.png build/assets/graphics/fonts/japanese_frlg_female.png.fwjpnfont 
tools/gbagfx/gbagfx.exe graphics/fonts/japanese_frlg_male.png build/assets/graphics/fonts/japanese_frlg_male.png.fwjpnfont 
tools/gbagfx/gbagfx.exe graphics/fonts/japanese_normal.png build/assets/graphics/fonts/japanese_normal.png.hwjpnfont 
tools/gbagfx/gbagfx.exe graphics/fonts/japanese_short.png build/assets/graphics/fonts/japanese_short.png.fwjpnfont 
tools/gbagfx/gbagfx.exe graphics/fonts/japanese_small.png build/assets/graphics/fonts/japanese_small.png.hwjpnfont 
tools/gbagfx/gbagfx.exe graphics/fonts/latin_narrow.png build/assets/graphics/fonts/latin_narrow.png.latfont 
tools/gbagfx/gbagfx.exe graphics/fonts/latin_narrower.png build/assets/graphics/fonts/latin_narrower.png.latfont 
tools/gbagfx/gbagfx.exe graphics/fonts/latin_normal.png build/assets/graphics/fonts/latin_normal.png.latfont 
tools/gbagfx/gbagfx.exe graphics/fonts/latin_short.png build/assets/graphics/fonts/latin_short.png.latfont 
tools/gbagfx/gbagfx.exe graphics/fonts/latin_short_narrow.png build/assets/graphics/fonts/latin_short_narrow.png.latfont 
tools/gbagfx/gbagfx.exe graphics/fonts/latin_short_narrower.png build/assets/graphics/fonts/latin_short_narrower.png.latfont 
tools/gbagfx/gbagfx.exe graphics/fonts/latin_small.png build/assets/graphics/fonts/latin_small.png.latfont 
tools/gbagfx/gbagfx.exe graphics/fonts/latin_small_narrow.png build/assets/graphics/fonts/latin_small_narrow.png.latfont 
tools/gbagfx/gbagfx.exe graphics/fonts/latin_small_narrower.png build/assets/graphics/fonts/latin_small_narrower.png.latfont 
tools/gbagfx/gbagfx.exe graphics/frontier_pass/cursor.png build/assets/graphics/frontier_pass/cursor.png.4bpp 
tools/gbagfx/gbagfx.exe graphics/frontier_pass/map_cursor.png build/assets/graphics/frontier_pass/map_cursor.png.4bpp 
tools/gbagfx/gbagfx.exe graphics/frontier_pass/map_heads.png build/assets/graphics/frontier_pass/map_heads.png.4bpp 
tools/gbagfx/gbagfx.exe graphics/frontier_pass/map_heads.png build/assets/graphics/frontier_pass/map_heads.png.gbapal 
tools/gbagfx/gbagfx.exe graphics/frontier_pass/map_heads_female.pal build/assets/graphics/frontier_pass/map_heads_female.pal.gbapal 
tools/compresSmol/compresSmolTilemap.exe graphics/frontier_pass/map_screen.bin build/assets/graphics/frontier_pass/map_screen.bin.smolTM 
tools/gbagfx/gbagfx.exe graphics/frontier_pass/map_screen.png build/assets/graphics/frontier_pass/map_screen.png.4bpp 
tools/compresSmol/compresSmolTilemap.exe graphics/frontier_pass/record_frame.bin build/assets/graphics/frontier_pass/record_frame.bin.smolTM 
tools/compresSmol/compresSmolTilemap.exe graphics/frontier_pass/small_map_and_card.bin build/assets/graphics/frontier_pass/small_map_and_card.bin.smolTM 
tools/compresSmol/compresSmolTilemap.exe graphics/frontier_pass/small_map_and_card_affine.bin build/assets/graphics/frontier_pass/small_map_and_card_affine.bin.smolTM 
C:/msys64/ucrt64/bin/../lib/gcc/arm-none-eabi/13.4.0/cc1.exe -quiet <flags> -o build/emerald/src/frontier_util.o src/frontier_util.c
C:/msys64/ucrt64/bin/../lib/gcc/arm-none-eabi/13.4.0/cc1.exe -quiet <flags> -o build/emerald/src/give_gift_ribbon_to_party.o src/give_gift_ribbon_to_party.c
C:/msys64/ucrt64/bin/../lib/gcc/arm-none-eabi/13.4.0/cc1.exe -quiet <flags> -o build/emerald/src/gpu_regs.o src/gpu_regs.c
tools/gbagfx/gbagfx.exe data/tilesets/primary/general/palettes/00.pal build/assets/data/tilesets/primary/general/palettes/00.pal.gbapal 
tools/gbagfx/gbagfx.exe data/tilesets/primary/general/palettes/01.pal build/assets/data/tilesets/primary/general/palettes/01.pal.gbapal 
tools/gbagfx/gbagfx.exe data/tilesets/primary/general/palettes/02.pal build/assets/data/tilesets/primary/general/palettes/02.pal.gbapal 
tools/gbagfx/gbagfx.exe data/tilesets/primary/general/palettes/03.pal build/assets/data/tilesets/primary/general/palettes/03.pal.gbapal 
tools/gbagfx/gbagfx.exe data/tilesets/primary/general/palettes/04.pal build/assets/data/tilesets/primary/general/palettes/04.pal.gbapal 
tools/gbagfx/gbagfx.exe data/tilesets/primary/general/palettes/05.pal build/assets/data/tilesets/primary/general/palettes/05.pal.gbapal 
tools/gbagfx/gbagfx.exe data/tilesets/primary/general/palettes/06.pal build/assets/data/tilesets/primary/general/palettes/06.pal.gbapal 
tools/gbagfx/gbagfx.exe data/tilesets/primary/general/palettes/07.pal build/assets/data/tilesets/primary/general/palettes/07.pal.gbapal 
tools/gbagfx/gbagfx.exe data/tilesets/primary/general/palettes/08.pal build/assets/data/tilesets/primary/general/palettes/08.pal.gbapal 
tools/gbagfx/gbagfx.exe data/tilesets/primary/general/palettes/09.pal build/assets/data/tilesets/primary/general/palettes/09.pal.gbapal 
tools/gbagfx/gbagfx.exe data/tilesets/primary/general/palettes/10.pal build/assets/data/tilesets/primary/general/palettes/10.pal.gbapal 
tools/gbagfx/gbagfx.exe data/tilesets/primary/general/palettes/11.pal build/assets/data/tilesets/primary/general/palettes/11.pal.gbapal 
tools/gbagfx/gbagfx.exe data/tilesets/primary/general/palettes/12.pal build/assets/data/tilesets/primary/general/palettes/12.pal.gbapal 
tools/gbagfx/gbagfx.exe data/tilesets/primary/general/palettes/13.pal build/assets/data/tilesets/primary/general/palettes/13.pal.gbapal 
tools/gbagfx/gbagfx.exe data/tilesets/primary/general/palettes/14.pal build/assets/data/tilesets/primary/general/palettes/14.pal.gbapal 
tools/gbagfx/gbagfx.exe data/tilesets/primary/general/palettes/15.pal build/assets/data/tilesets/primary/general/palettes/15.pal.gbapal 
tools/gbagfx/gbagfx.exe data/tilesets/primary/general/tiles.png build/assets/data/tilesets/primary/general/tiles.png.4bpp 
tools/gbagfx/gbagfx.exe graphics/bag/bag.pal build/assets/graphics/bag/bag.pal.gbapal 
tools/gbagfx/gbagfx.exe graphics/bag/bag_female.png build/assets/graphics/bag/bag_female.png.4bpp 
tools/gbagfx/gbagfx.exe graphics/bag/bag_male.png build/assets/graphics/bag/bag_male.png.4bpp 
tools/gbagfx/gbagfx.exe graphics/bag/bag_pyramid.pal build/assets/graphics/bag/bag_pyramid.pal.gbapal 
tools/gbagfx/gbagfx.exe graphics/bag/bag_pyramid.png build/assets/graphics/bag/bag_pyramid.png.4bpp 
tools/compresSmol/compresSmolTilemap.exe graphics/bag/berry_tag.bin build/assets/graphics/bag/berry_tag.bin.smolTM 
tools/compresSmol/compresSmolTilemap.exe graphics/bag/berry_tag_title.bin build/assets/graphics/bag/berry_tag_title.bin.smolTM 
tools/gbagfx/gbagfx.exe graphics/bag/check_berry.pal build/assets/graphics/bag/check_berry.pal.gbapal 
tools/gbagfx/gbagfx.exe graphics/bag/check_berry.png build/assets/graphics/bag/check_berry.png.4bpp 
tools/gbagfx/gbagfx.exe graphics/bag/check_berry_circle.png build/assets/graphics/bag/check_berry_circle.png.4bpp 
tools/gbagfx/gbagfx.exe graphics/bag/hm.png build/assets/graphics/bag/hm.png.4bpp 
tools/compresSmol/compresSmolTilemap.exe graphics/bag/menu.bin build/assets/graphics/bag/menu.bin.smolTM 
tools/gbagfx/gbagfx.exe graphics/bag/menu.png build/assets/graphics/bag/menu.png_num_tiles_53__Wnum_tiles.4bpp -num_tiles 53 -Wnum_tiles
tools/gbagfx/gbagfx.exe graphics/bag/menu_female.pal build/assets/graphics/bag/menu_female.pal.gbapal 
tools/gbagfx/gbagfx.exe graphics/bag/menu_male.pal build/assets/graphics/bag/menu_male.pal.gbapal 
tools/compresSmol/compresSmolTilemap.exe graphics/bag/menu_pyramid.bin build/assets/graphics/bag/menu_pyramid.bin.smolTM 
tools/gbagfx/gbagfx.exe graphics/bag/menu_pyramid.pal build/assets/graphics/bag/menu_pyramid.pal.gbapal 
tools/gbagfx/gbagfx.exe graphics/balls/beast.png build/assets/graphics/balls/beast.png.4bpp 
tools/gbagfx/gbagfx.exe graphics/balls/beast.png build/assets/graphics/balls/beast.png.gbapal 
tools/gbagfx/gbagfx.exe graphics/balls/cherish.png build/assets/graphics/balls/cherish.png.4bpp 
tools/gbagfx/gbagfx.exe graphics/balls/cherish.png build/assets/graphics/balls/cherish.png.gbapal 
tools/gbagfx/gbagfx.exe graphics/balls/dive.png build/assets/graphics/balls/dive.png.4bpp 
tools/gbagfx/gbagfx.exe graphics/balls/dive.png build/assets/graphics/balls/dive.png.gbapal 
tools/gbagfx/gbagfx.exe graphics/balls/dream.png build/assets/graphics/balls/dream.png.4bpp 
tools/gbagfx/gbagfx.exe graphics/balls/dream.png build/assets/graphics/balls/dream.png.gbapal 
tools/gbagfx/gbagfx.exe graphics/balls/dusk.png build/assets/graphics/balls/dusk.png.4bpp 
tools/gbagfx/gbagfx.exe graphics/balls/dusk.png build/assets/graphics/balls/dusk.png.gbapal 
tools/gbagfx/gbagfx.exe graphics/balls/fast.png build/assets/graphics/balls/fast.png.4bpp 
tools/gbagfx/gbagfx.exe graphics/balls/fast.png build/assets/graphics/balls/fast.png.gbapal 
tools/gbagfx/gbagfx.exe graphics/balls/friend.png build/assets/graphics/balls/friend.png.4bpp 
tools/gbagfx/gbagfx.exe graphics/balls/friend.png build/assets/graphics/balls/friend.png.gbapal 
tools/gbagfx/gbagfx.exe graphics/balls/great.png build/assets/graphics/balls/great.png.4bpp 
tools/gbagfx/gbagfx.exe graphics/balls/great.png build/assets/graphics/balls/great.png.gbapal 
tools/gbagfx/gbagfx.exe graphics/balls/heal.png build/assets/graphics/balls/heal.png.4bpp 
tools/gbagfx/gbagfx.exe graphics/balls/heal.png build/assets/graphics/balls/heal.png.gbapal 
tools/gbagfx/gbagfx.exe graphics/balls/heavy.png build/assets/graphics/balls/heavy.png.4bpp 
tools/gbagfx/gbagfx.exe graphics/balls/heavy.png build/assets/graphics/balls/heavy.png.gbapal 
tools/gbagfx/gbagfx.exe graphics/balls/level.png build/assets/graphics/balls/level.png.4bpp 
tools/gbagfx/gbagfx.exe graphics/balls/level.png build/assets/graphics/balls/level.png.gbapal 
tools/gbagfx/gbagfx.exe graphics/balls/love.png build/assets/graphics/balls/love.png.4bpp 
tools/gbagfx/gbagfx.exe graphics/balls/love.png build/assets/graphics/balls/love.png.gbapal 
tools/gbagfx/gbagfx.exe graphics/balls/lure.png build/assets/graphics/balls/lure.png.4bpp 
tools/gbagfx/gbagfx.exe graphics/balls/lure.png build/assets/graphics/balls/lure.png.gbapal 
tools/gbagfx/gbagfx.exe graphics/balls/luxury.png build/assets/graphics/balls/luxury.png.4bpp 
tools/gbagfx/gbagfx.exe graphics/balls/luxury.png build/assets/graphics/balls/luxury.png.gbapal 
tools/gbagfx/gbagfx.exe graphics/balls/master.png build/assets/graphics/balls/master.png.4bpp 
tools/gbagfx/gbagfx.exe graphics/balls/master.png build/assets/graphics/balls/master.png.gbapal 
tools/gbagfx/gbagfx.exe graphics/balls/moon.png build/assets/graphics/balls/moon.png.4bpp 
tools/gbagfx/gbagfx.exe graphics/balls/moon.png build/assets/graphics/balls/moon.png.gbapal 
tools/gbagfx/gbagfx.exe graphics/balls/nest.png build/assets/graphics/balls/nest.png.4bpp 
tools/gbagfx/gbagfx.exe graphics/balls/nest.png build/assets/graphics/balls/nest.png.gbapal 
tools/gbagfx/gbagfx.exe graphics/balls/net.png build/assets/graphics/balls/net.png.4bpp 
tools/gbagfx/gbagfx.exe graphics/balls/net.png build/assets/graphics/balls/net.png.gbapal 
tools/gbagfx/gbagfx.exe graphics/balls/park.png build/assets/graphics/balls/park.png.4bpp 
tools/gbagfx/gbagfx.exe graphics/balls/park.png build/assets/graphics/balls/park.png.gbapal 
tools/gbagfx/gbagfx.exe graphics/balls/open.png build/assets/graphics/balls/open.png.4bpp 
tools/gbagfx/gbagfx.exe graphics/balls/poke.png build/assets/graphics/balls/poke.png.4bpp 
tools/gbagfx/gbagfx.exe graphics/balls/poke.png build/assets/graphics/balls/poke.png.gbapal 
tools/gbagfx/gbagfx.exe graphics/balls/premier.png build/assets/graphics/balls/premier.png.4bpp 
tools/gbagfx/gbagfx.exe graphics/balls/premier.png build/assets/graphics/balls/premier.png.gbapal 
tools/gbagfx/gbagfx.exe graphics/balls/quick.png build/assets/graphics/balls/quick.png.4bpp 
tools/gbagfx/gbagfx.exe graphics/balls/quick.png build/assets/graphics/balls/quick.png.gbapal 
tools/gbagfx/gbagfx.exe graphics/balls/repeat.png build/assets/graphics/balls/repeat.png.4bpp 
tools/gbagfx/gbagfx.exe graphics/balls/repeat.png build/assets/graphics/balls/repeat.png.gbapal 
tools/gbagfx/gbagfx.exe graphics/balls/safari.png build/assets/graphics/balls/safari.png.4bpp 
tools/gbagfx/gbagfx.exe graphics/balls/safari.png build/assets/graphics/balls/safari.png.gbapal 
tools/gbagfx/gbagfx.exe graphics/balls/sport.png build/assets/graphics/balls/sport.png.4bpp 
tools/gbagfx/gbagfx.exe graphics/balls/sport.png build/assets/graphics/balls/sport.png.gbapal 
tools/gbagfx/gbagfx.exe graphics/balls/strange.png build/assets/graphics/balls/strange.png.4bpp 
tools/gbagfx/gbagfx.exe graphics/balls/strange.png build/assets/graphics/balls/strange.png.gbapal 
tools/gbagfx/gbagfx.exe graphics/balls/timer.png build/assets/graphics/balls/timer.png.4bpp 
tools/gbagfx/gbagfx.exe graphics/balls/timer.png build/assets/graphics/balls/timer.png.gbapal 
tools/gbagfx/gbagfx.exe graphics/balls/ultra.png build/assets/graphics/balls/ultra.png.4bpp 
tools/gbagfx/gbagfx.exe graphics/balls/ultra.png build/assets/graphics/balls/ultra.png.gbapal 
tools/gbagfx/gbagfx.exe graphics/battle_anims/backgrounds/aeroblast.pal build/assets/graphics/battle_anims/backgrounds/aeroblast.pal.gbapal 
tools/compresSmol/compresSmolTilemap.exe graphics/battle_anims/backgrounds/aeroblast_map.bin build/assets/graphics/battle_anims/backgrounds/aeroblast_map.bin.smolTM 
tools/gbagfx/gbagfx.exe graphics/battle_anims/backgrounds/aeroblast_tiles.png build/assets/graphics/battle_anims/backgrounds/aeroblast_tiles.png.4bpp 
tools/compresSmol/compresSmolTilemap.exe graphics/battle_anims/backgrounds/attract.bin build/assets/graphics/battle_anims/backgrounds/attract.bin.smolTM 
tools/gbagfx/gbagfx.exe graphics/battle_anims/backgrounds/attract.png build/assets/graphics/battle_anims/backgrounds/attract.png.4bpp 
tools/gbagfx/gbagfx.exe graphics/battle_anims/backgrounds/attract.png build/assets/graphics/battle_anims/backgrounds/attract.png.gbapal 
tools/gbagfx/gbagfx.exe graphics/battle_anims/backgrounds/aura_sphere.pal build/assets/graphics/battle_anims/backgrounds/aura_sphere.pal.gbapal 
tools/compresSmol/compresSmolTilemap.exe graphics/battle_anims/backgrounds/aurora.bin build/assets/graphics/battle_anims/backgrounds/aurora.bin.smolTM 
tools/gbagfx/gbagfx.exe graphics/battle_anims/backgrounds/aurora.png build/assets/graphics/battle_anims/backgrounds/aurora.png.4bpp 
tools/gbagfx/gbagfx.exe graphics/battle_anims/backgrounds/aurora.png build/assets/graphics/battle_anims/backgrounds/aurora.png.gbapal 
tools/compresSmol/compresSmolTilemap.exe graphics/battle_anims/backgrounds/blackhole_eclipse.bin build/assets/graphics/battle_anims/backgrounds/blackhole_eclipse.bin.smolTM 
tools/gbagfx/gbagfx.exe graphics/battle_anims/backgrounds/blackhole_eclipse.png build/assets/graphics/battle_anims/backgrounds/blackhole_eclipse.png.4bpp 
tools/gbagfx/gbagfx.exe graphics/battle_anims/backgrounds/blackhole_eclipse.png build/assets/graphics/battle_anims/backgrounds/blackhole_eclipse.png.gbapal 
tools/compresSmol/compresSmolTilemap.exe graphics/battle_anims/backgrounds/bloom_doom.bin build/assets/graphics/battle_anims/backgrounds/bloom_doom.bin.smolTM 
tools/gbagfx/gbagfx.exe graphics/battle_anims/backgrounds/bloom_doom.png build/assets/graphics/battle_anims/backgrounds/bloom_doom.png.4bpp 
tools/gbagfx/gbagfx.exe graphics/battle_anims/backgrounds/bloom_doom.pal build/assets/graphics/battle_anims/backgrounds/bloom_doom.pal.gbapal 
tools/compresSmol/compresSmolTilemap.exe graphics/battle_anims/backgrounds/bolt_strike.bin build/assets/graphics/battle_anims/backgrounds/bolt_strike.bin.smolTM 
tools/gbagfx/gbagfx.exe graphics/battle_anims/backgrounds/bolt_strike.pal build/assets/graphics/battle_anims/backgrounds/bolt_strike.pal.gbapal 
tools/gbagfx/gbagfx.exe graphics/battle_anims/backgrounds/bolt_strike.png build/assets/graphics/battle_anims/backgrounds/bolt_strike.png.4bpp 
tools/gbagfx/gbagfx.exe graphics/battle_anims/backgrounds/bug.pal build/assets/graphics/battle_anims/backgrounds/bug.pal.gbapal 
tools/gbagfx/gbagfx.exe graphics/battle_anims/backgrounds/chloroblast.pal build/assets/graphics/battle_anims/backgrounds/chloroblast.pal.gbapal 
tools/compresSmol/compresSmolTilemap.exe graphics/battle_anims/backgrounds/clangorous_soulblaze.bin build/assets/graphics/battle_anims/backgrounds/clangorous_soulblaze.bin.smolTM 
tools/gbagfx/gbagfx.exe graphics/battle_anims/backgrounds/clangorous_soulblaze.png build/assets/graphics/battle_anims/backgrounds/clangorous_soulblaze.png.4bpp 
tools/gbagfx/gbagfx.exe graphics/battle_anims/backgrounds/clangorous_soulblaze.pal build/assets/graphics/battle_anims/backgrounds/clangorous_soulblaze.pal.gbapal 
tools/gbagfx/gbagfx.exe graphics/battle_anims/backgrounds/cosmic.png build/assets/graphics/battle_anims/backgrounds/cosmic.png.4bpp 
tools/gbagfx/gbagfx.exe graphics/battle_anims/backgrounds/cosmic.png build/assets/graphics/battle_anims/backgrounds/cosmic.png.gbapal 
tools/compresSmol/compresSmolTilemap.exe graphics/battle_anims/backgrounds/cosmic.bin build/assets/graphics/battle_anims/backgrounds/cosmic.bin.smolTM 
tools/compresSmol/compresSmolTilemap.exe graphics/battle_anims/backgrounds/dark.bin build/assets/graphics/battle_anims/backgrounds/dark.bin.smolTM 
tools/gbagfx/gbagfx.exe graphics/battle_anims/backgrounds/dark.png build/assets/graphics/battle_anims/backgrounds/dark.png.4bpp 
tools/gbagfx/gbagfx.exe graphics/battle_anims/backgrounds/dark.png build/assets/graphics/battle_anims/backgrounds/dark.png.gbapal 
tools/gbagfx/gbagfx.exe graphics/battle_anims/backgrounds/dark_void.pal build/assets/graphics/battle_anims/backgrounds/dark_void.pal.gbapal 
tools/compresSmol/compresSmolTilemap.exe graphics/battle_anims/backgrounds/dark_void.bin build/assets/graphics/battle_anims/backgrounds/dark_void.bin.smolTM 
tools/compresSmol/compresSmolTilemap.exe graphics/battle_anims/backgrounds/drill.bin build/assets/graphics/battle_anims/backgrounds/drill.bin.smolTM 
tools/gbagfx/gbagfx.exe graphics/battle_anims/backgrounds/drill.png build/assets/graphics/battle_anims/backgrounds/drill.png.gbapal 
tools/gbagfx/gbagfx.exe graphics/battle_anims/backgrounds/drill.png build/assets/graphics/battle_anims/backgrounds/drill.png.4bpp 
tools/compresSmol/compresSmolTilemap.exe graphics/battle_anims/backgrounds/drill_contests.bin build/assets/graphics/battle_anims/backgrounds/drill_contests.bin.smolTM 
tools/compresSmol/compresSmolTilemap.exe graphics/battle_anims/backgrounds/electric_terrain.bin build/assets/graphics/battle_anims/backgrounds/electric_terrain.bin.smolTM 
tools/gbagfx/gbagfx.exe graphics/battle_anims/backgrounds/dynamax_cannon.pal build/assets/graphics/battle_anims/backgrounds/dynamax_cannon.pal.gbapal 
tools/gbagfx/gbagfx.exe graphics/battle_anims/backgrounds/electric_terrain.pal build/assets/graphics/battle_anims/backgrounds/electric_terrain.pal.gbapal 
tools/gbagfx/gbagfx.exe graphics/battle_anims/backgrounds/electric_terrain.png build/assets/graphics/battle_anims/backgrounds/electric_terrain.png.4bpp 
tools/compresSmol/compresSmolTilemap.exe graphics/battle_anims/backgrounds/fire1.bin build/assets/graphics/battle_anims/backgrounds/fire1.bin.smolTM 
tools/gbagfx/gbagfx.exe graphics/battle_anims/backgrounds/fire1.pal build/assets/graphics/battle_anims/backgrounds/fire1.pal.gbapal 
tools/gbagfx/gbagfx.exe graphics/battle_anims/backgrounds/fire1.png build/assets/graphics/battle_anims/backgrounds/fire1.png.4bpp 
tools/gbagfx/gbagfx.exe graphics/battle_anims/backgrounds/fire2.pal build/assets/graphics/battle_anims/backgrounds/fire2.pal.gbapal 
tools/compresSmol/compresSmolTilemap.exe graphics/battle_anims/backgrounds/fissure.bin build/assets/graphics/battle_anims/backgrounds/fissure.bin.smolTM 
tools/gbagfx/gbagfx.exe graphics/battle_anims/backgrounds/fissure.png build/assets/graphics/battle_anims/backgrounds/fissure.png.4bpp 
tools/gbagfx/gbagfx.exe graphics/battle_anims/backgrounds/fissure.png build/assets/graphics/battle_anims/backgrounds/fissure.png.gbapal 
tools/compresSmol/compresSmolTilemap.exe graphics/battle_anims/backgrounds/focus_blast.bin build/assets/graphics/battle_anims/backgrounds/focus_blast.bin.smolTM 
tools/gbagfx/gbagfx.exe graphics/battle_anims/backgrounds/focus_blast.pal build/assets/graphics/battle_anims/backgrounds/focus_blast.pal.gbapal 
tools/gbagfx/gbagfx.exe graphics/battle_anims/backgrounds/focus_blast.png build/assets/graphics/battle_anims/backgrounds/focus_blast.png.4bpp 
tools/compresSmol/compresSmolTilemap.exe graphics/battle_anims/backgrounds/fog.bin build/assets/graphics/battle_anims/backgrounds/fog.bin.smolTM 
tools/gbagfx/gbagfx.exe graphics/battle_anims/backgrounds/garbage_falls.pal build/assets/graphics/battle_anims/backgrounds/garbage_falls.pal.gbapal 
tools/compresSmol/compresSmolTilemap.exe graphics/battle_anims/backgrounds/ghost.bin build/assets/graphics/battle_anims/backgrounds/ghost.bin.smolTM 
tools/gbagfx/gbagfx.exe graphics/battle_anims/backgrounds/ghost.png build/assets/graphics/battle_anims/backgrounds/ghost.png.gbapal 
tools/gbagfx/gbagfx.exe graphics/battle_anims/backgrounds/ghost.png build/assets/graphics/battle_anims/backgrounds/ghost.png.4bpp 
tools/gbagfx/gbagfx.exe graphics/battle_anims/backgrounds/giga_impact.pal build/assets/graphics/battle_anims/backgrounds/giga_impact.pal.gbapal 
tools/gbagfx/gbagfx.exe graphics/battle_anims/backgrounds/giga_impact.png build/assets/graphics/battle_anims/backgrounds/giga_impact.png.4bpp 
tools/compresSmol/compresSmolTilemap.exe graphics/battle_anims/backgrounds/giga_impact_contest.bin build/assets/graphics/battle_anims/backgrounds/giga_impact_contest.bin.smolTM 
tools/gbagfx/gbagfx.exe graphics/battle_anims/backgrounds/giga_impact_contest.png build/assets/graphics/battle_anims/backgrounds/giga_impact_contest.png.4bpp 
tools/compresSmol/compresSmolTilemap.exe graphics/battle_anims/backgrounds/giga_impact_opponent.bin build/assets/graphics/battle_anims/backgrounds/giga_impact_opponent.bin.smolTM 
tools/compresSmol/compresSmolTilemap.exe graphics/battle_anims/backgrounds/giga_impact_player.bin build/assets/graphics/battle_anims/backgrounds/giga_impact_player.bin.smolTM 
tools/compresSmol/compresSmolTilemap.exe graphics/battle_anims/backgrounds/grassy_terrain.bin build/assets/graphics/battle_anims/backgrounds/grassy_terrain.bin.smolTM 
tools/gbagfx/gbagfx.exe graphics/battle_anims/backgrounds/grassy_terrain.pal build/assets/graphics/battle_anims/backgrounds/grassy_terrain.pal.gbapal 
tools/gbagfx/gbagfx.exe graphics/battle_anims/backgrounds/grassy_terrain.png build/assets/graphics/battle_anims/backgrounds/grassy_terrain.png.4bpp 
tools/gbagfx/gbagfx.exe graphics/battle_anims/backgrounds/guillotine.png build/assets/graphics/battle_anims/backgrounds/guillotine.png.4bpp 
tools/gbagfx/gbagfx.exe graphics/battle_anims/backgrounds/guillotine.png build/assets/graphics/battle_anims/backgrounds/guillotine.png.gbapal 
tools/compresSmol/compresSmolTilemap.exe graphics/battle_anims/backgrounds/guillotine_contests.bin build/assets/graphics/battle_anims/backgrounds/guillotine_contests.bin.smolTM 
tools/compresSmol/compresSmolTilemap.exe graphics/battle_anims/backgrounds/guillotine_opponent.bin build/assets/graphics/battle_anims/backgrounds/guillotine_opponent.bin.smolTM 
tools/compresSmol/compresSmolTilemap.exe graphics/battle_anims/backgrounds/guillotine_player.bin build/assets/graphics/battle_anims/backgrounds/guillotine_player.bin.smolTM 
tools/gbagfx/gbagfx.exe graphics/battle_anims/backgrounds/gunk_shot.pal build/assets/graphics/battle_anims/backgrounds/gunk_shot.pal.gbapal 
tools/gbagfx/gbagfx.exe graphics/battle_anims/backgrounds/highspeed.png build/assets/graphics/battle_anims/backgrounds/highspeed.png.4bpp 
tools/gbagfx/gbagfx.exe graphics/battle_anims/backgrounds/highspeed.png build/assets/graphics/battle_anims/backgrounds/highspeed.png.gbapal 
tools/compresSmol/compresSmolTilemap.exe graphics/battle_anims/backgrounds/highspeed_opponent.bin build/assets/graphics/battle_anims/backgrounds/highspeed_opponent.bin.smolTM 
tools/compresSmol/compresSmolTilemap.exe graphics/battle_anims/backgrounds/highspeed_player.bin build/assets/graphics/battle_anims/backgrounds/highspeed_player.bin.smolTM 
tools/gbagfx/gbagfx.exe graphics/battle_anims/backgrounds/hurricane.pal build/assets/graphics/battle_anims/backgrounds/hurricane.pal.gbapal 
tools/compresSmol/compresSmolTilemap.exe graphics/battle_anims/backgrounds/hurricane.bin build/assets/graphics/battle_anims/backgrounds/hurricane.bin.smolTM 
tools/gbagfx/gbagfx.exe graphics/battle_anims/backgrounds/hurricane.png build/assets/graphics/battle_anims/backgrounds/hurricane.png.4bpp 
tools/compresSmol/compresSmolTilemap.exe graphics/battle_anims/backgrounds/hydro_cannon.bin build/assets/graphics/battle_anims/backgrounds/hydro_cannon.bin.smolTM 
tools/gbagfx/gbagfx.exe graphics/battle_anims/backgrounds/hydro_cannon.pal build/assets/graphics/battle_anims/backgrounds/hydro_cannon.pal.gbapal 
tools/gbagfx/gbagfx.exe graphics/battle_anims/backgrounds/hydro_cannon.png build/assets/graphics/battle_anims/backgrounds/hydro_cannon.png.4bpp 
tools/compresSmol/compresSmolTilemap.exe graphics/battle_anims/backgrounds/hydro_pump.bin build/assets/graphics/battle_anims/backgrounds/hydro_pump.bin.smolTM 
tools/gbagfx/gbagfx.exe graphics/battle_anims/backgrounds/hydro_pump.pal build/assets/graphics/battle_anims/backgrounds/hydro_pump.pal.gbapal 
tools/gbagfx/gbagfx.exe graphics/battle_anims/backgrounds/hydro_pump.png build/assets/graphics/battle_anims/backgrounds/hydro_pump.png.4bpp 
tools/gbagfx/gbagfx.exe graphics/battle_anims/backgrounds/hyper_beam.pal build/assets/graphics/battle_anims/backgrounds/hyper_beam.pal.gbapal 
tools/gbagfx/gbagfx.exe graphics/battle_anims/backgrounds/hyperspace_fury.pal build/assets/graphics/battle_anims/backgrounds/hyperspace_fury.pal.gbapal 
tools/compresSmol/compresSmolTilemap.exe graphics/battle_anims/backgrounds/ice.bin build/assets/graphics/battle_anims/backgrounds/ice.bin.smolTM 
tools/gbagfx/gbagfx.exe graphics/battle_anims/backgrounds/ice.png build/assets/graphics/battle_anims/backgrounds/ice.png.4bpp 
tools/gbagfx/gbagfx.exe graphics/battle_anims/backgrounds/ice.png build/assets/graphics/battle_anims/backgrounds/ice.png.gbapal 
tools/gbagfx/gbagfx.exe graphics/battle_anims/backgrounds/impact.png build/assets/graphics/battle_anims/backgrounds/impact.png.4bpp 
tools/gbagfx/gbagfx.exe graphics/battle_anims/backgrounds/impact.png build/assets/graphics/battle_anims/backgrounds/impact.png.gbapal 
tools/compresSmol/compresSmolTilemap.exe graphics/battle_anims/backgrounds/impact_contests.bin build/assets/graphics/battle_anims/backgrounds/impact_contests.bin.smolTM 
tools/compresSmol/compresSmolTilemap.exe graphics/battle_anims/backgrounds/impact_opponent.bin build/assets/graphics/battle_anims/backgrounds/impact_opponent.bin.smolTM 
tools/compresSmol/compresSmolTilemap.exe graphics/battle_anims/backgrounds/impact_player.bin build/assets/graphics/battle_anims/backgrounds/impact_player.bin.smolTM 
tools/compresSmol/compresSmolTilemap.exe graphics/battle_anims/backgrounds/in_air.bin build/assets/graphics/battle_anims/backgrounds/in_air.bin.smolTM 
tools/gbagfx/gbagfx.exe graphics/battle_anims/backgrounds/in_air.png build/assets/graphics/battle_anims/backgrounds/in_air.png.4bpp 
tools/gbagfx/gbagfx.exe graphics/battle_anims/backgrounds/in_air.png build/assets/graphics/battle_anims/backgrounds/in_air.png.gbapal 
tools/gbagfx/gbagfx.exe graphics/battle_anims/backgrounds/inferno_overdrive.pal build/assets/graphics/battle_anims/backgrounds/inferno_overdrive.pal.gbapal 
tools/compresSmol/compresSmolTilemap.exe graphics/battle_anims/backgrounds/inferno_overdrive.bin build/assets/graphics/battle_anims/backgrounds/inferno_overdrive.bin.smolTM 
tools/gbagfx/gbagfx.exe graphics/battle_anims/backgrounds/inferno_overdrive.png build/assets/graphics/battle_anims/backgrounds/inferno_overdrive.png.4bpp 
tools/compresSmol/compresSmolTilemap.exe graphics/battle_anims/backgrounds/leaf_storm.bin build/assets/graphics/battle_anims/backgrounds/leaf_storm.bin.smolTM 
tools/gbagfx/gbagfx.exe graphics/battle_anims/backgrounds/leaf_storm.pal build/assets/graphics/battle_anims/backgrounds/leaf_storm.pal.gbapal 
tools/gbagfx/gbagfx.exe graphics/battle_anims/backgrounds/leaf_storm.png build/assets/graphics/battle_anims/backgrounds/leaf_storm.png.4bpp 
tools/gbagfx/gbagfx.exe graphics/battle_anims/backgrounds/magma_storm.pal build/assets/graphics/battle_anims/backgrounds/magma_storm.pal.gbapal 
tools/gbagfx/gbagfx.exe graphics/battle_anims/backgrounds/magic_room.pal build/assets/graphics/battle_anims/backgrounds/magic_room.pal.gbapal 
tools/compresSmol/compresSmolTilemap.exe graphics/battle_anims/backgrounds/malicious_moonsault.bin build/assets/graphics/battle_anims/backgrounds/malicious_moonsault.bin.smolTM 
tools/gbagfx/gbagfx.exe graphics/battle_anims/backgrounds/malicious_moonsault.pal build/assets/graphics/battle_anims/backgrounds/malicious_moonsault.pal.gbapal 
tools/gbagfx/gbagfx.exe graphics/battle_anims/backgrounds/malicious_moonsault.png build/assets/graphics/battle_anims/backgrounds/malicious_moonsault.png.4bpp 
tools/compresSmol/compresSmolTilemap.exe graphics/battle_anims/backgrounds/max_lightning.bin build/assets/graphics/battle_anims/backgrounds/max_lightning.bin.smolTM 
tools/gbagfx/gbagfx.exe graphics/battle_anims/backgrounds/max_lightning.png build/assets/graphics/battle_anims/backgrounds/max_lightning.png.4bpp 
tools/gbagfx/gbagfx.exe graphics/battle_anims/backgrounds/max_lightning.pal build/assets/graphics/battle_anims/backgrounds/max_lightning.pal.gbapal 
tools/compresSmol/compresSmolTilemap.exe graphics/battle_anims/backgrounds/misty_terrain.bin build/assets/graphics/battle_anims/backgrounds/misty_terrain.bin.smolTM 
tools/gbagfx/gbagfx.exe graphics/battle_anims/backgrounds/misty_terrain.pal build/assets/graphics/battle_anims/backgrounds/misty_terrain.pal.gbapal 
tools/gbagfx/gbagfx.exe graphics/battle_anims/backgrounds/misty_terrain.png build/assets/graphics/battle_anims/backgrounds/misty_terrain.png.4bpp 
tools/compresSmol/compresSmolTilemap.exe graphics/battle_anims/backgrounds/neverending_nightmare.bin build/assets/graphics/battle_anims/backgrounds/neverending_nightmare.bin.smolTM 
tools/gbagfx/gbagfx.exe graphics/battle_anims/backgrounds/neverending_nightmare.png build/assets/graphics/battle_anims/backgrounds/neverending_nightmare.png.4bpp 
tools/gbagfx/gbagfx.exe graphics/battle_anims/backgrounds/neverending_nightmare.pal build/assets/graphics/battle_anims/backgrounds/neverending_nightmare.pal.gbapal 
tools/compresSmol/compresSmolTilemap.exe graphics/battle_anims/backgrounds/new_electric_terrain.bin build/assets/graphics/battle_anims/backgrounds/new_electric_terrain.bin.smolTM 
tools/gbagfx/gbagfx.exe graphics/battle_anims/backgrounds/new_electric_terrain.pal build/assets/graphics/battle_anims/backgrounds/new_electric_terrain.pal.gbapal 
tools/gbagfx/gbagfx.exe graphics/battle_anims/backgrounds/new_electric_terrain.png build/assets/graphics/battle_anims/backgrounds/new_electric_terrain.png.4bpp 
tools/compresSmol/compresSmolTilemap.exe graphics/battle_anims/backgrounds/new_grassy_terrain.bin build/assets/graphics/battle_anims/backgrounds/new_grassy_terrain.bin.smolTM 
libpng warning: bKGD: invalid index
tools/gbagfx/gbagfx.exe graphics/battle_anims/backgrounds/new_grassy_terrain.pal build/assets/graphics/battle_anims/backgrounds/new_grassy_terrain.pal.gbapal 
tools/compresSmol/compresSmolTilemap.exe graphics/battle_anims/backgrounds/new_misty_terrain.bin build/assets/graphics/battle_anims/backgrounds/new_misty_terrain.bin.smolTM 
tools/gbagfx/gbagfx.exe graphics/battle_anims/backgrounds/new_misty_terrain.pal build/assets/graphics/battle_anims/backgrounds/new_misty_terrain.pal.gbapal 
tools/gbagfx/gbagfx.exe graphics/battle_anims/backgrounds/new_grassy_terrain.png build/assets/graphics/battle_anims/backgrounds/new_grassy_terrain.png.4bpp 
libpng warning: bKGD: invalid index
tools/gbagfx/gbagfx.exe graphics/battle_anims/backgrounds/new_misty_terrain.png build/assets/graphics/battle_anims/backgrounds/new_misty_terrain.png.4bpp 
tools/compresSmol/compresSmolTilemap.exe graphics/battle_anims/backgrounds/new_psychic_terrain.bin build/assets/graphics/battle_anims/backgrounds/new_psychic_terrain.bin.smolTM 
tools/gbagfx/gbagfx.exe graphics/battle_anims/backgrounds/new_psychic_terrain.pal build/assets/graphics/battle_anims/backgrounds/new_psychic_terrain.pal.gbapal 
libpng warning: bKGD: invalid index
tools/gbagfx/gbagfx.exe graphics/battle_anims/backgrounds/new_psychic_terrain.png build/assets/graphics/battle_anims/backgrounds/new_psychic_terrain.png.4bpp 
tools/compresSmol/compresSmolTilemap.exe graphics/battle_anims/backgrounds/nightmare.bin build/assets/graphics/battle_anims/backgrounds/nightmare.bin.smolTM 
tools/gbagfx/gbagfx.exe graphics/battle_anims/backgrounds/nightmare.pal build/assets/graphics/battle_anims/backgrounds/nightmare.pal.gbapal 
libpng warning: bKGD: invalid index
tools/gbagfx/gbagfx.exe graphics/battle_anims/backgrounds/nightmare.png build/assets/graphics/battle_anims/backgrounds/nightmare.png.4bpp 
tools/gbagfx/gbagfx.exe graphics/battle_anims/backgrounds/poison_falls.pal build/assets/graphics/battle_anims/backgrounds/poison_falls.pal.gbapal 
tools/compresSmol/compresSmolTilemap.exe graphics/battle_anims/backgrounds/psychic.bin build/assets/graphics/battle_anims/backgrounds/psychic.bin.smolTM 
tools/gbagfx/gbagfx.exe graphics/battle_anims/backgrounds/psychic.png build/assets/graphics/battle_anims/backgrounds/psychic.png.4bpp 
tools/gbagfx/gbagfx.exe graphics/battle_anims/backgrounds/psychic.png build/assets/graphics/battle_anims/backgrounds/psychic.png.gbapal 
tools/gbagfx/gbagfx.exe graphics/battle_anims/backgrounds/psychic_new.pal build/assets/graphics/battle_anims/backgrounds/psychic_new.pal.gbapal 
tools/compresSmol/compresSmolTilemap.exe graphics/battle_anims/backgrounds/psychic_terrain.bin build/assets/graphics/battle_anims/backgrounds/psychic_terrain.bin.smolTM 
tools/gbagfx/gbagfx.exe graphics/battle_anims/backgrounds/psychic_terrain.pal build/assets/graphics/battle_anims/backgrounds/psychic_terrain.pal.gbapal 
tools/gbagfx/gbagfx.exe graphics/battle_anims/backgrounds/psychic_terrain.png build/assets/graphics/battle_anims/backgrounds/psychic_terrain.png.4bpp 
tools/compresSmol/compresSmolTilemap.exe graphics/battle_anims/backgrounds/rainbow_opponent_tile.bin build/assets/graphics/battle_anims/backgrounds/rainbow_opponent_tile.bin.smolTM 
tools/gbagfx/gbagfx.exe graphics/battle_anims/backgrounds/rainbow_opponent_tile.png build/assets/graphics/battle_anims/backgrounds/rainbow_opponent_tile.png.4bpp 
tools/compresSmol/compresSmolTilemap.exe graphics/battle_anims/backgrounds/rainbow_player_tile.bin build/assets/graphics/battle_anims/backgrounds/rainbow_player_tile.bin.smolTM 
tools/gbagfx/gbagfx.exe graphics/battle_anims/backgrounds/rainbow_player_tile.png build/assets/graphics/battle_anims/backgrounds/rainbow_player_tile.png.gbapal 
tools/gbagfx/gbagfx.exe graphics/battle_anims/backgrounds/rainbow_player_tile.png build/assets/graphics/battle_anims/backgrounds/rainbow_player_tile.png.4bpp 
tools/gbagfx/gbagfx.exe graphics/battle_anims/backgrounds/rock_afternoon.pal build/assets/graphics/battle_anims/backgrounds/rock_afternoon.pal.gbapal 
tools/gbagfx/gbagfx.exe graphics/battle_anims/backgrounds/rock_day.pal build/assets/graphics/battle_anims/backgrounds/rock_day.pal.gbapal 
tools/compresSmol/compresSmolTilemap.exe graphics/battle_anims/backgrounds/rock_field.bin build/assets/graphics/battle_anims/backgrounds/rock_field.bin.smolTM 
tools/gbagfx/gbagfx.exe graphics/battle_anims/backgrounds/rock_field.png build/assets/graphics/battle_anims/backgrounds/rock_field.png.4bpp 
tools/gbagfx/gbagfx.exe graphics/battle_anims/backgrounds/rock_night.pal build/assets/graphics/battle_anims/backgrounds/rock_night.pal.gbapal 
tools/gbagfx/gbagfx.exe graphics/battle_anims/backgrounds/rock_wrecker.pal build/assets/graphics/battle_anims/backgrounds/rock_wrecker.pal.gbapal 
tools/compresSmol/compresSmolTilemap.exe graphics/battle_anims/backgrounds/sandstorm_brew.bin build/assets/graphics/battle_anims/backgrounds/sandstorm_brew.bin.smolTM 
tools/gbagfx/gbagfx.exe graphics/battle_anims/backgrounds/sandstorm_brew.png build/assets/graphics/battle_anims/backgrounds/sandstorm_brew.png.4bpp 
tools/gbagfx/gbagfx.exe graphics/battle_anims/backgrounds/scary_face.png build/assets/graphics/battle_anims/backgrounds/scary_face.png.4bpp 
tools/gbagfx/gbagfx.exe graphics/battle_anims/backgrounds/scary_face.png build/assets/graphics/battle_anims/backgrounds/scary_face.png.gbapal 
tools/compresSmol/compresSmolTilemap.exe graphics/battle_anims/backgrounds/scary_face_contest.bin build/assets/graphics/battle_anims/backgrounds/scary_face_contest.bin.smolTM 
tools/compresSmol/compresSmolTilemap.exe graphics/battle_anims/backgrounds/scary_face_opponent.bin build/assets/graphics/battle_anims/backgrounds/scary_face_opponent.bin.smolTM 
tools/compresSmol/compresSmolTilemap.exe graphics/battle_anims/backgrounds/scary_face_player.bin build/assets/graphics/battle_anims/backgrounds/scary_face_player.bin.smolTM 
tools/compresSmol/compresSmolTilemap.exe graphics/battle_anims/backgrounds/shattered_psyche.bin build/assets/graphics/battle_anims/backgrounds/shattered_psyche.bin.smolTM 
tools/gbagfx/gbagfx.exe graphics/battle_anims/backgrounds/shattered_psyche.png build/assets/graphics/battle_anims/backgrounds/shattered_psyche.png.4bpp 
tools/gbagfx/gbagfx.exe graphics/battle_anims/backgrounds/shattered_psyche.pal build/assets/graphics/battle_anims/backgrounds/shattered_psyche.pal.gbapal 
tools/gbagfx/gbagfx.exe graphics/battle_anims/backgrounds/sky.pal build/assets/graphics/battle_anims/backgrounds/sky.pal.gbapal 
tools/gbagfx/gbagfx.exe graphics/battle_anims/backgrounds/sludge_wave.pal build/assets/graphics/battle_anims/backgrounds/sludge_wave.pal.gbapal 
tools/compresSmol/compresSmolTilemap.exe graphics/battle_anims/backgrounds/snuggle_forever.bin build/assets/graphics/battle_anims/backgrounds/snuggle_forever.bin.smolTM 
tools/gbagfx/gbagfx.exe graphics/battle_anims/backgrounds/snuggle_forever.pal build/assets/graphics/battle_anims/backgrounds/snuggle_forever.pal.gbapal 
tools/gbagfx/gbagfx.exe graphics/battle_anims/backgrounds/snuggle_forever.png build/assets/graphics/battle_anims/backgrounds/snuggle_forever.png.4bpp 
tools/compresSmol/compresSmolTilemap.exe graphics/battle_anims/backgrounds/solarbeam.bin build/assets/graphics/battle_anims/backgrounds/solarbeam.bin.smolTM 
tools/gbagfx/gbagfx.exe graphics/battle_anims/backgrounds/solarbeam.pal build/assets/graphics/battle_anims/backgrounds/solarbeam.pal.gbapal 
tools/compresSmol/compresSmolTilemap.exe graphics/battle_anims/backgrounds/soulstealing_7star_strike.bin build/assets/graphics/battle_anims/backgrounds/soulstealing_7star_strike.bin.smolTM 
tools/gbagfx/gbagfx.exe graphics/battle_anims/backgrounds/soulstealing_7star_strike.pal build/assets/graphics/battle_anims/backgrounds/soulstealing_7star_strike.pal.gbapal 
tools/gbagfx/gbagfx.exe graphics/battle_anims/backgrounds/soulstealing_7star_strike.png build/assets/graphics/battle_anims/backgrounds/soulstealing_7star_strike.png.4bpp 
tools/gbagfx/gbagfx.exe graphics/battle_anims/backgrounds/spacial_rend.pal build/assets/graphics/battle_anims/backgrounds/spacial_rend.pal.gbapal 
tools/gbagfx/gbagfx.exe graphics/battle_anims/backgrounds/steel_beam.pal build/assets/graphics/battle_anims/backgrounds/steel_beam.pal.gbapal 
tools/gbagfx/gbagfx.exe graphics/battle_anims/backgrounds/spacial_rend.png build/assets/graphics/battle_anims/backgrounds/spacial_rend.png.4bpp 
tools/compresSmol/compresSmolTilemap.exe graphics/battle_anims/backgrounds/swampswizzle.bin build/assets/graphics/battle_anims/backgrounds/swampswizzle.bin.smolTM 
tools/gbagfx/gbagfx.exe graphics/battle_anims/backgrounds/swampswizzle.pal build/assets/graphics/battle_anims/backgrounds/swampswizzle.pal.gbapal 
tools/gbagfx/gbagfx.exe graphics/battle_anims/backgrounds/swampswizzle.png build/assets/graphics/battle_anims/backgrounds/swampswizzle.png.4bpp 
tools/gbagfx/gbagfx.exe graphics/battle_anims/backgrounds/tectonic_rage.pal build/assets/graphics/battle_anims/backgrounds/tectonic_rage.pal.gbapal 
tools/compresSmol/compresSmolTilemap.exe graphics/battle_anims/backgrounds/thunder.bin build/assets/graphics/battle_anims/backgrounds/thunder.bin.smolTM 
tools/gbagfx/gbagfx.exe graphics/battle_anims/backgrounds/thunder.png build/assets/graphics/battle_anims/backgrounds/thunder.png.4bpp 
tools/gbagfx/gbagfx.exe graphics/battle_anims/backgrounds/thunder.png build/assets/graphics/battle_anims/backgrounds/thunder.png.gbapal 
tools/compresSmol/compresSmolTilemap.exe graphics/battle_anims/backgrounds/trick_room.bin build/assets/graphics/battle_anims/backgrounds/trick_room.bin.smolTM 
tools/gbagfx/gbagfx.exe graphics/battle_anims/backgrounds/trick_room.pal build/assets/graphics/battle_anims/backgrounds/trick_room.pal.gbapal 
tools/gbagfx/gbagfx.exe graphics/battle_anims/backgrounds/trick_room.png build/assets/graphics/battle_anims/backgrounds/trick_room.png.4bpp 
tools/compresSmol/compresSmolTilemap.exe graphics/battle_anims/backgrounds/twinkle_tackle.bin build/assets/graphics/battle_anims/backgrounds/twinkle_tackle.bin.smolTM 
tools/gbagfx/gbagfx.exe graphics/battle_anims/backgrounds/twinkle_tackle.pal build/assets/graphics/battle_anims/backgrounds/twinkle_tackle.pal.gbapal 
tools/gbagfx/gbagfx.exe graphics/battle_anims/backgrounds/twinkle_tackle.png build/assets/graphics/battle_anims/backgrounds/twinkle_tackle.png.4bpp 
tools/gbagfx/gbagfx.exe graphics/battle_anims/backgrounds/water.png build/assets/graphics/battle_anims/backgrounds/water.png.gbapal 
tools/gbagfx/gbagfx.exe graphics/battle_anims/backgrounds/water.png build/assets/graphics/battle_anims/backgrounds/water.png.4bpp 
tools/compresSmol/compresSmolTilemap.exe graphics/battle_anims/backgrounds/water_contest.bin build/assets/graphics/battle_anims/backgrounds/water_contest.bin.smolTM 
tools/gbagfx/gbagfx.exe graphics/battle_anims/backgrounds/water_muddy.pal build/assets/graphics/battle_anims/backgrounds/water_muddy.pal.gbapal 
tools/compresSmol/compresSmolTilemap.exe graphics/battle_anims/backgrounds/water_opponent.bin build/assets/graphics/battle_anims/backgrounds/water_opponent.bin.smolTM 
tools/compresSmol/compresSmolTilemap.exe graphics/battle_anims/backgrounds/water_player.bin build/assets/graphics/battle_anims/backgrounds/water_player.bin.smolTM 
tools/compresSmol/compresSmolTilemap.exe graphics/battle_anims/backgrounds/water_pulse.bin build/assets/graphics/battle_anims/backgrounds/water_pulse.bin.smolTM 
tools/gbagfx/gbagfx.exe graphics/battle_anims/backgrounds/water_pulse.pal build/assets/graphics/battle_anims/backgrounds/water_pulse.pal.gbapal 
tools/gbagfx/gbagfx.exe graphics/battle_anims/backgrounds/water_pulse.png build/assets/graphics/battle_anims/backgrounds/water_pulse.png.4bpp 
tools/gbagfx/gbagfx.exe graphics/battle_anims/backgrounds/waterfall.pal build/assets/graphics/battle_anims/backgrounds/waterfall.pal.gbapal 
tools/compresSmol/compresSmolTilemap.exe graphics/battle_anims/backgrounds/waterfall.bin build/assets/graphics/battle_anims/backgrounds/waterfall.bin.smolTM 
tools/gbagfx/gbagfx.exe graphics/battle_anims/backgrounds/waterfall.png build/assets/graphics/battle_anims/backgrounds/waterfall.png.4bpp 
tools/gbagfx/gbagfx.exe graphics/battle_anims/backgrounds/windstorm_brew.pal build/assets/graphics/battle_anims/backgrounds/windstorm_brew.pal.gbapal 
tools/gbagfx/gbagfx.exe graphics/battle_anims/backgrounds/wonder_room.pal build/assets/graphics/battle_anims/backgrounds/wonder_room.pal.gbapal 
tools/compresSmol/compresSmolTilemap.exe graphics/battle_anims/backgrounds/zmove_activate.bin build/assets/graphics/battle_anims/backgrounds/zmove_activate.bin.smolTM 
tools/gbagfx/gbagfx.exe graphics/battle_anims/backgrounds/zmove_activate.pal build/assets/graphics/battle_anims/backgrounds/zmove_activate.pal.gbapal 
tools/gbagfx/gbagfx.exe graphics/battle_anims/backgrounds/zmove_activate.png build/assets/graphics/battle_anims/backgrounds/zmove_activate.png.4bpp 
tools/compresSmol/compresSmolTilemap.exe graphics/battle_anims/backgrounds/zmove_mountain.bin build/assets/graphics/battle_anims/backgrounds/zmove_mountain.bin.smolTM 
tools/gbagfx/gbagfx.exe graphics/battle_anims/backgrounds/zmove_mountain.pal build/assets/graphics/battle_anims/backgrounds/zmove_mountain.pal.gbapal 
tools/gbagfx/gbagfx.exe graphics/battle_anims/backgrounds/zmove_mountain.png build/assets/graphics/battle_anims/backgrounds/zmove_mountain.png.4bpp 
tools/compresSmol/compresSmolTilemap.exe graphics/battle_anims/masks/cure_bubbles.bin build/assets/graphics/battle_anims/masks/cure_bubbles.bin.smolTM 
tools/gbagfx/gbagfx.exe graphics/battle_anims/masks/cure_bubbles.png build/assets/graphics/battle_anims/masks/cure_bubbles.png.4bpp 
tools/gbagfx/gbagfx.exe graphics/battle_anims/masks/cure_bubbles.png build/assets/graphics/battle_anims/masks/cure_bubbles.png.gbapal 
tools/compresSmol/compresSmolTilemap.exe graphics/battle_anims/masks/curse.bin build/assets/graphics/battle_anims/masks/curse.bin.smolTM 
tools/gbagfx/gbagfx.exe graphics/battle_anims/masks/curse.png build/assets/graphics/battle_anims/masks/curse.png.4bpp 
tools/compresSmol/compresSmolTilemap.exe graphics/battle_anims/masks/light_beam.bin build/assets/graphics/battle_anims/masks/light_beam.bin.smolTM 
tools/gbagfx/gbagfx.exe graphics/battle_anims/masks/light_beam.png build/assets/graphics/battle_anims/masks/light_beam.png.4bpp 
tools/gbagfx/gbagfx.exe graphics/battle_anims/masks/light_beam.png build/assets/graphics/battle_anims/masks/light_beam.png.gbapal 
tools/compresSmol/compresSmolTilemap.exe graphics/battle_anims/masks/metal_shine.bin build/assets/graphics/battle_anims/masks/metal_shine.bin.smolTM 
tools/gbagfx/gbagfx.exe graphics/battle_anims/masks/metal_shine.png build/assets/graphics/battle_anims/masks/metal_shine.png.4bpp 
tools/gbagfx/gbagfx.exe graphics/battle_anims/masks/metal_shine.png build/assets/graphics/battle_anims/masks/metal_shine.png.gbapal 
tools/compresSmol/compresSmolTilemap.exe graphics/battle_anims/masks/unused_level_up.bin build/assets/graphics/battle_anims/masks/unused_level_up.bin.smolTM 
tools/gbagfx/gbagfx.exe graphics/battle_anims/masks/unused_level_up.png build/assets/graphics/battle_anims/masks/unused_level_up.png_num_tiles_14__Wnum_tiles.4bpp -num_tiles 14 -Wnum_tiles
tools/gbagfx/gbagfx.exe graphics/battle_anims/sprites/acupressure.png build/assets/graphics/battle_anims/sprites/acupressure.png.4bpp 
tools/gbagfx/gbagfx.exe graphics/battle_anims/sprites/acupressure.png build/assets/graphics/battle_anims/sprites/acupressure.png.gbapal 
tools/gbagfx/gbagfx.exe graphics/battle_anims/sprites/air_slash.png build/assets/graphics/battle_anims/sprites/air_slash.png.4bpp 
tools/gbagfx/gbagfx.exe graphics/battle_anims/sprites/air_slash.png build/assets/graphics/battle_anims/sprites/air_slash.png.gbapal 
tools/gbagfx/gbagfx.exe graphics/battle_anims/sprites/air_wave.png build/assets/graphics/battle_anims/sprites/air_wave.png.4bpp 
tools/gbagfx/gbagfx.exe graphics/battle_anims/sprites/air_wave.png build/assets/graphics/battle_anims/sprites/air_wave.png.gbapal 
tools/gbagfx/gbagfx.exe graphics/battle_anims/sprites/air_wave_2.png build/assets/graphics/battle_anims/sprites/air_wave_2.png.4bpp 
tools/gbagfx/gbagfx.exe graphics/battle_anims/sprites/air_wave_2.png build/assets/graphics/battle_anims/sprites/air_wave_2.png.gbapal 
tools/gbagfx/gbagfx.exe graphics/battle_anims/sprites/alert.png build/assets/graphics/battle_anims/sprites/alert.png.4bpp 
tools/gbagfx/gbagfx.exe graphics/battle_anims/sprites/alert.png build/assets/graphics/battle_anims/sprites/alert.png.gbapal 
tools/gbagfx/gbagfx.exe graphics/battle_anims/sprites/alpha_stone.png build/assets/graphics/battle_anims/sprites/alpha_stone.png.4bpp 
tools/gbagfx/gbagfx.exe graphics/battle_anims/sprites/alpha_stone.png build/assets/graphics/battle_anims/sprites/alpha_stone.png.gbapal 
tools/gbagfx/gbagfx.exe graphics/battle_anims/sprites/alpha_symbol.png build/assets/graphics/battle_anims/sprites/alpha_symbol.png.4bpp 
tools/gbagfx/gbagfx.exe graphics/battle_anims/sprites/alpha_symbol.png build/assets/graphics/battle_anims/sprites/alpha_symbol.png.gbapal 
tools/gbagfx/gbagfx.exe graphics/battle_anims/sprites/amnesia.png build/assets/graphics/battle_anims/sprites/amnesia.png.gbapal 
tools/gbagfx/gbagfx.exe graphics/battle_anims/sprites/amnesia.png build/assets/graphics/battle_anims/sprites/amnesia.png.4bpp 
tools/gbagfx/gbagfx.exe graphics/battle_anims/sprites/anchor.png build/assets/graphics/battle_anims/sprites/anchor.png.4bpp 
tools/gbagfx/gbagfx.exe graphics/battle_anims/sprites/angel.png build/assets/graphics/battle_anims/sprites/angel.png.4bpp 
tools/gbagfx/gbagfx.exe graphics/battle_anims/sprites/angel.png build/assets/graphics/battle_anims/sprites/angel.png.gbapal 
tools/gbagfx/gbagfx.exe graphics/battle_anims/sprites/anger.png build/assets/graphics/battle_anims/sprites/anger.png.4bpp 
tools/gbagfx/gbagfx.exe graphics/battle_anims/sprites/anger.png build/assets/graphics/battle_anims/sprites/anger.png.gbapal 
tools/gbagfx/gbagfx.exe graphics/battle_anims/sprites/apple.png build/assets/graphics/battle_anims/sprites/apple.png.4bpp 
tools/gbagfx/gbagfx.exe graphics/battle_anims/sprites/apple.png build/assets/graphics/battle_anims/sprites/apple.png.gbapal 
tools/gbagfx/gbagfx.exe graphics/battle_anims/sprites/arrows.png build/assets/graphics/battle_anims/sprites/arrows.png.4bpp 
tools/gbagfx/gbagfx.exe graphics/battle_anims/sprites/assurance_hand.png build/assets/graphics/battle_anims/sprites/assurance_hand.png.4bpp 
tools/gbagfx/gbagfx.exe graphics/battle_anims/sprites/assurance_hand.png build/assets/graphics/battle_anims/sprites/assurance_hand.png.gbapal 
tools/gbagfx/gbagfx.exe graphics/battle_anims/sprites/attack_order.png build/assets/graphics/battle_anims/sprites/attack_order.png.4bpp 
tools/gbagfx/gbagfx.exe graphics/battle_anims/sprites/attack_order.png build/assets/graphics/battle_anims/sprites/attack_order.png.gbapal 
tools/gbagfx/gbagfx.exe graphics/battle_anims/sprites/aura_sphere.png build/assets/graphics/battle_anims/sprites/aura_sphere.png.4bpp 
tools/gbagfx/gbagfx.exe graphics/battle_anims/sprites/aura_sphere.png build/assets/graphics/battle_anims/sprites/aura_sphere.png.gbapal 
tools/gbagfx/gbagfx.exe graphics/battle_anims/sprites/avalanche_rocks.pal build/assets/graphics/battle_anims/sprites/avalanche_rocks.pal.gbapal 
tools/gbagfx/gbagfx.exe graphics/battle_anims/sprites/baton_pass_ball.png build/assets/graphics/battle_anims/sprites/baton_pass_ball.png.4bpp 
tools/gbagfx/gbagfx.exe graphics/battle_anims/sprites/baton_pass_ball.png build/assets/graphics/battle_anims/sprites/baton_pass_ball.png.gbapal 
tools/gbagfx/gbagfx.exe graphics/battle_anims/sprites/beam.png build/assets/graphics/battle_anims/sprites/beam.png.4bpp 
libpng warning: bKGD: invalid index
tools/gbagfx/gbagfx.exe graphics/battle_anims/sprites/beam.png build/assets/graphics/battle_anims/sprites/beam.png.gbapal 
libpng warning: bKGD: invalid index
tools/gbagfx/gbagfx.exe graphics/battle_anims/sprites/bell.png build/assets/graphics/battle_anims/sprites/bell.png.4bpp 
tools/gbagfx/gbagfx.exe graphics/battle_anims/sprites/bell.png build/assets/graphics/battle_anims/sprites/bell.png.gbapal 
tools/gbagfx/gbagfx.exe graphics/battle_anims/sprites/bell_2.png build/assets/graphics/battle_anims/sprites/bell_2.png.4bpp 
tools/gbagfx/gbagfx.exe graphics/battle_anims/sprites/bell_2.png build/assets/graphics/battle_anims/sprites/bell_2.png.gbapal 
tools/gbagfx/gbagfx.exe graphics/battle_anims/sprites/bent_spoon.png build/assets/graphics/battle_anims/sprites/bent_spoon.png.4bpp 
tools/gbagfx/gbagfx.exe graphics/battle_anims/sprites/berry_eaten.png build/assets/graphics/battle_anims/sprites/berry_eaten.png.4bpp 
tools/gbagfx/gbagfx.exe graphics/battle_anims/sprites/bent_spoon.png build/assets/graphics/battle_anims/sprites/bent_spoon.png.gbapal 
tools/gbagfx/gbagfx.exe graphics/battle_anims/sprites/berry_normal.png build/assets/graphics/battle_anims/sprites/berry_normal.png.4bpp 
tools/gbagfx/gbagfx.exe graphics/battle_anims/sprites/berry_eaten.png build/assets/graphics/battle_anims/sprites/berry_eaten.png.gbapal 
tools/gbagfx/gbagfx.exe graphics/battle_anims/sprites/berry_normal.png build/assets/graphics/battle_anims/sprites/berry_normal.png.gbapal 
tools/gbagfx/gbagfx.exe graphics/battle_anims/sprites/big_rock.png build/assets/graphics/battle_anims/sprites/big_rock.png.4bpp 
tools/gbagfx/gbagfx.exe graphics/battle_anims/sprites/big_rock.png build/assets/graphics/battle_anims/sprites/big_rock.png.gbapal 
tools/gbagfx/gbagfx.exe graphics/battle_anims/sprites/bird.png build/assets/graphics/battle_anims/sprites/bird.png.4bpp 
tools/gbagfx/gbagfx.exe graphics/battle_anims/sprites/bird.png build/assets/graphics/battle_anims/sprites/bird.png.gbapal 
tools/gbagfx/gbagfx.exe graphics/battle_anims/sprites/blacephalon_head.png build/assets/graphics/battle_anims/sprites/blacephalon_head.png.gbapal 
tools/gbagfx/gbagfx.exe graphics/battle_anims/sprites/blacephalon_head.png build/assets/graphics/battle_anims/sprites/blacephalon_head.png.4bpp 
tools/gbagfx/gbagfx.exe graphics/battle_anims/sprites/black_ball.pal build/assets/graphics/battle_anims/sprites/black_ball.pal.gbapal 
tools/gbagfx/gbagfx.exe graphics/battle_anims/sprites/black_ball.png build/assets/graphics/battle_anims/sprites/black_ball.png.4bpp 
tools/gbagfx/gbagfx.exe graphics/battle_anims/sprites/black_ball_2.png build/assets/graphics/battle_anims/sprites/black_ball_2.png.4bpp 
tools/gbagfx/gbagfx.exe graphics/battle_anims/sprites/black_ball_2.png build/assets/graphics/battle_anims/sprites/black_ball_2.png.gbapal 
tools/gbagfx/gbagfx.exe graphics/battle_anims/sprites/black_smoke.png build/assets/graphics/battle_anims/sprites/black_smoke.png.4bpp 
tools/gbagfx/gbagfx.exe graphics/battle_anims/sprites/black_smoke.png build/assets/graphics/battle_anims/sprites/black_smoke.png.gbapal 
tools/gbagfx/gbagfx.exe graphics/battle_anims/sprites/blood_moon.png build/assets/graphics/battle_anims/sprites/blood_moon.png.4bpp 
tools/gbagfx/gbagfx.exe graphics/battle_anims/sprites/blood_moon.png build/assets/graphics/battle_anims/sprites/blood_moon.png.gbapal 
libpng warning: bKGD: invalid index
libpng warning: bKGD: invalid index
tools/gbagfx/gbagfx.exe graphics/battle_anims/sprites/blue_burst.png build/assets/graphics/battle_anims/sprites/blue_burst.png.4bpp 
tools/gbagfx/gbagfx.exe graphics/battle_anims/sprites/blue_burst.png build/assets/graphics/battle_anims/sprites/blue_burst.png.gbapal 
tools/gbagfx/gbagfx.exe graphics/battle_anims/sprites/blue_flames.png build/assets/graphics/battle_anims/sprites/blue_flames.png.4bpp 
tools/gbagfx/gbagfx.exe graphics/battle_anims/sprites/blue_flames.png build/assets/graphics/battle_anims/sprites/blue_flames.png.gbapal 
tools/gbagfx/gbagfx.exe graphics/battle_anims/sprites/blue_flames_2.png build/assets/graphics/battle_anims/sprites/blue_flames_2.png.4bpp 
tools/gbagfx/gbagfx.exe graphics/battle_anims/sprites/blue_flare.pal build/assets/graphics/battle_anims/sprites/blue_flare.pal.gbapal 
tools/gbagfx/gbagfx.exe graphics/battle_anims/sprites/blue_light_wall.pal build/assets/graphics/battle_anims/sprites/blue_light_wall.pal.gbapal 
tools/gbagfx/gbagfx.exe graphics/battle_anims/sprites/blue_lines.png build/assets/graphics/battle_anims/sprites/blue_lines.png.gbapal 
tools/gbagfx/gbagfx.exe graphics/battle_anims/sprites/blue_lines.png build/assets/graphics/battle_anims/sprites/blue_lines.png.4bpp 
tools/gbagfx/gbagfx.exe graphics/battle_anims/sprites/blue_orb.pal build/assets/graphics/battle_anims/sprites/blue_orb.pal.gbapal 
tools/gbagfx/gbagfx.exe graphics/battle_anims/sprites/blue_ring_2.pal build/assets/graphics/battle_anims/sprites/blue_ring_2.pal.gbapal 
tools/gbagfx/gbagfx.exe graphics/battle_anims/sprites/blue_ring.pal build/assets/graphics/battle_anims/sprites/blue_ring.pal.gbapal 
tools/gbagfx/gbagfx.exe graphics/battle_anims/sprites/blue_shards.png build/assets/graphics/battle_anims/sprites/blue_shards.png.4bpp 
tools/gbagfx/gbagfx.exe graphics/battle_anims/sprites/blue_shards.png build/assets/graphics/battle_anims/sprites/blue_shards.png.gbapal 
tools/gbagfx/gbagfx.exe graphics/battle_anims/sprites/blue_star.png build/assets/graphics/battle_anims/sprites/blue_star.png.gbapal 
tools/gbagfx/gbagfx.exe graphics/battle_anims/sprites/blue_star.png build/assets/graphics/battle_anims/sprites/blue_star.png.4bpp 
tools/gbagfx/gbagfx.exe graphics/battle_anims/sprites/bluegreen_orb.png build/assets/graphics/battle_anims/sprites/bluegreen_orb.png.4bpp 
tools/gbagfx/gbagfx.exe graphics/battle_anims/sprites/bone.png build/assets/graphics/battle_anims/sprites/bone.png.4bpp 
tools/gbagfx/gbagfx.exe graphics/battle_anims/sprites/bluegreen_orb.png build/assets/graphics/battle_anims/sprites/bluegreen_orb.png.gbapal 
tools/gbagfx/gbagfx.exe graphics/battle_anims/sprites/bone.png build/assets/graphics/battle_anims/sprites/bone.png.gbapal 
tools/gbagfx/gbagfx.exe graphics/battle_anims/sprites/bone_2.png build/assets/graphics/battle_anims/sprites/bone_2.png.4bpp 
tools/gbagfx/gbagfx.exe graphics/battle_anims/sprites/bone_2.png build/assets/graphics/battle_anims/sprites/bone_2.png.gbapal 
tools/gbagfx/gbagfx.exe graphics/battle_anims/sprites/branch.png build/assets/graphics/battle_anims/sprites/branch.png.4bpp 
tools/gbagfx/gbagfx.exe graphics/battle_anims/sprites/branch.png build/assets/graphics/battle_anims/sprites/branch.png.gbapal 
tools/gbagfx/gbagfx.exe graphics/battle_anims/sprites/breaking_egg.png build/assets/graphics/battle_anims/sprites/breaking_egg.png.4bpp 
tools/gbagfx/gbagfx.exe graphics/battle_anims/sprites/breaking_egg.png build/assets/graphics/battle_anims/sprites/breaking_egg.png.gbapal 
tools/gbagfx/gbagfx.exe graphics/battle_anims/sprites/breath.png build/assets/graphics/battle_anims/sprites/breath.png.4bpp 
tools/gbagfx/gbagfx.exe graphics/battle_anims/sprites/breath.png build/assets/graphics/battle_anims/sprites/breath.png.gbapal 
tools/gbagfx/gbagfx.exe graphics/battle_anims/sprites/brine.png build/assets/graphics/battle_anims/sprites/brine.png.4bpp 
tools/gbagfx/gbagfx.exe graphics/battle_anims/sprites/brine.png build/assets/graphics/battle_anims/sprites/brine.png.gbapal 
tools/gbagfx/gbagfx.exe graphics/battle_anims/sprites/brown_orb.pal build/assets/graphics/battle_anims/sprites/brown_orb.pal.gbapal 
tools/gbagfx/gbagfx.exe graphics/battle_anims/sprites/brown_triangle.png build/assets/graphics/battle_anims/sprites/brown_triangle.png.4bpp 
tools/gbagfx/gbagfx.exe graphics/battle_anims/sprites/brown_triangle.png build/assets/graphics/battle_anims/sprites/brown_triangle.png.gbapal 
tools/gbagfx/gbagfx.exe graphics/battle_anims/sprites/bubble.png build/assets/graphics/battle_anims/sprites/bubble.png.4bpp 
tools/gbagfx/gbagfx.exe graphics/battle_anims/sprites/bubble_burst.png build/assets/graphics/battle_anims/sprites/bubble_burst.png.4bpp 
tools/gbagfx/gbagfx.exe graphics/battle_anims/sprites/bubble_burst.png build/assets/graphics/battle_anims/sprites/bubble_burst.png.gbapal 
tools/gbagfx/gbagfx.exe graphics/battle_anims/sprites/bubble_burst_2.png build/assets/graphics/battle_anims/sprites/bubble_burst_2.png.4bpp 
tools/gbagfx/gbagfx.exe graphics/battle_anims/sprites/bubble_burst_2.png build/assets/graphics/battle_anims/sprites/bubble_burst_2.png.gbapal 
tools/gbagfx/gbagfx.exe graphics/battle_anims/sprites/cacoon.png build/assets/graphics/battle_anims/sprites/cacoon.png.4bpp 
tools/gbagfx/gbagfx.exe graphics/battle_anims/sprites/cacoon.png build/assets/graphics/battle_anims/sprites/cacoon.png.gbapal 
tools/gbagfx/gbagfx.exe graphics/battle_anims/sprites/chain_link.png build/assets/graphics/battle_anims/sprites/chain_link.png.4bpp 
tools/gbagfx/gbagfx.exe graphics/battle_anims/sprites/chain_link.png build/assets/graphics/battle_anims/sprites/chain_link.png.gbapal 
tools/gbagfx/gbagfx.exe graphics/battle_anims/sprites/chop.png build/assets/graphics/battle_anims/sprites/chop.png.4bpp 
tools/gbagfx/gbagfx.exe graphics/battle_anims/sprites/chop.png build/assets/graphics/battle_anims/sprites/chop.png.gbapal 
tools/gbagfx/gbagfx.exe graphics/battle_anims/sprites/circle_impact.png build/assets/graphics/battle_anims/sprites/circle_impact.png.4bpp 
tools/gbagfx/gbagfx.exe graphics/battle_anims/sprites/circle_impact.png build/assets/graphics/battle_anims/sprites/circle_impact.png.gbapal 
tools/gbagfx/gbagfx.exe graphics/battle_anims/sprites/circle_of_light.png build/assets/graphics/battle_anims/sprites/circle_of_light.png.4bpp 
tools/gbagfx/gbagfx.exe graphics/battle_anims/sprites/clamp.png build/assets/graphics/battle_anims/sprites/clamp.png.4bpp 
tools/gbagfx/gbagfx.exe graphics/battle_anims/sprites/clapping.png build/assets/graphics/battle_anims/sprites/clapping.png.4bpp 
tools/gbagfx/gbagfx.exe graphics/battle_anims/sprites/clapping.png build/assets/graphics/battle_anims/sprites/clapping.png.gbapal 
tools/gbagfx/gbagfx.exe graphics/battle_anims/sprites/claw_slash.png build/assets/graphics/battle_anims/sprites/claw_slash.png.4bpp 
tools/gbagfx/gbagfx.exe graphics/battle_anims/sprites/claw_slash.png build/assets/graphics/battle_anims/sprites/claw_slash.png.gbapal 
tools/gbagfx/gbagfx.exe graphics/battle_anims/sprites/claw_slash_2.png build/assets/graphics/battle_anims/sprites/claw_slash_2.png.4bpp 
tools/gbagfx/gbagfx.exe graphics/battle_anims/sprites/claw_slash_2.png build/assets/graphics/battle_anims/sprites/claw_slash_2.png.gbapal 
tools/gbagfx/gbagfx.exe graphics/battle_anims/sprites/closing_eye.png build/assets/graphics/battle_anims/sprites/closing_eye.png.4bpp 
tools/gbagfx/gbagfx.exe graphics/battle_anims/sprites/closing_eye.png build/assets/graphics/battle_anims/sprites/closing_eye.png.gbapal 
tools/gbagfx/gbagfx.exe graphics/battle_anims/sprites/closing_eye_2.png build/assets/graphics/battle_anims/sprites/closing_eye_2.png.4bpp 
tools/gbagfx/gbagfx.exe graphics/battle_anims/sprites/closing_eye_2.png build/assets/graphics/battle_anims/sprites/closing_eye_2.png.gbapal 
tools/gbagfx/gbagfx.exe graphics/battle_anims/sprites/coin.png build/assets/graphics/battle_anims/sprites/coin.png.4bpp 
tools/gbagfx/gbagfx.exe graphics/battle_anims/sprites/coin.png build/assets/graphics/battle_anims/sprites/coin.png.gbapal 
tools/gbagfx/gbagfx.exe graphics/battle_anims/sprites/colored_orbs.png build/assets/graphics/battle_anims/sprites/colored_orbs.png.4bpp 
tools/gbagfx/gbagfx.exe graphics/battle_anims/sprites/colored_orbs.png build/assets/graphics/battle_anims/sprites/colored_orbs.png.gbapal 
tools/gbagfx/gbagfx.exe graphics/battle_anims/sprites/confetti.png build/assets/graphics/battle_anims/sprites/confetti.png.4bpp 
tools/gbagfx/gbagfx.exe graphics/battle_anims/sprites/confide.png build/assets/graphics/battle_anims/sprites/confide.png.4bpp 
tools/gbagfx/gbagfx.exe graphics/battle_anims/sprites/confetti.png build/assets/graphics/battle_anims/sprites/confetti.png.gbapal 
tools/gbagfx/gbagfx.exe graphics/battle_anims/sprites/confide.png build/assets/graphics/battle_anims/sprites/confide.png.gbapal 
tools/gbagfx/gbagfx.exe graphics/battle_anims/sprites/conversion.png build/assets/graphics/battle_anims/sprites/conversion.png.4bpp 
tools/gbagfx/gbagfx.exe graphics/battle_anims/sprites/conversion.png build/assets/graphics/battle_anims/sprites/conversion.png.gbapal 
tools/gbagfx/gbagfx.exe graphics/battle_anims/sprites/cracked_egg.png build/assets/graphics/battle_anims/sprites/cracked_egg.png.4bpp 
tools/gbagfx/gbagfx.exe graphics/battle_anims/sprites/cracked_egg.png build/assets/graphics/battle_anims/sprites/cracked_egg.png.gbapal 
tools/gbagfx/gbagfx.exe graphics/battle_anims/sprites/crafty_shield.png build/assets/graphics/battle_anims/sprites/crafty_shield.png.4bpp 
tools/gbagfx/gbagfx.exe graphics/battle_anims/sprites/crafty_shield.png build/assets/graphics/battle_anims/sprites/crafty_shield.png.gbapal 
tools/gbagfx/gbagfx.exe graphics/battle_anims/sprites/cross_impact.png build/assets/graphics/battle_anims/sprites/cross_impact.png.4bpp 
tools/gbagfx/gbagfx.exe graphics/battle_anims/sprites/cross_impact.png build/assets/graphics/battle_anims/sprites/cross_impact.png.gbapal 
tools/gbagfx/gbagfx.exe graphics/battle_anims/sprites/cudgel.png build/assets/graphics/battle_anims/sprites/cudgel.png.4bpp 
tools/gbagfx/gbagfx.exe graphics/battle_anims/sprites/curse_nail.png build/assets/graphics/battle_anims/sprites/curse_nail.png.4bpp 
tools/gbagfx/gbagfx.exe graphics/battle_anims/sprites/curse_nail.png build/assets/graphics/battle_anims/sprites/curse_nail.png.gbapal 
tools/gbagfx/gbagfx.exe graphics/battle_anims/sprites/cut.png build/assets/graphics/battle_anims/sprites/cut.png.4bpp 
tools/gbagfx/gbagfx.exe graphics/battle_anims/sprites/devil.png build/assets/graphics/battle_anims/sprites/devil.png.4bpp 
tools/gbagfx/gbagfx.exe graphics/battle_anims/sprites/devil.png build/assets/graphics/battle_anims/sprites/devil.png.gbapal 
tools/gbagfx/gbagfx.exe graphics/battle_anims/sprites/dirt_mound.png build/assets/graphics/battle_anims/sprites/dirt_mound.png.4bpp 
tools/gbagfx/gbagfx.exe graphics/battle_anims/sprites/dirt_mound.png build/assets/graphics/battle_anims/sprites/dirt_mound.png.gbapal 
tools/gbagfx/gbagfx.exe graphics/battle_anims/sprites/draco_meteor.pal build/assets/graphics/battle_anims/sprites/draco_meteor.pal.gbapal 
tools/gbagfx/gbagfx.exe graphics/battle_anims/sprites/dragon_pulse.png build/assets/graphics/battle_anims/sprites/dragon_pulse.png.4bpp 
tools/gbagfx/gbagfx.exe graphics/battle_anims/sprites/dragon_pulse.png build/assets/graphics/battle_anims/sprites/dragon_pulse.png.gbapal 
tools/gbagfx/gbagfx.exe graphics/battle_anims/sprites/dragon_pulse_ring.png build/assets/graphics/battle_anims/sprites/dragon_pulse_ring.png.4bpp 
tools/gbagfx/gbagfx.exe graphics/battle_anims/sprites/dragon_pulse_ring.png build/assets/graphics/battle_anims/sprites/dragon_pulse_ring.png.gbapal 
tools/gbagfx/gbagfx.exe graphics/battle_anims/sprites/dreepy_missile.png build/assets/graphics/battle_anims/sprites/dreepy_missile.png.4bpp 
tools/gbagfx/gbagfx.exe graphics/battle_anims/sprites/dreepy_missile.pal build/assets/graphics/battle_anims/sprites/dreepy_missile.pal.gbapal 
tools/gbagfx/gbagfx.exe graphics/battle_anims/sprites/dreepy_missile_shiny.pal build/assets/graphics/battle_anims/sprites/dreepy_missile_shiny.pal.gbapal 
tools/gbagfx/gbagfx.exe graphics/battle_anims/sprites/drill.png build/assets/graphics/battle_anims/sprites/drill.png.4bpp 
tools/gbagfx/gbagfx.exe graphics/battle_anims/sprites/drill.png build/assets/graphics/battle_anims/sprites/drill.png.gbapal 
tools/gbagfx/gbagfx.exe graphics/battle_anims/sprites/duck.png build/assets/graphics/battle_anims/sprites/duck.png.gbapal 
tools/gbagfx/gbagfx.exe graphics/battle_anims/sprites/duck.png build/assets/graphics/battle_anims/sprites/duck.png.4bpp 
tools/gbagfx/gbagfx.exe graphics/battle_anims/sprites/eclipsing_orb.png build/assets/graphics/battle_anims/sprites/eclipsing_orb.png.4bpp 
tools/gbagfx/gbagfx.exe graphics/battle_anims/sprites/eclipsing_orb.png build/assets/graphics/battle_anims/sprites/eclipsing_orb.png.gbapal 
tools/gbagfx/gbagfx.exe graphics/battle_anims/sprites/electric_orbs.png build/assets/graphics/battle_anims/sprites/electric_orbs.png.4bpp 
tools/gbagfx/gbagfx.exe graphics/battle_anims/sprites/electricity.png build/assets/graphics/battle_anims/sprites/electricity.png.4bpp 
tools/gbagfx/gbagfx.exe graphics/battle_anims/sprites/electric_orbs.png build/assets/graphics/battle_anims/sprites/electric_orbs.png.gbapal 
tools/gbagfx/gbagfx.exe graphics/battle_anims/sprites/embers.png build/assets/graphics/battle_anims/sprites/embers.png.4bpp 
tools/gbagfx/gbagfx.exe graphics/battle_anims/sprites/embers.png build/assets/graphics/battle_anims/sprites/embers.png.gbapal 
tools/gbagfx/gbagfx.exe graphics/battle_anims/sprites/energy_ball.png build/assets/graphics/battle_anims/sprites/energy_ball.png.gbapal 
tools/gbagfx/gbagfx.exe graphics/battle_anims/sprites/energy_ball.png build/assets/graphics/battle_anims/sprites/energy_ball.png.4bpp 
tools/gbagfx/gbagfx.exe graphics/battle_anims/sprites/explosion.png build/assets/graphics/battle_anims/sprites/explosion.png.gbapal 
tools/gbagfx/gbagfx.exe graphics/battle_anims/sprites/explosion.png build/assets/graphics/battle_anims/sprites/explosion.png.4bpp 
tools/gbagfx/gbagfx.exe graphics/battle_anims/sprites/explosion_2.png build/assets/graphics/battle_anims/sprites/explosion_2.png.4bpp 
tools/gbagfx/gbagfx.exe graphics/battle_anims/sprites/explosion_2.png build/assets/graphics/battle_anims/sprites/explosion_2.png.gbapal 
tools/gbagfx/gbagfx.exe graphics/battle_anims/sprites/explosion_3.png build/assets/graphics/battle_anims/sprites/explosion_3.png.4bpp 
tools/gbagfx/gbagfx.exe graphics/battle_anims/sprites/explosion_4.png build/assets/graphics/battle_anims/sprites/explosion_4.png.4bpp 
tools/gbagfx/gbagfx.exe graphics/battle_anims/sprites/explosion_4.png build/assets/graphics/battle_anims/sprites/explosion_4.png.gbapal 
tools/gbagfx/gbagfx.exe graphics/battle_anims/sprites/explosion_5.png build/assets/graphics/battle_anims/sprites/explosion_5.png.4bpp 
tools/gbagfx/gbagfx.exe graphics/battle_anims/sprites/explosion_6.png build/assets/graphics/battle_anims/sprites/explosion_6.png.4bpp 
tools/gbagfx/gbagfx.exe graphics/battle_anims/sprites/explosion_6.png build/assets/graphics/battle_anims/sprites/explosion_6.png.gbapal 
tools/gbagfx/gbagfx.exe graphics/battle_anims/sprites/eye.png build/assets/graphics/battle_anims/sprites/eye.png.4bpp 
tools/gbagfx/gbagfx.exe graphics/battle_anims/sprites/eye.png build/assets/graphics/battle_anims/sprites/eye.png.gbapal 
tools/gbagfx/gbagfx.exe graphics/battle_anims/sprites/eye_sparkle.png build/assets/graphics/battle_anims/sprites/eye_sparkle.png.4bpp 
tools/gbagfx/gbagfx.exe graphics/battle_anims/sprites/fairy_lock_chains.png build/assets/graphics/battle_anims/sprites/fairy_lock_chains.png.4bpp 
tools/gbagfx/gbagfx.exe graphics/battle_anims/sprites/eye_sparkle.png build/assets/graphics/battle_anims/sprites/eye_sparkle.png.gbapal 
tools/gbagfx/gbagfx.exe graphics/battle_anims/sprites/fang_attack.png build/assets/graphics/battle_anims/sprites/fang_attack.png.4bpp 
tools/gbagfx/gbagfx.exe graphics/battle_anims/sprites/fang_attack.png build/assets/graphics/battle_anims/sprites/fang_attack.png.gbapal 
tools/gbagfx/gbagfx.exe graphics/battle_anims/sprites/fangs.png build/assets/graphics/battle_anims/sprites/fangs.png.4bpp 
tools/gbagfx/gbagfx.exe graphics/battle_anims/sprites/fangs.png build/assets/graphics/battle_anims/sprites/fangs.png.gbapal 
tools/gbagfx/gbagfx.exe graphics/battle_anims/sprites/feint_punch.png build/assets/graphics/battle_anims/sprites/feint_punch.png.4bpp 
tools/gbagfx/gbagfx.exe graphics/battle_anims/sprites/feint_punch.png build/assets/graphics/battle_anims/sprites/feint_punch.png.gbapal 
tools/gbagfx/gbagfx.exe graphics/battle_anims/sprites/finger.png build/assets/graphics/battle_anims/sprites/finger.png.4bpp 
tools/gbagfx/gbagfx.exe graphics/battle_anims/sprites/finger.png build/assets/graphics/battle_anims/sprites/finger.png.gbapal 
tools/gbagfx/gbagfx.exe graphics/battle_anims/sprites/finger_2.png build/assets/graphics/battle_anims/sprites/finger_2.png.4bpp 
tools/gbagfx/gbagfx.exe graphics/battle_anims/sprites/fire.png build/assets/graphics/battle_anims/sprites/fire.png.4bpp 
tools/gbagfx/gbagfx.exe graphics/battle_anims/sprites/fire.png build/assets/graphics/battle_anims/sprites/fire.png.gbapal 
tools/gbagfx/gbagfx.exe graphics/battle_anims/sprites/fire_plume.png build/assets/graphics/battle_anims/sprites/fire_plume.png.4bpp 
tools/gbagfx/gbagfx.exe graphics/battle_anims/sprites/fishies.png build/assets/graphics/battle_anims/sprites/fishies.png.4bpp 
tools/gbagfx/gbagfx.exe graphics/battle_anims/sprites/fishies.png build/assets/graphics/battle_anims/sprites/fishies.png.gbapal 
tools/gbagfx/gbagfx.exe graphics/battle_anims/sprites/flash_cannon_ball.png build/assets/graphics/battle_anims/sprites/flash_cannon_ball.png.gbapal 
tools/gbagfx/gbagfx.exe graphics/battle_anims/sprites/flash_cannon_ball.png build/assets/graphics/battle_anims/sprites/flash_cannon_ball.png.4bpp 
tools/gbagfx/gbagfx.exe graphics/battle_anims/sprites/flat_rock.png build/assets/graphics/battle_anims/sprites/flat_rock.png.4bpp 
tools/gbagfx/gbagfx.exe graphics/battle_anims/sprites/flower_0.png graphics/battle_anims/sprites/flower_0.4bpp
tools/gbagfx/gbagfx.exe graphics/battle_anims/sprites/flat_rock.png build/assets/graphics/battle_anims/sprites/flat_rock.png.gbapal 
tools/gbagfx/gbagfx.exe graphics/battle_anims/sprites/flower_1.png graphics/battle_anims/sprites/flower_1.4bpp
tools/gbagfx/gbagfx.exe graphics/battle_anims/sprites/flower.pal build/assets/graphics/battle_anims/sprites/flower.pal.gbapal 
tools/gbagfx/gbagfx.exe graphics/battle_anims/sprites/fly.png build/assets/graphics/battle_anims/sprites/fly.png.4bpp 
tools/gbagfx/gbagfx.exe graphics/battle_anims/sprites/fly.png build/assets/graphics/battle_anims/sprites/fly.png.gbapal 
tools/gbagfx/gbagfx.exe graphics/battle_anims/sprites/flying_dirt.png build/assets/graphics/battle_anims/sprites/flying_dirt.png.4bpp 
tools/gbagfx/gbagfx.exe graphics/battle_anims/sprites/flying_dirt.png build/assets/graphics/battle_anims/sprites/flying_dirt.png.gbapal 
tools/gbagfx/gbagfx.exe graphics/battle_anims/sprites/focus_energy.png build/assets/graphics/battle_anims/sprites/focus_energy.png.4bpp 
tools/gbagfx/gbagfx.exe graphics/battle_anims/sprites/focus_energy.png build/assets/graphics/battle_anims/sprites/focus_energy.png.gbapal 
tools/gbagfx/gbagfx.exe graphics/battle_anims/sprites/fresh_egg.png build/assets/graphics/battle_anims/sprites/fresh_egg.png.4bpp 
tools/gbagfx/gbagfx.exe graphics/battle_anims/sprites/fresh_egg.png build/assets/graphics/battle_anims/sprites/fresh_egg.png.gbapal 
tools/gbagfx/gbagfx.exe graphics/battle_anims/sprites/fury_swipes.png build/assets/graphics/battle_anims/sprites/fury_swipes.png.4bpp 
tools/gbagfx/gbagfx.exe graphics/battle_anims/sprites/fury_swipes.png build/assets/graphics/battle_anims/sprites/fury_swipes.png.gbapal 
tools/gbagfx/gbagfx.exe graphics/battle_anims/sprites/fusion_flare.pal build/assets/graphics/battle_anims/sprites/fusion_flare.pal.gbapal 
tools/gbagfx/gbagfx.exe graphics/battle_anims/sprites/garbage_poison_column.pal build/assets/graphics/battle_anims/sprites/garbage_poison_column.pal.gbapal 
tools/gbagfx/gbagfx.exe graphics/battle_anims/sprites/gear.png build/assets/graphics/battle_anims/sprites/gear.png.4bpp 
tools/gbagfx/gbagfx.exe graphics/battle_anims/sprites/gear.png build/assets/graphics/battle_anims/sprites/gear.png.gbapal 
tools/gbagfx/gbagfx.exe graphics/battle_anims/sprites/gem_1.png build/assets/graphics/battle_anims/sprites/gem_1.png.4bpp 
tools/gbagfx/gbagfx.exe graphics/battle_anims/sprites/gem_1.png build/assets/graphics/battle_anims/sprites/gem_1.png.gbapal 
tools/gbagfx/gbagfx.exe graphics/battle_anims/sprites/gem_2.png build/assets/graphics/battle_anims/sprites/gem_2.png.4bpp 
tools/gbagfx/gbagfx.exe graphics/battle_anims/sprites/gem_3.png build/assets/graphics/battle_anims/sprites/gem_3.png.4bpp 
tools/gbagfx/gbagfx.exe graphics/battle_anims/sprites/ghostly_spirit.png build/assets/graphics/battle_anims/sprites/ghostly_spirit.png.4bpp 
tools/gbagfx/gbagfx.exe graphics/battle_anims/sprites/ghostly_spirit.png build/assets/graphics/battle_anims/sprites/ghostly_spirit.png.gbapal 
tools/gbagfx/gbagfx.exe graphics/battle_anims/sprites/gigavolt_havoc_spear.png build/assets/graphics/battle_anims/sprites/gigavolt_havoc_spear.png.4bpp 
tools/gbagfx/gbagfx.exe graphics/battle_anims/sprites/gigavolt_havoc_spear.png build/assets/graphics/battle_anims/sprites/gigavolt_havoc_spear.png.gbapal 
tools/gbagfx/gbagfx.exe graphics/battle_anims/sprites/glass.png build/assets/graphics/battle_anims/sprites/glass.png.4bpp 
tools/gbagfx/gbagfx.exe graphics/battle_anims/sprites/glass_2.png build/assets/graphics/battle_anims/sprites/glass_2.png.4bpp 
tools/gbagfx/gbagfx.exe graphics/battle_anims/sprites/glass.png build/assets/graphics/battle_anims/sprites/glass.png.gbapal 
tools/gbagfx/gbagfx.exe graphics/battle_anims/sprites/glass_2.png build/assets/graphics/battle_anims/sprites/glass_2.png.gbapal 
tools/gbagfx/gbagfx.exe graphics/battle_anims/sprites/glowy_blue_orb.pal build/assets/graphics/battle_anims/sprites/glowy_blue_orb.pal.gbapal 
tools/gbagfx/gbagfx.exe graphics/battle_anims/sprites/glowy_green_orb.pal build/assets/graphics/battle_anims/sprites/glowy_green_orb.pal.gbapal 
tools/gbagfx/gbagfx.exe graphics/battle_anims/sprites/glowy_red_orb.png build/assets/graphics/battle_anims/sprites/glowy_red_orb.png.4bpp 
tools/gbagfx/gbagfx.exe graphics/battle_anims/sprites/glowy_red_orb.png build/assets/graphics/battle_anims/sprites/glowy_red_orb.png.gbapal 
tools/gbagfx/gbagfx.exe graphics/battle_anims/sprites/gold_ring.png build/assets/graphics/battle_anims/sprites/gold_ring.png.4bpp 
tools/gbagfx/gbagfx.exe graphics/battle_anims/sprites/gold_ring.png build/assets/graphics/battle_anims/sprites/gold_ring.png.gbapal 
tools/gbagfx/gbagfx.exe graphics/battle_anims/sprites/gold_stars.png build/assets/graphics/battle_anims/sprites/gold_stars.png.4bpp 
tools/gbagfx/gbagfx.exe graphics/battle_anims/sprites/gold_stars.png build/assets/graphics/battle_anims/sprites/gold_stars.png.gbapal 
tools/gbagfx/gbagfx.exe graphics/battle_anims/sprites/golden_apple.png build/assets/graphics/battle_anims/sprites/golden_apple.png.4bpp 
tools/gbagfx/gbagfx.exe graphics/battle_anims/sprites/golden_apple.png build/assets/graphics/battle_anims/sprites/golden_apple.png.gbapal 
tools/gbagfx/gbagfx.exe graphics/battle_anims/sprites/gray_light_wall.pal build/assets/graphics/battle_anims/sprites/gray_light_wall.pal.gbapal 
tools/gbagfx/gbagfx.exe graphics/battle_anims/sprites/gray_orb.png build/assets/graphics/battle_anims/sprites/gray_orb.png.gbapal 
tools/gbagfx/gbagfx.exe graphics/battle_anims/sprites/gray_orb.png build/assets/graphics/battle_anims/sprites/gray_orb.png.4bpp 
tools/gbagfx/gbagfx.exe graphics/battle_anims/sprites/gray_smoke.png build/assets/graphics/battle_anims/sprites/gray_smoke.png.4bpp 
tools/gbagfx/gbagfx.exe graphics/battle_anims/sprites/green_drake.pal build/assets/graphics/battle_anims/sprites/green_drake.pal.gbapal 
tools/gbagfx/gbagfx.exe graphics/battle_anims/sprites/gray_smoke.png build/assets/graphics/battle_anims/sprites/gray_smoke.png.gbapal 
tools/gbagfx/gbagfx.exe graphics/battle_anims/sprites/green_light_wall.png build/assets/graphics/battle_anims/sprites/green_light_wall.png.4bpp 
tools/gbagfx/gbagfx.exe graphics/battle_anims/sprites/green_light_wall.png build/assets/graphics/battle_anims/sprites/green_light_wall.png.gbapal 
tools/gbagfx/gbagfx.exe graphics/battle_anims/sprites/green_sparkle.png build/assets/graphics/battle_anims/sprites/green_sparkle.png.4bpp 
tools/gbagfx/gbagfx.exe graphics/battle_anims/sprites/green_sparkle.png build/assets/graphics/battle_anims/sprites/green_sparkle.png.gbapal 
tools/gbagfx/gbagfx.exe graphics/battle_anims/sprites/green_spike.png build/assets/graphics/battle_anims/sprites/green_spike.png.4bpp 
tools/gbagfx/gbagfx.exe graphics/battle_anims/sprites/green_spike.png build/assets/graphics/battle_anims/sprites/green_spike.png.gbapal 
tools/gbagfx/gbagfx.exe graphics/battle_anims/sprites/green_star.png build/assets/graphics/battle_anims/sprites/green_star.png.4bpp 
tools/gbagfx/gbagfx.exe graphics/battle_anims/sprites/green_star.png build/assets/graphics/battle_anims/sprites/green_star.png.gbapal 
tools/gbagfx/gbagfx.exe graphics/battle_anims/sprites/green_star_new.png build/assets/graphics/battle_anims/sprites/green_star_new.png.4bpp 
tools/gbagfx/gbagfx.exe graphics/battle_anims/sprites/green_star_new.png build/assets/graphics/battle_anims/sprites/green_star_new.png.gbapal 
tools/gbagfx/gbagfx.exe graphics/battle_anims/sprites/guard_ring.png build/assets/graphics/battle_anims/sprites/guard_ring.png.4bpp 
tools/gbagfx/gbagfx.exe graphics/battle_anims/sprites/guard_ring.png build/assets/graphics/battle_anims/sprites/guard_ring.png.gbapal 
tools/gbagfx/gbagfx.exe graphics/battle_anims/sprites/gust.png build/assets/graphics/battle_anims/sprites/gust.png.4bpp 
tools/gbagfx/gbagfx.exe graphics/battle_anims/sprites/gust.png build/assets/graphics/battle_anims/sprites/gust.png.gbapal 
tools/gbagfx/gbagfx.exe graphics/battle_anims/sprites/hail.png build/assets/graphics/battle_anims/sprites/hail.png.4bpp 
tools/gbagfx/gbagfx.exe graphics/battle_anims/sprites/hail.png build/assets/graphics/battle_anims/sprites/hail.png.gbapal 
tools/gbagfx/gbagfx.exe graphics/battle_anims/sprites/hands_and_feet.png build/assets/graphics/battle_anims/sprites/hands_and_feet.png.4bpp 
tools/gbagfx/gbagfx.exe graphics/battle_anims/sprites/hands_and_feet.png build/assets/graphics/battle_anims/sprites/hands_and_feet.png.gbapal 
tools/gbagfx/gbagfx.exe graphics/battle_anims/sprites/hands_and_feet_new.png build/assets/graphics/battle_anims/sprites/hands_and_feet_new.png.gbapal 
tools/gbagfx/gbagfx.exe graphics/battle_anims/sprites/hands_and_feet_new.png build/assets/graphics/battle_anims/sprites/hands_and_feet_new.png.4bpp 
tools/gbagfx/gbagfx.exe graphics/battle_anims/sprites/hatched_egg.png build/assets/graphics/battle_anims/sprites/hatched_egg.png.4bpp 
tools/gbagfx/gbagfx.exe graphics/battle_anims/sprites/heart_stamp.png build/assets/graphics/battle_anims/sprites/heart_stamp.png.4bpp 
tools/gbagfx/gbagfx.exe graphics/battle_anims/sprites/heart_stamp.png build/assets/graphics/battle_anims/sprites/heart_stamp.png.gbapal 
tools/gbagfx/gbagfx.exe graphics/battle_anims/sprites/hexes.png build/assets/graphics/battle_anims/sprites/hexes.png.4bpp 
tools/gbagfx/gbagfx.exe graphics/battle_anims/sprites/hexes.png build/assets/graphics/battle_anims/sprites/hexes.png.gbapal 
tools/gbagfx/gbagfx.exe graphics/battle_anims/sprites/hit.png build/assets/graphics/battle_anims/sprites/hit.png.4bpp 
tools/gbagfx/gbagfx.exe graphics/battle_anims/sprites/hit.png build/assets/graphics/battle_anims/sprites/hit.png.gbapal 
tools/gbagfx/gbagfx.exe graphics/battle_anims/sprites/hit_duplicate.png build/assets/graphics/battle_anims/sprites/hit_duplicate.png.4bpp 
tools/gbagfx/gbagfx.exe graphics/battle_anims/sprites/hit_2.pal build/assets/graphics/battle_anims/sprites/hit_2.pal.gbapal 
tools/gbagfx/gbagfx.exe graphics/battle_anims/sprites/hit_duplicate.png build/assets/graphics/battle_anims/sprites/hit_duplicate.png.gbapal 
tools/gbagfx/gbagfx.exe graphics/battle_anims/sprites/hollow_orb.png build/assets/graphics/battle_anims/sprites/hollow_orb.png.4bpp 
tools/gbagfx/gbagfx.exe graphics/battle_anims/sprites/hollow_orb.png build/assets/graphics/battle_anims/sprites/hollow_orb.png.gbapal 
tools/gbagfx/gbagfx.exe graphics/battle_anims/sprites/hoopa_hand.png build/assets/graphics/battle_anims/sprites/hoopa_hand.png.4bpp 
tools/gbagfx/gbagfx.exe graphics/battle_anims/sprites/hoopa_hand.png build/assets/graphics/battle_anims/sprites/hoopa_hand.png.gbapal 
tools/gbagfx/gbagfx.exe graphics/battle_anims/sprites/hoopa_ring.png build/assets/graphics/battle_anims/sprites/hoopa_ring.png.4bpp 
tools/gbagfx/gbagfx.exe graphics/battle_anims/sprites/hoopa_ring.png build/assets/graphics/battle_anims/sprites/hoopa_ring.png.gbapal 
tools/gbagfx/gbagfx.exe graphics/battle_anims/sprites/horn_hit.png build/assets/graphics/battle_anims/sprites/horn_hit.png.4bpp 
tools/gbagfx/gbagfx.exe graphics/battle_anims/sprites/horn_hit.png build/assets/graphics/battle_anims/sprites/horn_hit.png.gbapal 
tools/gbagfx/gbagfx.exe graphics/battle_anims/sprites/horn_hit_2.png build/assets/graphics/battle_anims/sprites/horn_hit_2.png.4bpp 
tools/gbagfx/gbagfx.exe graphics/battle_anims/sprites/horn_hit_2.png build/assets/graphics/battle_anims/sprites/horn_hit_2.png.gbapal 
tools/gbagfx/gbagfx.exe graphics/battle_anims/sprites/horn_hit_new.png build/assets/graphics/battle_anims/sprites/horn_hit_new.png.gbapal 
tools/gbagfx/gbagfx.exe graphics/battle_anims/sprites/horn_hit_new.png build/assets/graphics/battle_anims/sprites/horn_hit_new.png.4bpp 
tools/gbagfx/gbagfx.exe graphics/battle_anims/sprites/horn_leech.png build/assets/graphics/battle_anims/sprites/horn_leech.png.4bpp 
tools/gbagfx/gbagfx.exe graphics/battle_anims/sprites/horn_leech.png build/assets/graphics/battle_anims/sprites/horn_leech.png.gbapal 
tools/gbagfx/gbagfx.exe graphics/battle_anims/sprites/horseshoe_fist.png build/assets/graphics/battle_anims/sprites/horseshoe_fist.png.4bpp 
tools/gbagfx/gbagfx.exe graphics/battle_anims/sprites/horseshoe_fist.png build/assets/graphics/battle_anims/sprites/horseshoe_fist.png.gbapal 
tools/gbagfx/gbagfx.exe graphics/battle_anims/sprites/humanoid_foot.png build/assets/graphics/battle_anims/sprites/humanoid_foot.png.4bpp 
tools/gbagfx/gbagfx.exe graphics/battle_anims/sprites/humanoid_foot.png build/assets/graphics/battle_anims/sprites/humanoid_foot.png.gbapal 
tools/gbagfx/gbagfx.exe graphics/battle_anims/sprites/hydro_pump.png build/assets/graphics/battle_anims/sprites/hydro_pump.png.4bpp 
tools/gbagfx/gbagfx.exe graphics/battle_anims/sprites/humanoid_hand.png build/assets/graphics/battle_anims/sprites/humanoid_hand.png.4bpp 
tools/gbagfx/gbagfx.exe graphics/battle_anims/sprites/hydro_pump.png build/assets/graphics/battle_anims/sprites/hydro_pump.png.gbapal 
tools/gbagfx/gbagfx.exe graphics/battle_anims/sprites/ice_chunk.png build/assets/graphics/battle_anims/sprites/ice_chunk.png.gbapal 
tools/gbagfx/gbagfx.exe graphics/battle_anims/sprites/ice_chunk.png build/assets/graphics/battle_anims/sprites/ice_chunk.png.4bpp 
tools/gbagfx/gbagfx.exe graphics/battle_anims/sprites/ice_crystals_0.png graphics/battle_anims/sprites/ice_crystals_0.4bpp
tools/gbagfx/gbagfx.exe graphics/battle_anims/sprites/ice_crystals_1.png graphics/battle_anims/sprites/ice_crystals_1.4bpp
tools/gbagfx/gbagfx.exe graphics/battle_anims/sprites/ice_crystals_2.png graphics/battle_anims/sprites/ice_crystals_2.4bpp
tools/gbagfx/gbagfx.exe graphics/battle_anims/sprites/ice_crystals_3.png graphics/battle_anims/sprites/ice_crystals_3.4bpp
tools/gbagfx/gbagfx.exe graphics/battle_anims/sprites/ice_crystals_4.png graphics/battle_anims/sprites/ice_crystals_4.4bpp
tools/gbagfx/gbagfx.exe graphics/battle_anims/sprites/ice_cube_0.png graphics/battle_anims/sprites/ice_cube_0.4bpp
tools/gbagfx/gbagfx.exe graphics/battle_anims/sprites/ice_cube_1.png graphics/battle_anims/sprites/ice_cube_1.4bpp
tools/gbagfx/gbagfx.exe graphics/battle_anims/sprites/ice_crystals.pal build/assets/graphics/battle_anims/sprites/ice_crystals.pal.gbapal 
tools/gbagfx/gbagfx.exe graphics/battle_anims/sprites/ice_cube_2.png graphics/battle_anims/sprites/ice_cube_2.4bpp
tools/gbagfx/gbagfx.exe graphics/battle_anims/sprites/ice_cube_3.png graphics/battle_anims/sprites/ice_cube_3.4bpp
tools/gbagfx/gbagfx.exe graphics/battle_anims/sprites/ice_cube.pal build/assets/graphics/battle_anims/sprites/ice_cube.pal.gbapal 
tools/gbagfx/gbagfx.exe graphics/battle_anims/sprites/ice_rock.png build/assets/graphics/battle_anims/sprites/ice_rock.png.4bpp 
tools/gbagfx/gbagfx.exe graphics/battle_anims/sprites/ice_rock.png build/assets/graphics/battle_anims/sprites/ice_rock.png.gbapal 
tools/gbagfx/gbagfx.exe graphics/battle_anims/sprites/ice_spikes.png build/assets/graphics/battle_anims/sprites/ice_spikes.png.4bpp 
tools/gbagfx/gbagfx.exe graphics/battle_anims/sprites/icicle_spear.png build/assets/graphics/battle_anims/sprites/icicle_spear.png.4bpp 
tools/gbagfx/gbagfx.exe graphics/battle_anims/sprites/icicle_spear.png build/assets/graphics/battle_anims/sprites/icicle_spear.png.gbapal 
tools/gbagfx/gbagfx.exe graphics/battle_anims/sprites/impact.png build/assets/graphics/battle_anims/sprites/impact.png.4bpp 
tools/gbagfx/gbagfx.exe graphics/battle_anims/sprites/impact.png build/assets/graphics/battle_anims/sprites/impact.png.gbapal 
tools/gbagfx/gbagfx.exe graphics/battle_anims/sprites/impact_2.png build/assets/graphics/battle_anims/sprites/impact_2.png.4bpp 
tools/gbagfx/gbagfx.exe graphics/battle_anims/sprites/impact_2.png build/assets/graphics/battle_anims/sprites/impact_2.png.gbapal 
tools/gbagfx/gbagfx.exe graphics/battle_anims/sprites/impact_3.png build/assets/graphics/battle_anims/sprites/impact_3.png.4bpp 
tools/gbagfx/gbagfx.exe graphics/battle_anims/sprites/impact_3.png build/assets/graphics/battle_anims/sprites/impact_3.png.gbapal 
tools/gbagfx/gbagfx.exe graphics/battle_anims/sprites/impact_new.pal build/assets/graphics/battle_anims/sprites/impact_new.pal.gbapal 
tools/gbagfx/gbagfx.exe graphics/battle_anims/sprites/item_bag.png build/assets/graphics/battle_anims/sprites/item_bag.png.4bpp 
tools/gbagfx/gbagfx.exe graphics/battle_anims/sprites/item_bag.png build/assets/graphics/battle_anims/sprites/item_bag.png.gbapal 
tools/gbagfx/gbagfx.exe graphics/battle_anims/sprites/jagged_music_note.png build/assets/graphics/battle_anims/sprites/jagged_music_note.png.4bpp 
tools/gbagfx/gbagfx.exe graphics/battle_anims/sprites/jagged_music_note.png build/assets/graphics/battle_anims/sprites/jagged_music_note.png.gbapal 
tools/gbagfx/gbagfx.exe graphics/battle_anims/sprites/large_fresh_egg.png build/assets/graphics/battle_anims/sprites/large_fresh_egg.png.4bpp 
tools/gbagfx/gbagfx.exe graphics/battle_anims/sprites/large_fresh_egg.png build/assets/graphics/battle_anims/sprites/large_fresh_egg.png.gbapal 
tools/gbagfx/gbagfx.exe graphics/battle_anims/sprites/large_spike.png build/assets/graphics/battle_anims/sprites/large_spike.png.4bpp 
tools/gbagfx/gbagfx.exe graphics/battle_anims/sprites/large_spike.png build/assets/graphics/battle_anims/sprites/large_spike.png.gbapal 
tools/gbagfx/gbagfx.exe graphics/battle_anims/sprites/leaf.png build/assets/graphics/battle_anims/sprites/leaf.png.4bpp 
tools/gbagfx/gbagfx.exe graphics/battle_anims/sprites/leaf.png build/assets/graphics/battle_anims/sprites/leaf.png.gbapal 
tools/gbagfx/gbagfx.exe graphics/battle_anims/sprites/leaves.png build/assets/graphics/battle_anims/sprites/leaves.png.4bpp 
tools/gbagfx/gbagfx.exe graphics/battle_anims/sprites/leaves.png build/assets/graphics/battle_anims/sprites/leaves.png.gbapal 
tools/gbagfx/gbagfx.exe graphics/battle_anims/sprites/leech_seed.png build/assets/graphics/battle_anims/sprites/leech_seed.png.4bpp 
tools/gbagfx/gbagfx.exe graphics/battle_anims/sprites/leech_seed.png build/assets/graphics/battle_anims/sprites/leech_seed.png.gbapal 
tools/gbagfx/gbagfx.exe graphics/battle_anims/sprites/leer.png build/assets/graphics/battle_anims/sprites/leer.png.4bpp 
tools/gbagfx/gbagfx.exe graphics/battle_anims/sprites/leer.png build/assets/graphics/battle_anims/sprites/leer.png.gbapal 
tools/gbagfx/gbagfx.exe graphics/battle_anims/sprites/letter_z.png build/assets/graphics/battle_anims/sprites/letter_z.png.4bpp 
tools/gbagfx/gbagfx.exe graphics/battle_anims/sprites/letter_z.png build/assets/graphics/battle_anims/sprites/letter_z.png.gbapal 
tools/gbagfx/gbagfx.exe graphics/battle_anims/sprites/lick.png build/assets/graphics/battle_anims/sprites/lick.png.4bpp 
tools/gbagfx/gbagfx.exe graphics/battle_anims/sprites/lick.png build/assets/graphics/battle_anims/sprites/lick.png.gbapal 
tools/gbagfx/gbagfx.exe graphics/battle_anims/sprites/lightbulb.png build/assets/graphics/battle_anims/sprites/lightbulb.png.gbapal 
tools/gbagfx/gbagfx.exe graphics/battle_anims/sprites/lightbulb.png build/assets/graphics/battle_anims/sprites/lightbulb.png.4bpp 
tools/gbagfx/gbagfx.exe graphics/battle_anims/sprites/lightning.png build/assets/graphics/battle_anims/sprites/lightning.png.4bpp 
tools/gbagfx/gbagfx.exe graphics/battle_anims/sprites/lightning_2.png build/assets/graphics/battle_anims/sprites/lightning_2.png.4bpp 
tools/gbagfx/gbagfx.exe graphics/battle_anims/sprites/lightning_2.png build/assets/graphics/battle_anims/sprites/lightning_2.png.gbapal 
tools/gbagfx/gbagfx.exe graphics/battle_anims/sprites/lightning_rain.png build/assets/graphics/battle_anims/sprites/lightning_rain.png.4bpp 
tools/gbagfx/gbagfx.exe graphics/battle_anims/sprites/lightning_rain.png build/assets/graphics/battle_anims/sprites/lightning_rain.png.gbapal 
tools/gbagfx/gbagfx.exe graphics/battle_anims/sprites/lock_on.png build/assets/graphics/battle_anims/sprites/lock_on.png.4bpp 
tools/gbagfx/gbagfx.exe graphics/battle_anims/sprites/lock_on.png build/assets/graphics/battle_anims/sprites/lock_on.png.gbapal 
tools/gbagfx/gbagfx.exe graphics/battle_anims/sprites/magenta_heart.png build/assets/graphics/battle_anims/sprites/magenta_heart.png.4bpp 
tools/gbagfx/gbagfx.exe graphics/battle_anims/sprites/magenta_heart.png build/assets/graphics/battle_anims/sprites/magenta_heart.png.gbapal 
tools/gbagfx/gbagfx.exe graphics/battle_anims/sprites/magnifying_glass.png build/assets/graphics/battle_anims/sprites/magnifying_glass.png.gbapal 
tools/gbagfx/gbagfx.exe graphics/battle_anims/sprites/magnifying_glass.png build/assets/graphics/battle_anims/sprites/magnifying_glass.png.4bpp 
tools/gbagfx/gbagfx.exe graphics/battle_anims/sprites/mean_look.png build/assets/graphics/battle_anims/sprites/mean_look.png.4bpp 
tools/gbagfx/gbagfx.exe graphics/battle_anims/sprites/mega_particles.png build/assets/graphics/battle_anims/sprites/mega_particles.png.4bpp 
tools/gbagfx/gbagfx.exe graphics/battle_anims/sprites/mean_look.png build/assets/graphics/battle_anims/sprites/mean_look.png.gbapal 
tools/gbagfx/gbagfx.exe graphics/battle_anims/sprites/mega_particles.png build/assets/graphics/battle_anims/sprites/mega_particles.png.gbapal 
tools/gbagfx/gbagfx.exe graphics/battle_anims/sprites/mega_stone.png build/assets/graphics/battle_anims/sprites/mega_stone.png.gbapal 
tools/gbagfx/gbagfx.exe graphics/battle_anims/sprites/mega_stone.png build/assets/graphics/battle_anims/sprites/mega_stone.png.4bpp 
tools/gbagfx/gbagfx.exe graphics/battle_anims/sprites/mega_symbol.png build/assets/graphics/battle_anims/sprites/mega_symbol.png.4bpp 
tools/gbagfx/gbagfx.exe graphics/battle_anims/sprites/mega_symbol.png build/assets/graphics/battle_anims/sprites/mega_symbol.png.gbapal 
tools/gbagfx/gbagfx.exe graphics/battle_anims/sprites/metal_ball.png build/assets/graphics/battle_anims/sprites/metal_ball.png.4bpp 
tools/gbagfx/gbagfx.exe graphics/battle_anims/sprites/metal_ball.png build/assets/graphics/battle_anims/sprites/metal_ball.png.gbapal 
tools/gbagfx/gbagfx.exe graphics/battle_anims/sprites/metal_bits.png build/assets/graphics/battle_anims/sprites/metal_bits.png.4bpp 
tools/gbagfx/gbagfx.exe graphics/battle_anims/sprites/metal_sound_waves.png build/assets/graphics/battle_anims/sprites/metal_sound_waves.png.4bpp 
tools/gbagfx/gbagfx.exe graphics/battle_anims/sprites/metal_sound_waves.png build/assets/graphics/battle_anims/sprites/metal_sound_waves.png.gbapal 
tools/gbagfx/gbagfx.exe graphics/battle_anims/sprites/meteor.png build/assets/graphics/battle_anims/sprites/meteor.png.4bpp 
tools/gbagfx/gbagfx.exe graphics/battle_anims/sprites/meteor.png build/assets/graphics/battle_anims/sprites/meteor.png.gbapal 
tools/gbagfx/gbagfx.exe graphics/battle_anims/sprites/milk_bottle.png build/assets/graphics/battle_anims/sprites/milk_bottle.png.gbapal 
tools/gbagfx/gbagfx.exe graphics/battle_anims/sprites/milk_bottle.png build/assets/graphics/battle_anims/sprites/milk_bottle.png.4bpp 
tools/gbagfx/gbagfx.exe graphics/battle_anims/sprites/mist_cloud.png build/assets/graphics/battle_anims/sprites/mist_cloud.png.4bpp 
tools/gbagfx/gbagfx.exe graphics/battle_anims/sprites/mist_cloud.png build/assets/graphics/battle_anims/sprites/mist_cloud.png.gbapal 
tools/gbagfx/gbagfx.exe graphics/battle_anims/sprites/monster_doll.png build/assets/graphics/battle_anims/sprites/monster_doll.png.4bpp 
tools/gbagfx/gbagfx.exe graphics/battle_anims/sprites/monster_doll.png build/assets/graphics/battle_anims/sprites/monster_doll.png.gbapal 
tools/gbagfx/gbagfx.exe graphics/battle_anims/sprites/monster_doll_gba.png build/assets/graphics/battle_anims/sprites/monster_doll_gba.png.4bpp 
tools/gbagfx/gbagfx.exe graphics/battle_anims/sprites/monster_doll_gba.png build/assets/graphics/battle_anims/sprites/monster_doll_gba.png.gbapal 
tools/gbagfx/gbagfx.exe graphics/battle_anims/sprites/monster_foot.png build/assets/graphics/battle_anims/sprites/monster_foot.png.4bpp 
tools/gbagfx/gbagfx.exe graphics/battle_anims/sprites/moon.png build/assets/graphics/battle_anims/sprites/moon.png.4bpp 
tools/gbagfx/gbagfx.exe graphics/battle_anims/sprites/moon.png build/assets/graphics/battle_anims/sprites/moon.png.gbapal 
tools/gbagfx/gbagfx.exe graphics/battle_anims/sprites/movement_waves.png build/assets/graphics/battle_anims/sprites/movement_waves.png.4bpp 
tools/gbagfx/gbagfx.exe graphics/battle_anims/sprites/movement_waves.png build/assets/graphics/battle_anims/sprites/movement_waves.png.gbapal 
tools/gbagfx/gbagfx.exe graphics/battle_anims/sprites/mud_bomb.png build/assets/graphics/battle_anims/sprites/mud_bomb.png.4bpp 
tools/gbagfx/gbagfx.exe graphics/battle_anims/sprites/mud_sand_0.png graphics/battle_anims/sprites/mud_sand_0.4bpp
tools/gbagfx/gbagfx.exe graphics/battle_anims/sprites/mud_bomb.png build/assets/graphics/battle_anims/sprites/mud_bomb.png.gbapal 
tools/gbagfx/gbagfx.exe graphics/battle_anims/sprites/mud_sand_1.png graphics/battle_anims/sprites/mud_sand_1.4bpp
tools/gbagfx/gbagfx.exe graphics/battle_anims/sprites/mud_sand.pal build/assets/graphics/battle_anims/sprites/mud_sand.pal.gbapal 
tools/gbagfx/gbagfx.exe graphics/battle_anims/sprites/mud_unk.png build/assets/graphics/battle_anims/sprites/mud_unk.png.4bpp 
tools/gbagfx/gbagfx.exe graphics/battle_anims/sprites/mud_unk.png build/assets/graphics/battle_anims/sprites/mud_unk.png.gbapal 
tools/gbagfx/gbagfx.exe graphics/battle_anims/sprites/mushroom.png build/assets/graphics/battle_anims/sprites/mushroom.png.4bpp 
tools/gbagfx/gbagfx.exe graphics/battle_anims/sprites/mushroom.png build/assets/graphics/battle_anims/sprites/mushroom.png.gbapal 
tools/gbagfx/gbagfx.exe graphics/battle_anims/sprites/music_notes.png build/assets/graphics/battle_anims/sprites/music_notes.png.4bpp 
tools/gbagfx/gbagfx.exe graphics/battle_anims/sprites/music_notes.png build/assets/graphics/battle_anims/sprites/music_notes.png.gbapal 
tools/gbagfx/gbagfx.exe graphics/battle_anims/sprites/music_notes_2.pal build/assets/graphics/battle_anims/sprites/music_notes_2.pal.gbapal 
tools/gbagfx/gbagfx.exe graphics/battle_anims/sprites/music_notes_2.png build/assets/graphics/battle_anims/sprites/music_notes_2.png.4bpp 
tools/gbagfx/gbagfx.exe graphics/battle_anims/sprites/nail.png build/assets/graphics/battle_anims/sprites/nail.png.4bpp 
tools/gbagfx/gbagfx.exe graphics/battle_anims/sprites/nail.png build/assets/graphics/battle_anims/sprites/nail.png.gbapal 
tools/gbagfx/gbagfx.exe graphics/battle_anims/sprites/natural_gift_ring.pal build/assets/graphics/battle_anims/sprites/natural_gift_ring.pal.gbapal 
tools/gbagfx/gbagfx.exe graphics/battle_anims/sprites/necrozma_star.png build/assets/graphics/battle_anims/sprites/necrozma_star.png.4bpp 
tools/gbagfx/gbagfx.exe graphics/battle_anims/sprites/necrozma_star.png build/assets/graphics/battle_anims/sprites/necrozma_star.png.gbapal 
tools/gbagfx/gbagfx.exe graphics/battle_anims/sprites/needle.png build/assets/graphics/battle_anims/sprites/needle.png.4bpp 
tools/gbagfx/gbagfx.exe graphics/battle_anims/sprites/needle.png build/assets/graphics/battle_anims/sprites/needle.png.gbapal 
tools/gbagfx/gbagfx.exe graphics/battle_anims/sprites/new/teapot.pal build/assets/graphics/battle_anims/sprites/new/teapot.pal.gbapal 
tools/gbagfx/gbagfx.exe graphics/battle_anims/sprites/new/teapot.png build/assets/graphics/battle_anims/sprites/new/teapot.png.4bpp 
tools/gbagfx/gbagfx.exe graphics/battle_anims/sprites/noise_line.png build/assets/graphics/battle_anims/sprites/noise_line.png.4bpp 
tools/gbagfx/gbagfx.exe graphics/battle_anims/sprites/obstruct.png build/assets/graphics/battle_anims/sprites/obstruct.png.4bpp 
tools/gbagfx/gbagfx.exe graphics/battle_anims/sprites/obstruct.png build/assets/graphics/battle_anims/sprites/obstruct.png.gbapal 
tools/gbagfx/gbagfx.exe graphics/battle_anims/sprites/omega_stone.png build/assets/graphics/battle_anims/sprites/omega_stone.png.4bpp 
tools/gbagfx/gbagfx.exe graphics/battle_anims/sprites/omega_stone.png build/assets/graphics/battle_anims/sprites/omega_stone.png.gbapal 
tools/gbagfx/gbagfx.exe graphics/battle_anims/sprites/omega_symbol.png build/assets/graphics/battle_anims/sprites/omega_symbol.png.4bpp 
tools/gbagfx/gbagfx.exe graphics/battle_anims/sprites/omega_symbol.png build/assets/graphics/battle_anims/sprites/omega_symbol.png.gbapal 
tools/gbagfx/gbagfx.exe graphics/battle_anims/sprites/opening_eye.png build/assets/graphics/battle_anims/sprites/opening_eye.png.4bpp 
tools/gbagfx/gbagfx.exe graphics/battle_anims/sprites/opening_eye.png build/assets/graphics/battle_anims/sprites/opening_eye.png.gbapal 
tools/gbagfx/gbagfx.exe graphics/battle_anims/sprites/orange.png build/assets/graphics/battle_anims/sprites/orange.png.4bpp 
tools/gbagfx/gbagfx.exe graphics/battle_anims/sprites/orange.png build/assets/graphics/battle_anims/sprites/orange.png.gbapal 
tools/gbagfx/gbagfx.exe graphics/battle_anims/sprites/orange_light_wall.pal build/assets/graphics/battle_anims/sprites/orange_light_wall.pal.gbapal 
tools/gbagfx/gbagfx.exe graphics/battle_anims/sprites/orb.png build/assets/graphics/battle_anims/sprites/orb.png.4bpp 
tools/gbagfx/gbagfx.exe graphics/battle_anims/sprites/orb.png build/assets/graphics/battle_anims/sprites/orb.png.gbapal 
tools/gbagfx/gbagfx.exe graphics/battle_anims/sprites/orbs.png build/assets/graphics/battle_anims/sprites/orbs.png.4bpp 
tools/gbagfx/gbagfx.exe graphics/battle_anims/sprites/orbs.png build/assets/graphics/battle_anims/sprites/orbs.png.gbapal 
tools/gbagfx/gbagfx.exe graphics/battle_anims/sprites/pain_split.png build/assets/graphics/battle_anims/sprites/pain_split.png.4bpp 
tools/gbagfx/gbagfx.exe graphics/battle_anims/sprites/pain_split.png build/assets/graphics/battle_anims/sprites/pain_split.png.gbapal 
tools/gbagfx/gbagfx.exe graphics/battle_anims/sprites/particles.png build/assets/graphics/battle_anims/sprites/particles.png.4bpp 
tools/gbagfx/gbagfx.exe graphics/battle_anims/sprites/particles2.png build/assets/graphics/battle_anims/sprites/particles2.png.4bpp 
tools/gbagfx/gbagfx.exe graphics/battle_anims/sprites/particles2.png build/assets/graphics/battle_anims/sprites/particles2.png.gbapal 
tools/gbagfx/gbagfx.exe graphics/battle_anims/sprites/paw_print.png build/assets/graphics/battle_anims/sprites/paw_print.png.4bpp 
tools/gbagfx/gbagfx.exe graphics/battle_anims/sprites/paw_print.png build/assets/graphics/battle_anims/sprites/paw_print.png.gbapal 
tools/gbagfx/gbagfx.exe graphics/battle_anims/sprites/pencil.png build/assets/graphics/battle_anims/sprites/pencil.png.4bpp 
tools/gbagfx/gbagfx.exe graphics/battle_anims/sprites/pencil.png build/assets/graphics/battle_anims/sprites/pencil.png.gbapal 
tools/gbagfx/gbagfx.exe graphics/battle_anims/sprites/pencil_2.png build/assets/graphics/battle_anims/sprites/pencil_2.png.4bpp 
tools/gbagfx/gbagfx.exe graphics/battle_anims/sprites/pencil_2.png build/assets/graphics/battle_anims/sprites/pencil_2.png.gbapal 
tools/gbagfx/gbagfx.exe graphics/battle_anims/sprites/petal.png build/assets/graphics/battle_anims/sprites/petal.png.4bpp 
tools/gbagfx/gbagfx.exe graphics/battle_anims/sprites/pink_cloud.png build/assets/graphics/battle_anims/sprites/pink_cloud.png.4bpp 
tools/gbagfx/gbagfx.exe graphics/battle_anims/sprites/petal.png build/assets/graphics/battle_anims/sprites/petal.png.gbapal 
tools/gbagfx/gbagfx.exe graphics/battle_anims/sprites/pink_cloud.png build/assets/graphics/battle_anims/sprites/pink_cloud.png.gbapal 
tools/gbagfx/gbagfx.exe graphics/battle_anims/sprites/pink_diamond.png build/assets/graphics/battle_anims/sprites/pink_diamond.png.4bpp 
tools/gbagfx/gbagfx.exe graphics/battle_anims/sprites/pink_diamond.png build/assets/graphics/battle_anims/sprites/pink_diamond.png.gbapal 
tools/gbagfx/gbagfx.exe graphics/battle_anims/sprites/pink_glove.png build/assets/graphics/battle_anims/sprites/pink_glove.png.gbapal 
tools/gbagfx/gbagfx.exe graphics/battle_anims/sprites/pink_glove.png build/assets/graphics/battle_anims/sprites/pink_glove.png.4bpp 
tools/gbagfx/gbagfx.exe graphics/battle_anims/sprites/pink_heart.pal build/assets/graphics/battle_anims/sprites/pink_heart.pal.gbapal 
tools/gbagfx/gbagfx.exe graphics/battle_anims/sprites/pink_heart_2.png build/assets/graphics/battle_anims/sprites/pink_heart_2.png.4bpp 
tools/gbagfx/gbagfx.exe graphics/battle_anims/sprites/pink_heart_2.png build/assets/graphics/battle_anims/sprites/pink_heart_2.png.gbapal 
tools/gbagfx/gbagfx.exe graphics/battle_anims/sprites/pink_orb.png build/assets/graphics/battle_anims/sprites/pink_orb.png.gbapal 
tools/gbagfx/gbagfx.exe graphics/battle_anims/sprites/pink_orb.png build/assets/graphics/battle_anims/sprites/pink_orb.png.4bpp 
tools/gbagfx/gbagfx.exe graphics/battle_anims/sprites/pink_petal.png build/assets/graphics/battle_anims/sprites/pink_petal.png.4bpp 
tools/gbagfx/gbagfx.exe graphics/battle_anims/sprites/pink_petal.png build/assets/graphics/battle_anims/sprites/pink_petal.png.gbapal 
tools/gbagfx/gbagfx.exe graphics/battle_anims/sprites/pinkvio_orb.png build/assets/graphics/battle_anims/sprites/pinkvio_orb.png.4bpp 
tools/gbagfx/gbagfx.exe graphics/battle_anims/sprites/pinkvio_orb.png build/assets/graphics/battle_anims/sprites/pinkvio_orb.png.gbapal 
tools/gbagfx/gbagfx.exe graphics/battle_anims/sprites/poison_bubble.png build/assets/graphics/battle_anims/sprites/poison_bubble.png.4bpp 
tools/gbagfx/gbagfx.exe graphics/battle_anims/sprites/poison_bubble.png build/assets/graphics/battle_anims/sprites/poison_bubble.png.gbapal 
tools/gbagfx/gbagfx.exe graphics/battle_anims/sprites/poison_column.png build/assets/graphics/battle_anims/sprites/poison_column.png.4bpp 
tools/gbagfx/gbagfx.exe graphics/battle_anims/sprites/poison_column.png build/assets/graphics/battle_anims/sprites/poison_column.png.gbapal 
tools/gbagfx/gbagfx.exe graphics/battle_anims/sprites/poison_jab.png build/assets/graphics/battle_anims/sprites/poison_jab.png.4bpp 
tools/gbagfx/gbagfx.exe graphics/battle_anims/sprites/poison_jab.png build/assets/graphics/battle_anims/sprites/poison_jab.png.gbapal 
tools/gbagfx/gbagfx.exe graphics/battle_anims/sprites/poison_powder.png build/assets/graphics/battle_anims/sprites/poison_powder.png.4bpp 
tools/gbagfx/gbagfx.exe graphics/battle_anims/sprites/poison_powder.png build/assets/graphics/battle_anims/sprites/poison_powder.png.gbapal 
tools/gbagfx/gbagfx.exe graphics/battle_anims/sprites/pokeball.png build/assets/graphics/battle_anims/sprites/pokeball.png.4bpp 
tools/gbagfx/gbagfx.exe graphics/battle_anims/sprites/pokeball.png build/assets/graphics/battle_anims/sprites/pokeball.png.gbapal 
tools/gbagfx/gbagfx.exe graphics/battle_anims/sprites/pokeblock.png build/assets/graphics/battle_anims/sprites/pokeblock.png.4bpp 
tools/gbagfx/gbagfx.exe graphics/battle_anims/sprites/pokeblock.png build/assets/graphics/battle_anims/sprites/pokeblock.png.gbapal 
tools/gbagfx/gbagfx.exe graphics/battle_anims/sprites/poltergeist.pal build/assets/graphics/battle_anims/sprites/poltergeist.pal.gbapal 
tools/gbagfx/gbagfx.exe graphics/battle_anims/sprites/power_gem.png build/assets/graphics/battle_anims/sprites/power_gem.png.4bpp 
tools/gbagfx/gbagfx.exe graphics/battle_anims/sprites/power_gem.png build/assets/graphics/battle_anims/sprites/power_gem.png.gbapal 
tools/gbagfx/gbagfx.exe graphics/battle_anims/sprites/power_trick.png build/assets/graphics/battle_anims/sprites/power_trick.png.4bpp 
tools/gbagfx/gbagfx.exe graphics/battle_anims/sprites/power_trick.png build/assets/graphics/battle_anims/sprites/power_trick.png.gbapal 
tools/gbagfx/gbagfx.exe graphics/battle_anims/sprites/protect.png build/assets/graphics/battle_anims/sprites/protect.png.4bpp 
tools/gbagfx/gbagfx.exe graphics/battle_anims/sprites/protect.png build/assets/graphics/battle_anims/sprites/protect.png.gbapal 
tools/gbagfx/gbagfx.exe graphics/battle_anims/sprites/psycho_cut.png build/assets/graphics/battle_anims/sprites/psycho_cut.png.4bpp 
tools/gbagfx/gbagfx.exe graphics/battle_anims/sprites/psycho_cut.png build/assets/graphics/battle_anims/sprites/psycho_cut.png.gbapal 
tools/gbagfx/gbagfx.exe graphics/battle_anims/sprites/punch_impact.png build/assets/graphics/battle_anims/sprites/punch_impact.png.4bpp 
tools/gbagfx/gbagfx.exe graphics/battle_anims/sprites/punch_impact.png build/assets/graphics/battle_anims/sprites/punch_impact.png.gbapal 
tools/gbagfx/gbagfx.exe graphics/battle_anims/sprites/punishment.png build/assets/graphics/battle_anims/sprites/punishment.png.4bpp 
tools/gbagfx/gbagfx.exe graphics/battle_anims/sprites/punishment.png build/assets/graphics/battle_anims/sprites/punishment.png.gbapal 
tools/gbagfx/gbagfx.exe graphics/battle_anims/sprites/purple_chain.png build/assets/graphics/battle_anims/sprites/purple_chain.png.4bpp 
libpng warning: bKGD: invalid index
tools/gbagfx/gbagfx.exe graphics/battle_anims/sprites/purple_chain.png build/assets/graphics/battle_anims/sprites/purple_chain.png.gbapal 
tools/gbagfx/gbagfx.exe graphics/battle_anims/sprites/purple_coral.png build/assets/graphics/battle_anims/sprites/purple_coral.png.4bpp 
libpng warning: bKGD: invalid index
tools/gbagfx/gbagfx.exe graphics/battle_anims/sprites/purple_coral.png build/assets/graphics/battle_anims/sprites/purple_coral.png.gbapal 
tools/gbagfx/gbagfx.exe graphics/battle_anims/sprites/purple_drake.png build/assets/graphics/battle_anims/sprites/purple_drake.png.4bpp 
tools/gbagfx/gbagfx.exe graphics/battle_anims/sprites/purple_drake.png build/assets/graphics/battle_anims/sprites/purple_drake.png.gbapal 
tools/gbagfx/gbagfx.exe graphics/battle_anims/sprites/purple_droplet.png build/assets/graphics/battle_anims/sprites/purple_droplet.png.4bpp 
tools/gbagfx/gbagfx.exe graphics/battle_anims/sprites/purple_flame.png build/assets/graphics/battle_anims/sprites/purple_flame.png.4bpp 
tools/gbagfx/gbagfx.exe graphics/battle_anims/sprites/purple_gas_cloud.pal build/assets/graphics/battle_anims/sprites/purple_gas_cloud.pal.gbapal 
tools/gbagfx/gbagfx.exe graphics/battle_anims/sprites/purple_flame.png build/assets/graphics/battle_anims/sprites/purple_flame.png.gbapal 
tools/gbagfx/gbagfx.exe graphics/battle_anims/sprites/purple_green_unk.png build/assets/graphics/battle_anims/sprites/purple_green_unk.png.4bpp 
tools/gbagfx/gbagfx.exe graphics/battle_anims/sprites/purple_hand_outline.png build/assets/graphics/battle_anims/sprites/purple_hand_outline.png.4bpp 
tools/gbagfx/gbagfx.exe graphics/battle_anims/sprites/purple_green_unk.png build/assets/graphics/battle_anims/sprites/purple_green_unk.png.gbapal 
tools/gbagfx/gbagfx.exe graphics/battle_anims/sprites/purple_jab.png build/assets/graphics/battle_anims/sprites/purple_jab.png.4bpp 
tools/gbagfx/gbagfx.exe graphics/battle_anims/sprites/purple_hand_outline.png build/assets/graphics/battle_anims/sprites/purple_hand_outline.png.gbapal 
tools/gbagfx/gbagfx.exe graphics/battle_anims/sprites/purple_jab.png build/assets/graphics/battle_anims/sprites/purple_jab.png.gbapal 
tools/gbagfx/gbagfx.exe graphics/battle_anims/sprites/purple_ring.pal build/assets/graphics/battle_anims/sprites/purple_ring.pal.gbapal 
tools/gbagfx/gbagfx.exe graphics/battle_anims/sprites/purple_scratch.png build/assets/graphics/battle_anims/sprites/purple_scratch.png.4bpp 
tools/gbagfx/gbagfx.exe graphics/battle_anims/sprites/purple_scratch.png build/assets/graphics/battle_anims/sprites/purple_scratch.png.gbapal 
tools/gbagfx/gbagfx.exe graphics/battle_anims/sprites/purple_swipe.png build/assets/graphics/battle_anims/sprites/purple_swipe.png.4bpp 
tools/gbagfx/gbagfx.exe graphics/battle_anims/sprites/quick_guard.png build/assets/graphics/battle_anims/sprites/quick_guard.png.4bpp 
tools/gbagfx/gbagfx.exe graphics/battle_anims/sprites/quick_guard.png build/assets/graphics/battle_anims/sprites/quick_guard.png.gbapal 
tools/gbagfx/gbagfx.exe graphics/battle_anims/sprites/rain_drops.png build/assets/graphics/battle_anims/sprites/rain_drops.png.4bpp 
tools/gbagfx/gbagfx.exe graphics/battle_anims/sprites/rain_drops.png build/assets/graphics/battle_anims/sprites/rain_drops.png.gbapal 
tools/gbagfx/gbagfx.exe graphics/battle_anims/sprites/rainbow_rings.png build/assets/graphics/battle_anims/sprites/rainbow_rings.png.4bpp 
tools/gbagfx/gbagfx.exe graphics/battle_anims/sprites/rainbow_rings.png build/assets/graphics/battle_anims/sprites/rainbow_rings.png.gbapal 
tools/gbagfx/gbagfx.exe graphics/battle_anims/sprites/rapid_spin.png build/assets/graphics/battle_anims/sprites/rapid_spin.png.4bpp 
tools/gbagfx/gbagfx.exe graphics/battle_anims/sprites/rapid_spin.png build/assets/graphics/battle_anims/sprites/rapid_spin.png.gbapal 
tools/gbagfx/gbagfx.exe graphics/battle_anims/sprites/razor_leaf.png build/assets/graphics/battle_anims/sprites/razor_leaf.png.4bpp 
tools/gbagfx/gbagfx.exe graphics/battle_anims/sprites/razor_leaf.png build/assets/graphics/battle_anims/sprites/razor_leaf.png.gbapal 
tools/gbagfx/gbagfx.exe graphics/battle_anims/sprites/razor_shell.png build/assets/graphics/battle_anims/sprites/razor_shell.png.4bpp 
tools/gbagfx/gbagfx.exe graphics/battle_anims/sprites/razor_shell.png build/assets/graphics/battle_anims/sprites/razor_shell.png.gbapal 
tools/gbagfx/gbagfx.exe graphics/battle_anims/sprites/recycle.png build/assets/graphics/battle_anims/sprites/recycle.png.4bpp 
tools/gbagfx/gbagfx.exe graphics/battle_anims/sprites/recycle.png build/assets/graphics/battle_anims/sprites/recycle.png.gbapal 
tools/gbagfx/gbagfx.exe graphics/battle_anims/sprites/red_ball.png build/assets/graphics/battle_anims/sprites/red_ball.png.4bpp 
tools/gbagfx/gbagfx.exe graphics/battle_anims/sprites/red_ball.png build/assets/graphics/battle_anims/sprites/red_ball.png.gbapal 
tools/gbagfx/gbagfx.exe graphics/battle_anims/sprites/red_explosion.png build/assets/graphics/battle_anims/sprites/red_explosion.png.4bpp 
libpng warning: bKGD: invalid index
tools/gbagfx/gbagfx.exe graphics/battle_anims/sprites/red_explosion.png build/assets/graphics/battle_anims/sprites/red_explosion.png.gbapal 
libpng warning: bKGD: invalid index
tools/gbagfx/gbagfx.exe graphics/battle_anims/sprites/red_fist.png build/assets/graphics/battle_anims/sprites/red_fist.png.4bpp 
tools/gbagfx/gbagfx.exe graphics/battle_anims/sprites/red_heart.pal build/assets/graphics/battle_anims/sprites/red_heart.pal.gbapal 
tools/gbagfx/gbagfx.exe graphics/battle_anims/sprites/red_light_wall.pal build/assets/graphics/battle_anims/sprites/red_light_wall.pal.gbapal 
tools/gbagfx/gbagfx.exe graphics/battle_anims/sprites/red_orb.png build/assets/graphics/battle_anims/sprites/red_orb.png.4bpp 
tools/gbagfx/gbagfx.exe graphics/battle_anims/sprites/red_orb.png build/assets/graphics/battle_anims/sprites/red_orb.png.gbapal 
tools/gbagfx/gbagfx.exe graphics/battle_anims/sprites/red_orb_2.pal build/assets/graphics/battle_anims/sprites/red_orb_2.pal.gbapal 
tools/gbagfx/gbagfx.exe graphics/battle_anims/sprites/red_particles.png build/assets/graphics/battle_anims/sprites/red_particles.png.4bpp 
tools/gbagfx/gbagfx.exe graphics/battle_anims/sprites/red_particles.png build/assets/graphics/battle_anims/sprites/red_particles.png.gbapal 
tools/gbagfx/gbagfx.exe graphics/battle_anims/sprites/red_tube.png build/assets/graphics/battle_anims/sprites/red_tube.png.gbapal 
tools/gbagfx/gbagfx.exe graphics/battle_anims/sprites/red_tube.png build/assets/graphics/battle_anims/sprites/red_tube.png.4bpp 
tools/gbagfx/gbagfx.exe graphics/battle_anims/sprites/red_wand.png build/assets/graphics/battle_anims/sprites/red_wand.png.4bpp 
tools/gbagfx/gbagfx.exe graphics/battle_anims/sprites/red_wand.png build/assets/graphics/battle_anims/sprites/red_wand.png.gbapal 
tools/gbagfx/gbagfx.exe graphics/battle_anims/sprites/reticle.png build/assets/graphics/battle_anims/sprites/reticle.png.4bpp 
tools/gbagfx/gbagfx.exe graphics/battle_anims/sprites/reticle.png build/assets/graphics/battle_anims/sprites/reticle.png.gbapal 
tools/gbagfx/gbagfx.exe graphics/battle_anims/sprites/ring.png build/assets/graphics/battle_anims/sprites/ring.png.gbapal 
tools/gbagfx/gbagfx.exe graphics/battle_anims/sprites/ring.png build/assets/graphics/battle_anims/sprites/ring.png.4bpp 
tools/gbagfx/gbagfx.exe graphics/battle_anims/sprites/rock_small.png build/assets/graphics/battle_anims/sprites/rock_small.png.4bpp 
tools/gbagfx/gbagfx.exe graphics/battle_anims/sprites/rocks.png build/assets/graphics/battle_anims/sprites/rocks.png.4bpp 
tools/gbagfx/gbagfx.exe graphics/battle_anims/sprites/rocks.png build/assets/graphics/battle_anims/sprites/rocks.png.gbapal 
tools/gbagfx/gbagfx.exe graphics/battle_anims/sprites/rocks_new.png build/assets/graphics/battle_anims/sprites/rocks_new.png.4bpp 
tools/gbagfx/gbagfx.exe graphics/battle_anims/sprites/rocks_new.png build/assets/graphics/battle_anims/sprites/rocks_new.png.gbapal 
tools/gbagfx/gbagfx.exe graphics/battle_anims/sprites/roots.png build/assets/graphics/battle_anims/sprites/roots.png.4bpp 
tools/gbagfx/gbagfx.exe graphics/battle_anims/sprites/roots.png build/assets/graphics/battle_anims/sprites/roots.png.gbapal 
tools/gbagfx/gbagfx.exe graphics/battle_anims/sprites/round_shadow.png build/assets/graphics/battle_anims/sprites/round_shadow.png.4bpp 
tools/gbagfx/gbagfx.exe graphics/battle_anims/sprites/round_shadow.png build/assets/graphics/battle_anims/sprites/round_shadow.png.gbapal 
tools/gbagfx/gbagfx.exe graphics/battle_anims/sprites/round_white_halo.png build/assets/graphics/battle_anims/sprites/round_white_halo.png.4bpp 
tools/gbagfx/gbagfx.exe graphics/battle_anims/sprites/round_white_halo.png build/assets/graphics/battle_anims/sprites/round_white_halo.png.gbapal 
tools/gbagfx/gbagfx.exe graphics/battle_anims/sprites/salt_particle.png build/assets/graphics/battle_anims/sprites/salt_particle.png.4bpp 
tools/gbagfx/gbagfx.exe graphics/battle_anims/sprites/salt_particle.png build/assets/graphics/battle_anims/sprites/salt_particle.png.gbapal 
tools/gbagfx/gbagfx.exe graphics/battle_anims/sprites/sap_drip.png build/assets/graphics/battle_anims/sprites/sap_drip.png.4bpp 
tools/gbagfx/gbagfx.exe graphics/battle_anims/sprites/sap_drip.png build/assets/graphics/battle_anims/sprites/sap_drip.png.gbapal 
tools/gbagfx/gbagfx.exe graphics/battle_anims/sprites/sap_drip_2.pal build/assets/graphics/battle_anims/sprites/sap_drip_2.pal.gbapal 
tools/gbagfx/gbagfx.exe graphics/battle_anims/sprites/scratch.png build/assets/graphics/battle_anims/sprites/scratch.png.4bpp 
tools/gbagfx/gbagfx.exe graphics/battle_anims/sprites/scratch_2.png build/assets/graphics/battle_anims/sprites/scratch_2.png.4bpp 
tools/gbagfx/gbagfx.exe graphics/battle_anims/sprites/scratch_3.png build/assets/graphics/battle_anims/sprites/scratch_3.png.4bpp 
tools/gbagfx/gbagfx.exe graphics/battle_anims/sprites/seed.png build/assets/graphics/battle_anims/sprites/seed.png.gbapal 
tools/gbagfx/gbagfx.exe graphics/battle_anims/sprites/seed_2.png build/assets/graphics/battle_anims/sprites/seed_2.png.4bpp 
tools/gbagfx/gbagfx.exe graphics/battle_anims/sprites/seed.png build/assets/graphics/battle_anims/sprites/seed.png.4bpp 
tools/gbagfx/gbagfx.exe graphics/battle_anims/sprites/seed_2.png build/assets/graphics/battle_anims/sprites/seed_2.png.gbapal 
tools/gbagfx/gbagfx.exe graphics/battle_anims/sprites/seed_new.png build/assets/graphics/battle_anims/sprites/seed_new.png.4bpp 
tools/gbagfx/gbagfx.exe graphics/battle_anims/sprites/seed_new.png build/assets/graphics/battle_anims/sprites/seed_new.png.gbapal 
tools/gbagfx/gbagfx.exe graphics/battle_anims/sprites/shadow_ball.png build/assets/graphics/battle_anims/sprites/shadow_ball.png.4bpp 
tools/gbagfx/gbagfx.exe graphics/battle_anims/sprites/shadow_ball.png build/assets/graphics/battle_anims/sprites/shadow_ball.png.gbapal 
tools/gbagfx/gbagfx.exe graphics/battle_anims/sprites/sharp_teeth.png build/assets/graphics/battle_anims/sprites/sharp_teeth.png.4bpp 
tools/gbagfx/gbagfx.exe graphics/battle_anims/sprites/sharp_teeth.png build/assets/graphics/battle_anims/sprites/sharp_teeth.png.gbapal 
tools/gbagfx/gbagfx.exe graphics/battle_anims/sprites/shell_left.png build/assets/graphics/battle_anims/sprites/shell_left.png.4bpp 
tools/gbagfx/gbagfx.exe graphics/battle_anims/sprites/shell_left.png build/assets/graphics/battle_anims/sprites/shell_left.png.gbapal 
tools/gbagfx/gbagfx.exe graphics/battle_anims/sprites/shell_right.png build/assets/graphics/battle_anims/sprites/shell_right.png.4bpp 
tools/gbagfx/gbagfx.exe graphics/battle_anims/sprites/shock.png build/assets/graphics/battle_anims/sprites/shock.png.4bpp 
tools/gbagfx/gbagfx.exe graphics/battle_anims/sprites/shock_2.png build/assets/graphics/battle_anims/sprites/shock_2.png.4bpp 
tools/gbagfx/gbagfx.exe graphics/battle_anims/sprites/shock_2.png build/assets/graphics/battle_anims/sprites/shock_2.png.gbapal 
tools/gbagfx/gbagfx.exe graphics/battle_anims/sprites/shock_3.png build/assets/graphics/battle_anims/sprites/shock_3.png.4bpp 
tools/gbagfx/gbagfx.exe graphics/battle_anims/sprites/shock_3.png build/assets/graphics/battle_anims/sprites/shock_3.png.gbapal 
tools/gbagfx/gbagfx.exe graphics/battle_anims/sprites/shock_4.png build/assets/graphics/battle_anims/sprites/shock_4.png.4bpp 
tools/gbagfx/gbagfx.exe graphics/battle_anims/sprites/slam_hit.png build/assets/graphics/battle_anims/sprites/slam_hit.png.4bpp 
tools/gbagfx/gbagfx.exe graphics/battle_anims/sprites/shock_4.png build/assets/graphics/battle_anims/sprites/shock_4.png.gbapal 
tools/gbagfx/gbagfx.exe graphics/battle_anims/sprites/slam_hit.png build/assets/graphics/battle_anims/sprites/slam_hit.png.gbapal 
tools/gbagfx/gbagfx.exe graphics/battle_anims/sprites/slam_hit_2.png build/assets/graphics/battle_anims/sprites/slam_hit_2.png.4bpp 
tools/gbagfx/gbagfx.exe graphics/battle_anims/sprites/slam_hit_2.png build/assets/graphics/battle_anims/sprites/slam_hit_2.png.gbapal 
tools/gbagfx/gbagfx.exe graphics/battle_anims/sprites/slash.png build/assets/graphics/battle_anims/sprites/slash.png.4bpp 
tools/gbagfx/gbagfx.exe graphics/battle_anims/sprites/slash.png build/assets/graphics/battle_anims/sprites/slash.png.gbapal 
tools/gbagfx/gbagfx.exe graphics/battle_anims/sprites/slash_2.pal build/assets/graphics/battle_anims/sprites/slash_2.pal.gbapal 
tools/gbagfx/gbagfx.exe graphics/battle_anims/sprites/sleep_powder.pal build/assets/graphics/battle_anims/sprites/sleep_powder.pal.gbapal 
tools/gbagfx/gbagfx.exe graphics/battle_anims/sprites/small_bubbles.png build/assets/graphics/battle_anims/sprites/small_bubbles.png.4bpp 
tools/gbagfx/gbagfx.exe graphics/battle_anims/sprites/small_bubbles.png build/assets/graphics/battle_anims/sprites/small_bubbles.png.gbapal 
tools/gbagfx/gbagfx.exe graphics/battle_anims/sprites/small_cloud.png build/assets/graphics/battle_anims/sprites/small_cloud.png.4bpp 
tools/gbagfx/gbagfx.exe graphics/battle_anims/sprites/small_cloud.png build/assets/graphics/battle_anims/sprites/small_cloud.png.gbapal 
tools/gbagfx/gbagfx.exe graphics/battle_anims/sprites/small_ember.png build/assets/graphics/battle_anims/sprites/small_ember.png.4bpp 
tools/gbagfx/gbagfx.exe graphics/battle_anims/sprites/small_ember.png build/assets/graphics/battle_anims/sprites/small_ember.png.gbapal 
tools/gbagfx/gbagfx.exe graphics/battle_anims/sprites/small_red_eye.png build/assets/graphics/battle_anims/sprites/small_red_eye.png.4bpp 
tools/gbagfx/gbagfx.exe graphics/battle_anims/sprites/small_red_eye.png build/assets/graphics/battle_anims/sprites/small_red_eye.png.gbapal 
tools/gbagfx/gbagfx.exe graphics/battle_anims/sprites/smellingsalt_effect.png build/assets/graphics/battle_anims/sprites/smellingsalt_effect.png.4bpp 
tools/gbagfx/gbagfx.exe graphics/battle_anims/sprites/smellingsalt_effect.png build/assets/graphics/battle_anims/sprites/smellingsalt_effect.png.gbapal 
tools/gbagfx/gbagfx.exe graphics/battle_anims/sprites/smoke.png build/assets/graphics/battle_anims/sprites/smoke.png.4bpp 
tools/gbagfx/gbagfx.exe graphics/battle_anims/sprites/smoke.png build/assets/graphics/battle_anims/sprites/smoke.png.gbapal 
tools/gbagfx/gbagfx.exe graphics/battle_anims/sprites/smoke_2.png build/assets/graphics/battle_anims/sprites/smoke_2.png.4bpp 
tools/gbagfx/gbagfx.exe graphics/battle_anims/sprites/smokescreen_impact.png build/assets/graphics/battle_anims/sprites/smokescreen_impact.png.4bpp 
tools/gbagfx/gbagfx.exe graphics/battle_anims/sprites/smokescreen_impact.png build/assets/graphics/battle_anims/sprites/smokescreen_impact.png.gbapal 
tools/gbagfx/gbagfx.exe graphics/battle_anims/sprites/snore_z.png build/assets/graphics/battle_anims/sprites/snore_z.png.4bpp 
tools/gbagfx/gbagfx.exe graphics/battle_anims/sprites/snore_z.png build/assets/graphics/battle_anims/sprites/snore_z.png.gbapal 
tools/gbagfx/gbagfx.exe graphics/battle_anims/sprites/snowball.png build/assets/graphics/battle_anims/sprites/snowball.png.4bpp 
tools/gbagfx/gbagfx.exe graphics/battle_anims/sprites/snowball.png build/assets/graphics/battle_anims/sprites/snowball.png.gbapal 
tools/gbagfx/gbagfx.exe graphics/battle_anims/sprites/snowflakes.png build/assets/graphics/battle_anims/sprites/snowflakes.png.4bpp 
tools/gbagfx/gbagfx.exe graphics/battle_anims/sprites/snowflakes.png build/assets/graphics/battle_anims/sprites/snowflakes.png.gbapal 
tools/gbagfx/gbagfx.exe graphics/battle_anims/sprites/spacial_rend_slices.pal build/assets/graphics/battle_anims/sprites/spacial_rend_slices.pal.gbapal 
tools/gbagfx/gbagfx.exe graphics/battle_anims/sprites/spark_0.png graphics/battle_anims/sprites/spark_0.4bpp
tools/gbagfx/gbagfx.exe graphics/battle_anims/sprites/spark_1.png graphics/battle_anims/sprites/spark_1.4bpp
tools/gbagfx/gbagfx.exe graphics/battle_anims/sprites/spark.pal build/assets/graphics/battle_anims/sprites/spark.pal.gbapal 
tools/gbagfx/gbagfx.exe graphics/battle_anims/sprites/spark_2.png build/assets/graphics/battle_anims/sprites/spark_2.png.4bpp 
tools/gbagfx/gbagfx.exe graphics/battle_anims/sprites/spark_2.png build/assets/graphics/battle_anims/sprites/spark_2.png.gbapal 
tools/gbagfx/gbagfx.exe graphics/battle_anims/sprites/spark_h.png build/assets/graphics/battle_anims/sprites/spark_h.png.4bpp 
tools/gbagfx/gbagfx.exe graphics/battle_anims/sprites/sparkle_1.png build/assets/graphics/battle_anims/sprites/sparkle_1.png.4bpp 
tools/gbagfx/gbagfx.exe graphics/battle_anims/sprites/sparkle_1.png build/assets/graphics/battle_anims/sprites/sparkle_1.png.gbapal 
tools/gbagfx/gbagfx.exe graphics/battle_anims/sprites/sparkle_3.png build/assets/graphics/battle_anims/sprites/sparkle_3.png.4bpp 
tools/gbagfx/gbagfx.exe graphics/battle_anims/sprites/sparkle_2.pal build/assets/graphics/battle_anims/sprites/sparkle_2.pal.gbapal 
tools/gbagfx/gbagfx.exe graphics/battle_anims/sprites/sparkle_3.png build/assets/graphics/battle_anims/sprites/sparkle_3.png.gbapal 
tools/gbagfx/gbagfx.exe graphics/battle_anims/sprites/sparkle_4.png build/assets/graphics/battle_anims/sprites/sparkle_4.png.4bpp 
tools/gbagfx/gbagfx.exe graphics/battle_anims/sprites/sparkle_6.png build/assets/graphics/battle_anims/sprites/sparkle_6.png.4bpp 
tools/gbagfx/gbagfx.exe graphics/battle_anims/sprites/sparkle_6.png build/assets/graphics/battle_anims/sprites/sparkle_6.png.gbapal 
tools/gbagfx/gbagfx.exe graphics/battle_anims/sprites/speed_dust.png build/assets/graphics/battle_anims/sprites/speed_dust.png.4bpp 
tools/gbagfx/gbagfx.exe graphics/battle_anims/sprites/speed_dust.png build/assets/graphics/battle_anims/sprites/speed_dust.png.gbapal 
tools/gbagfx/gbagfx.exe graphics/battle_anims/sprites/sphere_to_cube.png build/assets/graphics/battle_anims/sprites/sphere_to_cube.png.4bpp 
tools/gbagfx/gbagfx.exe graphics/battle_anims/sprites/sphere_to_cube.png build/assets/graphics/battle_anims/sprites/sphere_to_cube.png.gbapal 
tools/gbagfx/gbagfx.exe graphics/battle_anims/sprites/spider_web.png build/assets/graphics/battle_anims/sprites/spider_web.png.4bpp 
tools/gbagfx/gbagfx.exe graphics/battle_anims/sprites/spikes.png build/assets/graphics/battle_anims/sprites/spikes.png.4bpp 
tools/gbagfx/gbagfx.exe graphics/battle_anims/sprites/spikes.png build/assets/graphics/battle_anims/sprites/spikes.png.gbapal 
tools/gbagfx/gbagfx.exe graphics/battle_anims/sprites/spikes_new.png build/assets/graphics/battle_anims/sprites/spikes_new.png.4bpp 
tools/gbagfx/gbagfx.exe graphics/battle_anims/sprites/spinning_fire.png build/assets/graphics/battle_anims/sprites/spinning_fire.png.4bpp 
tools/gbagfx/gbagfx.exe graphics/battle_anims/sprites/spikes_new.png build/assets/graphics/battle_anims/sprites/spikes_new.png.gbapal 
tools/gbagfx/gbagfx.exe graphics/battle_anims/sprites/spinning_green_orbs.png build/assets/graphics/battle_anims/sprites/spinning_green_orbs.png.gbapal 
tools/gbagfx/gbagfx.exe graphics/battle_anims/sprites/spinning_green_orbs.png build/assets/graphics/battle_anims/sprites/spinning_green_orbs.png.4bpp 
tools/gbagfx/gbagfx.exe graphics/battle_anims/sprites/spiral.png build/assets/graphics/battle_anims/sprites/spiral.png.4bpp 
tools/gbagfx/gbagfx.exe graphics/battle_anims/sprites/spiral.png build/assets/graphics/battle_anims/sprites/spiral.png.gbapal 
tools/gbagfx/gbagfx.exe graphics/battle_anims/sprites/spirit_shackle_arrow.png build/assets/graphics/battle_anims/sprites/spirit_shackle_arrow.png.gbapal 
tools/gbagfx/gbagfx.exe graphics/battle_anims/sprites/spirit_shackle_arrow.png build/assets/graphics/battle_anims/sprites/spirit_shackle_arrow.png.4bpp 
libpng warning: bKGD: invalid index
libpng warning: bKGD: invalid index
tools/gbagfx/gbagfx.exe graphics/battle_anims/sprites/splash.png build/assets/graphics/battle_anims/sprites/splash.png.gbapal 
tools/gbagfx/gbagfx.exe graphics/battle_anims/sprites/splash.png build/assets/graphics/battle_anims/sprites/splash.png.4bpp 
tools/gbagfx/gbagfx.exe graphics/battle_anims/sprites/spore.png build/assets/graphics/battle_anims/sprites/spore.png.4bpp 
tools/gbagfx/gbagfx.exe graphics/battle_anims/sprites/spore.png build/assets/graphics/battle_anims/sprites/spore.png.gbapal 
tools/gbagfx/gbagfx.exe graphics/battle_anims/sprites/spotlight.png build/assets/graphics/battle_anims/sprites/spotlight.png.4bpp 
tools/gbagfx/gbagfx.exe graphics/battle_anims/sprites/sprout.png build/assets/graphics/battle_anims/sprites/sprout.png.4bpp 
tools/gbagfx/gbagfx.exe graphics/battle_anims/sprites/starstorm_beam.png build/assets/graphics/battle_anims/sprites/starstorm_beam.png.4bpp 
tools/gbagfx/gbagfx.exe graphics/battle_anims/sprites/starstorm_beam.png build/assets/graphics/battle_anims/sprites/starstorm_beam.png.gbapal 
tools/gbagfx/gbagfx.exe graphics/battle_anims/sprites/stealth_rock.png build/assets/graphics/battle_anims/sprites/stealth_rock.png.4bpp 
tools/gbagfx/gbagfx.exe graphics/battle_anims/sprites/steam_eruption.png build/assets/graphics/battle_anims/sprites/steam_eruption.png.4bpp 
tools/gbagfx/gbagfx.exe graphics/battle_anims/sprites/stealth_rock.png build/assets/graphics/battle_anims/sprites/stealth_rock.png.gbapal 
tools/gbagfx/gbagfx.exe graphics/battle_anims/sprites/steam_eruption.png build/assets/graphics/battle_anims/sprites/steam_eruption.png.gbapal 
tools/gbagfx/gbagfx.exe graphics/battle_anims/sprites/steamroller.png build/assets/graphics/battle_anims/sprites/steamroller.png.4bpp 
tools/gbagfx/gbagfx.exe graphics/battle_anims/sprites/steamroller.png build/assets/graphics/battle_anims/sprites/steamroller.png.gbapal 
tools/gbagfx/gbagfx.exe graphics/battle_anims/sprites/steel_beam.pal build/assets/graphics/battle_anims/sprites/steel_beam.pal.gbapal 
tools/gbagfx/gbagfx.exe graphics/battle_anims/sprites/stone_edge.png build/assets/graphics/battle_anims/sprites/stone_edge.png.4bpp 
tools/gbagfx/gbagfx.exe graphics/battle_anims/sprites/stone_edge.png build/assets/graphics/battle_anims/sprites/stone_edge.png.gbapal 
tools/gbagfx/gbagfx.exe graphics/battle_anims/sprites/stone_pillar.png build/assets/graphics/battle_anims/sprites/stone_pillar.png.4bpp 
tools/gbagfx/gbagfx.exe graphics/battle_anims/sprites/stone_pillar.png build/assets/graphics/battle_anims/sprites/stone_pillar.png.gbapal 
tools/gbagfx/gbagfx.exe graphics/battle_anims/sprites/straight_beam.png build/assets/graphics/battle_anims/sprites/straight_beam.png.4bpp 
tools/gbagfx/gbagfx.exe graphics/battle_anims/sprites/straight_beam.png build/assets/graphics/battle_anims/sprites/straight_beam.png.gbapal 
tools/gbagfx/gbagfx.exe graphics/battle_anims/sprites/string.png build/assets/graphics/battle_anims/sprites/string.png.4bpp 
tools/gbagfx/gbagfx.exe graphics/battle_anims/sprites/string.png build/assets/graphics/battle_anims/sprites/string.png.gbapal 
tools/gbagfx/gbagfx.exe graphics/battle_anims/sprites/string_2.png build/assets/graphics/battle_anims/sprites/string_2.png.4bpp 
tools/gbagfx/gbagfx.exe graphics/battle_anims/sprites/string_2.png build/assets/graphics/battle_anims/sprites/string_2.png.gbapal 
tools/gbagfx/gbagfx.exe graphics/battle_anims/sprites/stun_spore.pal build/assets/graphics/battle_anims/sprites/stun_spore.pal.gbapal 
tools/gbagfx/gbagfx.exe graphics/battle_anims/sprites/substitute.png build/assets/graphics/battle_anims/sprites/substitute.png.4bpp 
tools/gbagfx/gbagfx.exe graphics/battle_anims/sprites/substitute.png build/assets/graphics/battle_anims/sprites/substitute.png.gbapal 
tools/gbagfx/gbagfx.exe graphics/battle_anims/sprites/substitute_back.png build/assets/graphics/battle_anims/sprites/substitute_back.png.4bpp 
tools/gbagfx/gbagfx.exe graphics/battle_anims/sprites/substitute_back_gba.png build/assets/graphics/battle_anims/sprites/substitute_back_gba.png.4bpp 
tools/gbagfx/gbagfx.exe graphics/battle_anims/sprites/substitute_gba.png build/assets/graphics/battle_anims/sprites/substitute_gba.png.4bpp 
tools/gbagfx/gbagfx.exe graphics/battle_anims/sprites/substitute_gba.png build/assets/graphics/battle_anims/sprites/substitute_gba.png.gbapal 
tools/gbagfx/gbagfx.exe graphics/battle_anims/sprites/sunlight.png build/assets/graphics/battle_anims/sprites/sunlight.png.4bpp 
tools/gbagfx/gbagfx.exe graphics/battle_anims/sprites/sunlight.png build/assets/graphics/battle_anims/sprites/sunlight.png.gbapal 
tools/gbagfx/gbagfx.exe graphics/battle_anims/sprites/surf_new.pal build/assets/graphics/battle_anims/sprites/surf_new.pal.gbapal 
tools/gbagfx/gbagfx.exe graphics/battle_anims/sprites/sweat_bead.png build/assets/graphics/battle_anims/sprites/sweat_bead.png.4bpp 
tools/gbagfx/gbagfx.exe graphics/battle_anims/sprites/sweat_drop.png build/assets/graphics/battle_anims/sprites/sweat_drop.png.4bpp 
tools/gbagfx/gbagfx.exe graphics/battle_anims/sprites/sweat_drop.png build/assets/graphics/battle_anims/sprites/sweat_drop.png.gbapal 
tools/gbagfx/gbagfx.exe graphics/battle_anims/sprites/swipe.png build/assets/graphics/battle_anims/sprites/swipe.png.4bpp 
tools/gbagfx/gbagfx.exe graphics/battle_anims/sprites/swipe.png build/assets/graphics/battle_anims/sprites/swipe.png.gbapal 
tools/gbagfx/gbagfx.exe graphics/battle_anims/sprites/sword.png build/assets/graphics/battle_anims/sprites/sword.png.4bpp 
tools/gbagfx/gbagfx.exe graphics/battle_anims/sprites/sword.png build/assets/graphics/battle_anims/sprites/sword.png.gbapal 
tools/gbagfx/gbagfx.exe graphics/battle_anims/sprites/sword_2.png build/assets/graphics/battle_anims/sprites/sword_2.png.4bpp 
tools/gbagfx/gbagfx.exe graphics/battle_anims/sprites/sword_2.png build/assets/graphics/battle_anims/sprites/sword_2.png.gbapal 
tools/gbagfx/gbagfx.exe graphics/battle_anims/sprites/sword_new.png build/assets/graphics/battle_anims/sprites/sword_new.png.4bpp 
tools/gbagfx/gbagfx.exe graphics/battle_anims/sprites/sword_new.png build/assets/graphics/battle_anims/sprites/sword_new.png.gbapal 
tools/gbagfx/gbagfx.exe graphics/battle_anims/sprites/syrup_bomb_blob.png build/assets/graphics/battle_anims/sprites/syrup_bomb_blob.png.4bpp 
tools/gbagfx/gbagfx.exe graphics/battle_anims/sprites/syrup_bomb_shell.png build/assets/graphics/battle_anims/sprites/syrup_bomb_shell.png.4bpp 
tools/gbagfx/gbagfx.exe graphics/battle_anims/sprites/syrup_bomb_splat.png build/assets/graphics/battle_anims/sprites/syrup_bomb_splat.png.4bpp 
tools/gbagfx/gbagfx.exe graphics/battle_anims/sprites/syrup_red.pal build/assets/graphics/battle_anims/sprites/syrup_red.pal.gbapal 
tools/gbagfx/gbagfx.exe graphics/battle_anims/sprites/syrup_yellow.pal build/assets/graphics/battle_anims/sprites/syrup_yellow.pal.gbapal 
tools/gbagfx/gbagfx.exe graphics/battle_anims/sprites/tatsugiri_curly.png build/assets/graphics/battle_anims/sprites/tatsugiri_curly.png.4bpp 
tools/gbagfx/gbagfx.exe graphics/battle_anims/sprites/tag_hand.png build/assets/graphics/battle_anims/sprites/tag_hand.png.4bpp 
tools/gbagfx/gbagfx.exe graphics/battle_anims/sprites/tatsugiri_curly.png build/assets/graphics/battle_anims/sprites/tatsugiri_curly.png.gbapal 
tools/gbagfx/gbagfx.exe graphics/battle_anims/sprites/tatsugiri_droopy.png build/assets/graphics/battle_anims/sprites/tatsugiri_droopy.png.4bpp 
tools/gbagfx/gbagfx.exe graphics/battle_anims/sprites/tatsugiri_droopy.png build/assets/graphics/battle_anims/sprites/tatsugiri_droopy.png.gbapal 
tools/gbagfx/gbagfx.exe graphics/battle_anims/sprites/tatsugiri_stretchy.png build/assets/graphics/battle_anims/sprites/tatsugiri_stretchy.png.4bpp 
tools/gbagfx/gbagfx.exe graphics/battle_anims/sprites/tatsugiri_stretchy.png build/assets/graphics/battle_anims/sprites/tatsugiri_stretchy.png.gbapal 
tools/gbagfx/gbagfx.exe graphics/battle_anims/sprites/teal_alert.png build/assets/graphics/battle_anims/sprites/teal_alert.png.4bpp 
tools/gbagfx/gbagfx.exe graphics/battle_anims/sprites/teal_alert.png build/assets/graphics/battle_anims/sprites/teal_alert.png.gbapal 
tools/gbagfx/gbagfx.exe graphics/battle_anims/sprites/teeth.png build/assets/graphics/battle_anims/sprites/teeth.png.4bpp 
tools/gbagfx/gbagfx.exe graphics/battle_anims/sprites/teeth.png build/assets/graphics/battle_anims/sprites/teeth.png.gbapal 
tools/gbagfx/gbagfx.exe graphics/battle_anims/sprites/teeth_new.png build/assets/graphics/battle_anims/sprites/teeth_new.png.4bpp 
tools/gbagfx/gbagfx.exe graphics/battle_anims/sprites/teeth_new.png build/assets/graphics/battle_anims/sprites/teeth_new.png.gbapal 
tools/gbagfx/gbagfx.exe graphics/battle_anims/sprites/tendrils.png build/assets/graphics/battle_anims/sprites/tendrils.png.4bpp 
tools/gbagfx/gbagfx.exe graphics/battle_anims/sprites/tendrils.png build/assets/graphics/battle_anims/sprites/tendrils.png.gbapal 
tools/gbagfx/gbagfx.exe graphics/battle_anims/sprites/tera_crystal.png build/assets/graphics/battle_anims/sprites/tera_crystal.png.4bpp 
libpng warning: bKGD: invalid index
tools/gbagfx/gbagfx.exe graphics/battle_anims/sprites/tera_crystal.png build/assets/graphics/battle_anims/sprites/tera_crystal.png.gbapal 
libpng warning: bKGD: invalid index
tools/gbagfx/gbagfx.exe graphics/battle_anims/sprites/tera_shatter.png build/assets/graphics/battle_anims/sprites/tera_shatter.png.4bpp 
tools/gbagfx/gbagfx.exe graphics/battle_anims/sprites/tera_shatter.png build/assets/graphics/battle_anims/sprites/tera_shatter.png.gbapal 
tools/gbagfx/gbagfx.exe graphics/battle_anims/sprites/tera_symbol.png build/assets/graphics/battle_anims/sprites/tera_symbol.png.4bpp 
tools/gbagfx/gbagfx.exe graphics/battle_anims/sprites/tera_symbol.png build/assets/graphics/battle_anims/sprites/tera_symbol.png.gbapal 
libpng warning: bKGD: invalid index
libpng warning: bKGD: invalid index
tools/gbagfx/gbagfx.exe graphics/battle_anims/sprites/thin_ring.png build/assets/graphics/battle_anims/sprites/thin_ring.png.4bpp 
tools/gbagfx/gbagfx.exe graphics/battle_anims/sprites/thin_ring.png build/assets/graphics/battle_anims/sprites/thin_ring.png.gbapal 
tools/gbagfx/gbagfx.exe graphics/battle_anims/sprites/thought_bubble.png build/assets/graphics/battle_anims/sprites/thought_bubble.png.4bpp 
tools/gbagfx/gbagfx.exe graphics/battle_anims/sprites/thought_bubble.png build/assets/graphics/battle_anims/sprites/thought_bubble.png.gbapal 
tools/gbagfx/gbagfx.exe graphics/battle_anims/sprites/tied_bag.png build/assets/graphics/battle_anims/sprites/tied_bag.png.4bpp 
tools/gbagfx/gbagfx.exe graphics/battle_anims/sprites/tied_bag.png build/assets/graphics/battle_anims/sprites/tied_bag.png.gbapal 
tools/gbagfx/gbagfx.exe graphics/battle_anims/sprites/tongue.png build/assets/graphics/battle_anims/sprites/tongue.png.gbapal 
tools/gbagfx/gbagfx.exe graphics/battle_anims/sprites/tongue.png build/assets/graphics/battle_anims/sprites/tongue.png.4bpp 
tools/gbagfx/gbagfx.exe graphics/battle_anims/sprites/torn_metal.png build/assets/graphics/battle_anims/sprites/torn_metal.png.4bpp 
tools/gbagfx/gbagfx.exe graphics/battle_anims/sprites/tornado.png build/assets/graphics/battle_anims/sprites/tornado.png.4bpp 
tools/gbagfx/gbagfx.exe graphics/battle_anims/sprites/tornado.png build/assets/graphics/battle_anims/sprites/tornado.png.gbapal 
tools/gbagfx/gbagfx.exe graphics/battle_anims/sprites/toxic_bubble.png build/assets/graphics/battle_anims/sprites/toxic_bubble.png.4bpp 
tools/gbagfx/gbagfx.exe graphics/battle_anims/sprites/toxic_spikes.png build/assets/graphics/battle_anims/sprites/toxic_spikes.png.gbapal 
tools/gbagfx/gbagfx.exe graphics/battle_anims/sprites/tri_attack_triangle.png build/assets/graphics/battle_anims/sprites/tri_attack_triangle.png.4bpp 
tools/gbagfx/gbagfx.exe graphics/battle_anims/sprites/tri_attack_triangle.png build/assets/graphics/battle_anims/sprites/tri_attack_triangle.png.gbapal 
tools/gbagfx/gbagfx.exe graphics/battle_anims/sprites/trump_card_particles.png build/assets/graphics/battle_anims/sprites/trump_card_particles.png.4bpp 
tools/gbagfx/gbagfx.exe graphics/battle_anims/sprites/trump_card_particles.png build/assets/graphics/battle_anims/sprites/trump_card_particles.png.gbapal 
tools/gbagfx/gbagfx.exe graphics/battle_anims/sprites/trump_cards.png build/assets/graphics/battle_anims/sprites/trump_cards.png.4bpp 
tools/gbagfx/gbagfx.exe graphics/battle_anims/sprites/trump_cards.png build/assets/graphics/battle_anims/sprites/trump_cards.png.gbapal 
tools/gbagfx/gbagfx.exe graphics/battle_anims/sprites/unknown.png build/assets/graphics/battle_anims/sprites/unknown.png.4bpp 
tools/gbagfx/gbagfx.exe graphics/battle_anims/sprites/unknown.png build/assets/graphics/battle_anims/sprites/unknown.png.gbapal 
tools/gbagfx/gbagfx.exe graphics/battle_anims/sprites/vine.png build/assets/graphics/battle_anims/sprites/vine.png.4bpp 
tools/gbagfx/gbagfx.exe graphics/battle_anims/sprites/vine.png build/assets/graphics/battle_anims/sprites/vine.png.gbapal 
tools/gbagfx/gbagfx.exe graphics/battle_anims/sprites/vine_2.png build/assets/graphics/battle_anims/sprites/vine_2.png.4bpp 
tools/gbagfx/gbagfx.exe graphics/battle_anims/sprites/vine_2.png build/assets/graphics/battle_anims/sprites/vine_2.png.gbapal 
tools/gbagfx/gbagfx.exe graphics/battle_anims/sprites/void_lines.png build/assets/graphics/battle_anims/sprites/void_lines.png.4bpp 
tools/gbagfx/gbagfx.exe graphics/battle_anims/sprites/void_lines.png build/assets/graphics/battle_anims/sprites/void_lines.png.gbapal 
tools/gbagfx/gbagfx.exe graphics/battle_anims/sprites/warm_rock.png build/assets/graphics/battle_anims/sprites/warm_rock.png.4bpp 
tools/gbagfx/gbagfx.exe graphics/battle_anims/sprites/warm_rock.png build/assets/graphics/battle_anims/sprites/warm_rock.png.gbapal 
tools/gbagfx/gbagfx.exe graphics/battle_anims/sprites/water_column.png build/assets/graphics/battle_anims/sprites/water_column.png.4bpp 
tools/gbagfx/gbagfx.exe graphics/battle_anims/sprites/water_column.png build/assets/graphics/battle_anims/sprites/water_column.png.gbapal 
tools/gbagfx/gbagfx.exe graphics/battle_anims/sprites/water_droplet.png build/assets/graphics/battle_anims/sprites/water_droplet.png.4bpp 
tools/gbagfx/gbagfx.exe graphics/battle_anims/sprites/water_droplet.png build/assets/graphics/battle_anims/sprites/water_droplet.png.gbapal 
tools/gbagfx/gbagfx.exe graphics/battle_anims/sprites/water_droplet_2.png build/assets/graphics/battle_anims/sprites/water_droplet_2.png.4bpp 
tools/gbagfx/gbagfx.exe graphics/battle_anims/sprites/water_gun.png build/assets/graphics/battle_anims/sprites/water_gun.png.4bpp 
tools/gbagfx/gbagfx.exe graphics/battle_anims/sprites/water_gun.png build/assets/graphics/battle_anims/sprites/water_gun.png.gbapal 
tools/gbagfx/gbagfx.exe graphics/battle_anims/sprites/water_impact.png build/assets/graphics/battle_anims/sprites/water_impact.png.4bpp 
tools/gbagfx/gbagfx.exe graphics/battle_anims/sprites/water_impact.png build/assets/graphics/battle_anims/sprites/water_impact.png.gbapal 
tools/gbagfx/gbagfx.exe graphics/battle_anims/sprites/water_orb.png build/assets/graphics/battle_anims/sprites/water_orb.png.4bpp 
tools/gbagfx/gbagfx.exe graphics/battle_anims/sprites/waving_hand.png build/assets/graphics/battle_anims/sprites/waving_hand.png.4bpp 
tools/gbagfx/gbagfx.exe graphics/battle_anims/sprites/waving_hand.png build/assets/graphics/battle_anims/sprites/waving_hand.png.gbapal 
tools/gbagfx/gbagfx.exe graphics/battle_anims/sprites/weather_ball.png build/assets/graphics/battle_anims/sprites/weather_ball.png.4bpp 
tools/gbagfx/gbagfx.exe graphics/battle_anims/sprites/weather_ball.png build/assets/graphics/battle_anims/sprites/weather_ball.png.gbapal 
tools/gbagfx/gbagfx.exe graphics/battle_anims/sprites/web_thread.png build/assets/graphics/battle_anims/sprites/web_thread.png.4bpp 
tools/gbagfx/gbagfx.exe graphics/battle_anims/sprites/web.png build/assets/graphics/battle_anims/sprites/web.png.4bpp 
tools/gbagfx/gbagfx.exe graphics/battle_anims/sprites/whip_hit.pal build/assets/graphics/battle_anims/sprites/whip_hit.pal.gbapal 
tools/gbagfx/gbagfx.exe graphics/battle_anims/sprites/whirlwind.png build/assets/graphics/battle_anims/sprites/whirlwind.png.4bpp 
tools/gbagfx/gbagfx.exe graphics/battle_anims/sprites/whirlwind.png build/assets/graphics/battle_anims/sprites/whirlwind.png.gbapal 
tools/gbagfx/gbagfx.exe graphics/battle_anims/sprites/whirlwind_2.png build/assets/graphics/battle_anims/sprites/whirlwind_2.png.4bpp 
tools/gbagfx/gbagfx.exe graphics/battle_anims/sprites/whirlwind_lines.png build/assets/graphics/battle_anims/sprites/whirlwind_lines.png.4bpp 
tools/gbagfx/gbagfx.exe graphics/battle_anims/sprites/whirlwind_lines.png build/assets/graphics/battle_anims/sprites/whirlwind_lines.png.gbapal 
tools/gbagfx/gbagfx.exe graphics/battle_anims/sprites/white_bag.png build/assets/graphics/battle_anims/sprites/white_bag.png.4bpp 
tools/gbagfx/gbagfx.exe graphics/battle_anims/sprites/white_bag.png build/assets/graphics/battle_anims/sprites/white_bag.png.gbapal 
tools/gbagfx/gbagfx.exe graphics/battle_anims/sprites/white_circle_of_light.pal build/assets/graphics/battle_anims/sprites/white_circle_of_light.pal.gbapal 
tools/gbagfx/gbagfx.exe graphics/battle_anims/sprites/white_feather.png build/assets/graphics/battle_anims/sprites/white_feather.png.4bpp 
tools/gbagfx/gbagfx.exe graphics/battle_anims/sprites/white_feather.png build/assets/graphics/battle_anims/sprites/white_feather.png.gbapal 
tools/gbagfx/gbagfx.exe graphics/battle_anims/sprites/white_shadow.png build/assets/graphics/battle_anims/sprites/white_shadow.png.4bpp 
tools/gbagfx/gbagfx.exe graphics/battle_anims/sprites/white_shadow.png build/assets/graphics/battle_anims/sprites/white_shadow.png.gbapal 
tools/gbagfx/gbagfx.exe graphics/battle_anims/sprites/white_streak.png build/assets/graphics/battle_anims/sprites/white_streak.png.4bpp 
tools/gbagfx/gbagfx.exe graphics/battle_anims/sprites/white_streak.png build/assets/graphics/battle_anims/sprites/white_streak.png.gbapal 
tools/gbagfx/gbagfx.exe graphics/battle_anims/sprites/wisp_fire.png build/assets/graphics/battle_anims/sprites/wisp_fire.png.4bpp 
tools/gbagfx/gbagfx.exe graphics/battle_anims/sprites/wisp_orb.png build/assets/graphics/battle_anims/sprites/wisp_orb.png.4bpp 
tools/gbagfx/gbagfx.exe graphics/battle_anims/sprites/wisp_orb.png build/assets/graphics/battle_anims/sprites/wisp_orb.png.gbapal 
tools/gbagfx/gbagfx.exe graphics/battle_anims/sprites/wood_hammer.png build/assets/graphics/battle_anims/sprites/wood_hammer.png.4bpp 
tools/gbagfx/gbagfx.exe graphics/battle_anims/sprites/wood_hammer.png build/assets/graphics/battle_anims/sprites/wood_hammer.png.gbapal 
tools/gbagfx/gbagfx.exe graphics/battle_anims/sprites/wood_hammer_hammer.png build/assets/graphics/battle_anims/sprites/wood_hammer_hammer.png.4bpp 
tools/gbagfx/gbagfx.exe graphics/battle_anims/sprites/wood_hammer_hammer.png build/assets/graphics/battle_anims/sprites/wood_hammer_hammer.png.gbapal 
tools/gbagfx/gbagfx.exe graphics/battle_anims/sprites/worry_seed.png build/assets/graphics/battle_anims/sprites/worry_seed.png.4bpp 
tools/gbagfx/gbagfx.exe graphics/battle_anims/sprites/worry_seed.png build/assets/graphics/battle_anims/sprites/worry_seed.png.gbapal 
tools/gbagfx/gbagfx.exe graphics/battle_anims/sprites/wring_out.png build/assets/graphics/battle_anims/sprites/wring_out.png.4bpp 
tools/gbagfx/gbagfx.exe graphics/battle_anims/sprites/wring_out.png build/assets/graphics/battle_anims/sprites/wring_out.png.gbapal 
tools/gbagfx/gbagfx.exe graphics/battle_anims/sprites/x_sign.png build/assets/graphics/battle_anims/sprites/x_sign.png.4bpp 
tools/gbagfx/gbagfx.exe graphics/battle_anims/sprites/yellow_ball.png build/assets/graphics/battle_anims/sprites/yellow_ball.png.gbapal 
tools/gbagfx/gbagfx.exe graphics/battle_anims/sprites/yellow_ball.png build/assets/graphics/battle_anims/sprites/yellow_ball.png.4bpp 
tools/gbagfx/gbagfx.exe graphics/battle_anims/sprites/yellow_star.png build/assets/graphics/battle_anims/sprites/yellow_star.png.gbapal 
tools/gbagfx/gbagfx.exe graphics/battle_anims/sprites/yellow_unk.png build/assets/graphics/battle_anims/sprites/yellow_unk.png.4bpp 
tools/gbagfx/gbagfx.exe graphics/battle_anims/sprites/yellow_star.png build/assets/graphics/battle_anims/sprites/yellow_star.png.4bpp 
tools/gbagfx/gbagfx.exe graphics/battle_anims/sprites/yellow_unk.png build/assets/graphics/battle_anims/sprites/yellow_unk.png.gbapal 
tools/gbagfx/gbagfx.exe graphics/battle_anims/sprites/yellow_unk_2.png build/assets/graphics/battle_anims/sprites/yellow_unk_2.png.4bpp 
tools/gbagfx/gbagfx.exe graphics/battle_anims/sprites/yellow_unk_2.png build/assets/graphics/battle_anims/sprites/yellow_unk_2.png.gbapal 
tools/gbagfx/gbagfx.exe graphics/battle_anims/sprites/z.png build/assets/graphics/battle_anims/sprites/z.png.4bpp 
tools/gbagfx/gbagfx.exe graphics/battle_anims/sprites/z_move_symbol.png build/assets/graphics/battle_anims/sprites/z_move_symbol.png.4bpp 
tools/gbagfx/gbagfx.exe graphics/battle_anims/sprites/z.png build/assets/graphics/battle_anims/sprites/z.png.gbapal 
tools/gbagfx/gbagfx.exe graphics/battle_anims/sprites/z_move_symbol.png build/assets/graphics/battle_anims/sprites/z_move_symbol.png.gbapal 
tools/gbagfx/gbagfx.exe graphics/battle_anims/stat_change/accuracy.pal build/assets/graphics/battle_anims/stat_change/accuracy.pal.gbapal 
tools/gbagfx/gbagfx.exe graphics/battle_anims/stat_change/attack.pal build/assets/graphics/battle_anims/stat_change/attack.pal.gbapal 
tools/compresSmol/compresSmolTilemap.exe graphics/battle_anims/stat_change/decrease.bin build/assets/graphics/battle_anims/stat_change/decrease.bin.smolTM 
tools/gbagfx/gbagfx.exe graphics/battle_anims/stat_change/evasion.pal build/assets/graphics/battle_anims/stat_change/evasion.pal.gbapal 
tools/gbagfx/gbagfx.exe graphics/battle_anims/stat_change/defense.pal build/assets/graphics/battle_anims/stat_change/defense.pal.gbapal 
tools/compresSmol/compresSmolTilemap.exe graphics/battle_anims/stat_change/increase.bin build/assets/graphics/battle_anims/stat_change/increase.bin.smolTM 
tools/gbagfx/gbagfx.exe graphics/battle_anims/stat_change/multiple.pal build/assets/graphics/battle_anims/stat_change/multiple.pal.gbapal 
tools/gbagfx/gbagfx.exe graphics/battle_anims/stat_change/sp_attack.pal build/assets/graphics/battle_anims/stat_change/sp_attack.pal.gbapal 
tools/gbagfx/gbagfx.exe graphics/battle_anims/stat_change/sp_defense.pal build/assets/graphics/battle_anims/stat_change/sp_defense.pal.gbapal 
tools/gbagfx/gbagfx.exe graphics/battle_anims/stat_change/speed.pal build/assets/graphics/battle_anims/stat_change/speed.pal.gbapal 
tools/gbagfx/gbagfx.exe graphics/battle_anims/stat_change/tiles.png build/assets/graphics/battle_anims/stat_change/tiles.png.4bpp 
tools/compresSmol/compresSmolTilemap.exe graphics/battle_anims/unused/goosuto.bin build/assets/graphics/battle_anims/unused/goosuto.bin.smolTM 
tools/gbagfx/gbagfx.exe graphics/battle_anims/unused/goosuto.png build/assets/graphics/battle_anims/unused/goosuto.png.4bpp 
tools/gbagfx/gbagfx.exe graphics/battle_anims/unused/goosuto.png build/assets/graphics/battle_anims/unused/goosuto.png.gbapal 
tools/compresSmol/compresSmolTilemap.exe graphics/battle_anims/unused/lights.bin build/assets/graphics/battle_anims/unused/lights.bin.smolTM 
tools/gbagfx/gbagfx.exe graphics/battle_anims/unused/lights.png build/assets/graphics/battle_anims/unused/lights.png.4bpp 
tools/gbagfx/gbagfx.exe graphics/battle_anims/unused/lights.png build/assets/graphics/battle_anims/unused/lights.png.gbapal 
tools/gbagfx/gbagfx.exe graphics/battle_anims/unused/line_sketch.png build/assets/graphics/battle_anims/unused/line_sketch.png.4bpp 
tools/gbagfx/gbagfx.exe graphics/battle_anims/unused/line_sketch.png build/assets/graphics/battle_anims/unused/line_sketch.png.gbapal 
tools/gbagfx/gbagfx.exe graphics/battle_anims/unused/line_sketch_2.pal build/assets/graphics/battle_anims/unused/line_sketch_2.pal.gbapal 
tools/compresSmol/compresSmolTilemap.exe graphics/battle_anims/unused/line_sketch_2.bin build/assets/graphics/battle_anims/unused/line_sketch_2.bin.smolTM 
tools/gbagfx/gbagfx.exe graphics/battle_anims/unused/line_sketch_2.png build/assets/graphics/battle_anims/unused/line_sketch_2.png.8bpp 
tools/gbagfx/gbagfx.exe graphics/battle_anims/unused/music_notes.pal build/assets/graphics/battle_anims/unused/music_notes.pal.gbapal 
tools/gbagfx/gbagfx.exe graphics/battle_anims/unused/metronome_hand_small.png build/assets/graphics/battle_anims/unused/metronome_hand_small.png.4bpp 
tools/gbagfx/gbagfx.exe graphics/battle_anims/unused/music_notes.png build/assets/graphics/battle_anims/unused/music_notes.png.4bpp 
tools/gbagfx/gbagfx.exe graphics/battle_anims/unused/old_beatup.png build/assets/graphics/battle_anims/unused/old_beatup.png.4bpp 
tools/gbagfx/gbagfx.exe graphics/battle_anims/unused/old_beatup.png build/assets/graphics/battle_anims/unused/old_beatup.png.gbapal 
tools/gbagfx/gbagfx.exe graphics/battle_anims/unused/spinning_ball.png build/assets/graphics/battle_anims/unused/spinning_ball.png.4bpp 
tools/gbagfx/gbagfx.exe graphics/battle_anims/unused/spinning_ball.png build/assets/graphics/battle_anims/unused/spinning_ball.png.gbapal 
tools/gbagfx/gbagfx.exe graphics/battle_anims/unused/spinning_ball_2.pal build/assets/graphics/battle_anims/unused/spinning_ball_2.pal.gbapal 
tools/gbagfx/gbagfx.exe graphics/battle_anims/unused/unknown_2.pal build/assets/graphics/battle_anims/unused/unknown_2.pal.gbapal 
tools/compresSmol/compresSmolTilemap.exe graphics/battle_anims/unused/unknown_4.bin build/assets/graphics/battle_anims/unused/unknown_4.bin.smolTM 
tools/compresSmol/compresSmolTilemap.exe graphics/battle_anims/unused/water_splash.bin build/assets/graphics/battle_anims/unused/water_splash.bin.smolTM 
tools/gbagfx/gbagfx.exe graphics/battle_anims/unused/water_splash.png build/assets/graphics/battle_anims/unused/water_splash.png.8bpp 
tools/gbagfx/gbagfx.exe graphics/battle_anims/unused/water_splash.png build/assets/graphics/battle_anims/unused/water_splash.png.gbapal 
tools/compresSmol/compresSmolTilemap.exe graphics/battle_environment/building/anim_map.bin build/assets/graphics/battle_environment/building/anim_map.bin.smolTM 
tools/gbagfx/gbagfx.exe graphics/battle_environment/building/anim_tiles.png build/assets/graphics/battle_environment/building/anim_tiles.png.4bpp 
tools/gbagfx/gbagfx.exe graphics/battle_environment/building/gym.pal build/assets/graphics/battle_environment/building/gym.pal.gbapal 
