g++ -Werror -std=c++17 -O2 -I . compresSmol.cpp compressAlgo.cpp tANS.cpp -o compresSmol 
g++ -Wall -Werror -std=c++17 -O2 converter.cpp wav2agb.cpp wav_file.cpp -o wav2agb 
g++ -Werror -std=c++17 -O2  mainTiles.cpp compressSmolTiles.cpp tANS.cpp compressAlgo.cpp -o compresSmolTilemap 
arm-none-eabi-cpp -iquote include -Wno-trigraphs -DMODERN=1 -DTESTING=0 -DEMERALD -std=gnu17 -traditional-cpp - < src/data/trainers.party | tr -d '\r' | tools/trainerproc/trainerproc -o src/data/trainers.h -i src/data/trainers.party -
arm-none-eabi-cpp -iquote include -Wno-trigraphs -DMODERN=1 -DTESTING=0 -DEMERALD -std=gnu17 -traditional-cpp - < src/data/trainers_frlg.party | tr -d '\r' | tools/trainerproc/trainerproc -o src/data/trainers_frlg.h -i src/data/trainers_frlg.party -
arm-none-eabi-cpp -iquote include -Wno-trigraphs -DMODERN=1 -DTESTING=0 -DEMERALD -std=gnu17 -traditional-cpp - < src/data/battle_partners.party | tr -d '\r' | tools/trainerproc/trainerproc -o src/data/battle_partners.h -i src/data/battle_partners.party -
arm-none-eabi-cpp -iquote include -Wno-trigraphs -DMODERN=1 -DTESTING=0 -DEMERALD -std=gnu17 -traditional-cpp - < test/battle/trainer_control.party | tr -d '\r' | tools/trainerproc/trainerproc -o test/battle/trainer_control.h -i test/battle/trainer_control.party -
arm-none-eabi-cpp -iquote include -Wno-trigraphs -DMODERN=1 -DTESTING=0 -DEMERALD -std=gnu17 -traditional-cpp - < test/battle/partner_control.party | tr -d '\r' | tools/trainerproc/trainerproc -o test/battle/partner_control.h -i test/battle/partner_control.party -
arm-none-eabi-cpp -iquote include -Wno-trigraphs -DMODERN=1 -DTESTING=0 -DEMERALD -std=gnu17 -traditional-cpp - < src/data/debug_trainers.party | tr -d '\r' | tools/trainerproc/trainerproc -o src/data/debug_trainers.h -i src/data/debug_trainers.party -
tools/scaninc/scaninc -M build/emerald/src/battle_partner.d -g build/assets -I include -I tools/agbcc/include src/battle_partner.c
tools/scaninc/scaninc -M build/emerald/src/data.d -g build/assets -I include -I tools/agbcc/include src/data.c
tools/scaninc/scaninc -M build/emerald/src/debug.d -g build/assets -I include -I tools/agbcc/include src/debug.c
/usr/lib/gcc/arm-none-eabi/14.2.1/cc1 -quiet <flags> -o build/emerald/src/assertf.o src/assertf.c
/usr/lib/gcc/arm-none-eabi/14.2.1/cc1 -quiet <flags> -o build/emerald/src/battle_factory_screen.o src/battle_factory_screen.c
/usr/lib/gcc/arm-none-eabi/14.2.1/cc1 -quiet <flags> -o build/emerald/src/battle_gimmick.o src/battle_gimmick.c
/usr/lib/gcc/arm-none-eabi/14.2.1/cc1 -quiet <flags> -o build/emerald/src/battle_interface.o src/battle_interface.c
/usr/lib/gcc/arm-none-eabi/14.2.1/cc1 -quiet <flags> -o build/emerald/src/battle_partner.o src/battle_partner.c
tools/compresSmol/compresSmol -w build/assets/graphics/battle_interface/level_up_banner.png.4bpp build/assets/graphics/battle_interface/level_up_banner.png.4bpp.smol
tools/compresSmol/compresSmol -w build/assets/graphics/battle_transitions/frontier_logo.png.4bpp build/assets/graphics/battle_transitions/frontier_logo.png.4bpp.smol
/usr/lib/gcc/arm-none-eabi/14.2.1/cc1 -quiet <flags> -o build/emerald/src/battle_records.o src/battle_records.c
tools/compresSmol/compresSmol -w build/assets/graphics/battle_transitions/groudon.png.4bpp build/assets/graphics/battle_transitions/groudon.png.4bpp.smol
tools/compresSmol/compresSmol -w build/assets/graphics/battle_transitions/kyogre.png.4bpp build/assets/graphics/battle_transitions/kyogre.png.4bpp.smol
tools/compresSmol/compresSmol -w build/assets/graphics/battle_transitions/team_aqua.png.4bpp build/assets/graphics/battle_transitions/team_aqua.png.4bpp.smol
tools/compresSmol/compresSmol -w build/assets/graphics/battle_transitions/team_magma.png.4bpp build/assets/graphics/battle_transitions/team_magma.png.4bpp.smol
tools/compresSmol/compresSmol -w build/assets/graphics/battle_transitions/frontier_logo_center.png_num_tiles_43__Wnum_tiles.4bpp build/assets/graphics/battle_transitions/frontier_logo_center.png_num_tiles_43__Wnum_tiles.4bpp.smol
tools/compresSmol/compresSmol -w build/assets/graphics/battle_transitions/frontier_logo_circles.png.4bpp build/assets/graphics/battle_transitions/frontier_logo_circles.png.4bpp.smol
tools/compresSmol/compresSmol -w build/assets/graphics/berry_crush/crusher_base.png.4bpp build/assets/graphics/berry_crush/crusher_base.png.4bpp.smol
tools/compresSmol/compresSmol -w build/assets/graphics/berry_crush/impact.png.4bpp build/assets/graphics/berry_crush/impact.png.4bpp.smol
/usr/lib/gcc/arm-none-eabi/14.2.1/cc1 -quiet <flags> -o build/emerald/src/berry_blender.o src/berry_blender.c
tools/compresSmol/compresSmol -w build/assets/graphics/berry_crush/sparkle.png.4bpp build/assets/graphics/berry_crush/sparkle.png.4bpp.smol
tools/compresSmol/compresSmol -w build/assets/graphics/berry_crush/timer_digits.png.4bpp build/assets/graphics/berry_crush/timer_digits.png.4bpp.smol
/usr/lib/gcc/arm-none-eabi/14.2.1/cc1 -quiet <flags> -o build/emerald/src/berry_fix_program.o src/berry_fix_program.c
/usr/lib/gcc/arm-none-eabi/14.2.1/cc1 -quiet <flags> -o build/emerald/src/berry_tag_screen.o src/berry_tag_screen.c
/usr/lib/gcc/arm-none-eabi/14.2.1/cc1 -quiet <flags> -o build/emerald/src/braille.o src/braille.c
tools/compresSmol/compresSmol -w build/assets/graphics/picture_frame/beauty.png.4bpp build/assets/graphics/picture_frame/beauty.png.4bpp.smol
/usr/lib/gcc/arm-none-eabi/14.2.1/cc1 -quiet <flags> -o build/emerald/src/cable_car.o src/cable_car.c
tools/compresSmol/compresSmol -w build/assets/graphics/picture_frame/cool.png.4bpp build/assets/graphics/picture_frame/cool.png.4bpp.smol
/usr/lib/gcc/arm-none-eabi/14.2.1/cc1 -quiet <flags> -o build/emerald/src/contest.o src/contest.c
tools/compresSmol/compresSmol -w build/assets/graphics/picture_frame/cute.png.4bpp build/assets/graphics/picture_frame/cute.png.4bpp.smol
tools/compresSmol/compresSmol -w build/assets/graphics/picture_frame/lobby.png_num_tiles_86__Wnum_tiles.4bpp build/assets/graphics/picture_frame/lobby.png_num_tiles_86__Wnum_tiles.4bpp.smol
tools/compresSmol/compresSmol -w build/assets/graphics/picture_frame/smart.png.4bpp build/assets/graphics/picture_frame/smart.png.4bpp.smol
tools/compresSmol/compresSmol -w build/assets/graphics/picture_frame/tough.png.4bpp build/assets/graphics/picture_frame/tough.png.4bpp.smol
tools/compresSmol/compresSmol -w build/assets/graphics/credits/the_end_copyright.png.4bpp build/assets/graphics/credits/the_end_copyright.png.4bpp.smol
tools/compresSmol/compresSmol -w build/assets/graphics/credits_frlg/blastoise_1.png.4bpp build/assets/graphics/credits_frlg/blastoise_1.png.4bpp.smol
/usr/lib/gcc/arm-none-eabi/14.2.1/cc1 -quiet <flags> -o build/emerald/src/contest_util.o src/contest_util.c
tools/compresSmol/compresSmol -w build/assets/graphics/credits_frlg/blastoise_2.png.4bpp build/assets/graphics/credits_frlg/blastoise_2.png.4bpp.smol
tools/compresSmol/compresSmol -w build/assets/graphics/credits_frlg/charizard_1.png.4bpp build/assets/graphics/credits_frlg/charizard_1.png.4bpp.smol
tools/compresSmol/compresSmol -w build/assets/graphics/credits_frlg/charizard_2.png.4bpp build/assets/graphics/credits_frlg/charizard_2.png.4bpp.smol
tools/compresSmol/compresSmol -w build/assets/graphics/credits_frlg/copyright.png.4bpp build/assets/graphics/credits_frlg/copyright.png.4bpp.smol
tools/compresSmol/compresSmol -w build/assets/graphics/credits_frlg/ground_city.png.4bpp build/assets/graphics/credits_frlg/ground_city.png.4bpp.smol
tools/compresSmol/compresSmol -w build/assets/graphics/credits_frlg/ground_dirt.png.4bpp build/assets/graphics/credits_frlg/ground_dirt.png.4bpp.smol
tools/compresSmol/compresSmol -w build/assets/graphics/credits_frlg/ground_grass.png.4bpp build/assets/graphics/credits_frlg/ground_grass.png.4bpp.smol
tools/compresSmol/compresSmol -w build/assets/graphics/credits_frlg/pikachu_1.png.4bpp build/assets/graphics/credits_frlg/pikachu_1.png.4bpp.smol
tools/compresSmol/compresSmol -w build/assets/graphics/credits_frlg/pikachu_2.png.4bpp build/assets/graphics/credits_frlg/pikachu_2.png.4bpp.smol
tools/compresSmol/compresSmol -w build/assets/graphics/credits_frlg/player_female.png.4bpp build/assets/graphics/credits_frlg/player_female.png.4bpp.smol
tools/compresSmol/compresSmol -w build/assets/graphics/credits_frlg/player_male.png.4bpp build/assets/graphics/credits_frlg/player_male.png.4bpp.smol
tools/compresSmol/compresSmol -w build/assets/graphics/credits_frlg/pokeball.png.4bpp build/assets/graphics/credits_frlg/pokeball.png.4bpp.smol
tools/compresSmol/compresSmol -w build/assets/graphics/credits_frlg/rival.png.4bpp build/assets/graphics/credits_frlg/rival.png.4bpp.smol
tools/compresSmol/compresSmol -w build/assets/graphics/credits_frlg/the_end.png.4bpp build/assets/graphics/credits_frlg/the_end.png.4bpp.smol
tools/compresSmol/compresSmol -w build/assets/graphics/credits_frlg/venusaur_1.png.4bpp build/assets/graphics/credits_frlg/venusaur_1.png.4bpp.smol
tools/compresSmol/compresSmol -w build/assets/graphics/credits_frlg/venusaur_2.png.4bpp build/assets/graphics/credits_frlg/venusaur_2.png.4bpp.smol
tools/compresSmol/compresSmol -w build/assets/graphics/credits_frlg/venusaur_unused.png.4bpp build/assets/graphics/credits_frlg/venusaur_unused.png.4bpp.smol
tools/compresSmol/compresSmol -w build/assets/graphics/credits_frlg/white_circle.png.8bpp build/assets/graphics/credits_frlg/white_circle.png.8bpp.smol
tools/compresSmol/compresSmol -w build/assets/graphics/link/minigame_digits.png.4bpp build/assets/graphics/link/minigame_digits.png.4bpp.smol
tools/compresSmol/compresSmol -w build/assets/graphics/link/minigame_digits2.png.4bpp build/assets/graphics/link/minigame_digits2.png.4bpp.smol
tools/compresSmol/compresSmol -w build/assets/graphics/dexnav/captured_all.png.4bpp build/assets/graphics/dexnav/captured_all.png.4bpp.smol
/usr/lib/gcc/arm-none-eabi/14.2.1/cc1 -quiet <flags> -o build/emerald/src/debug.o src/debug.c
tools/compresSmol/compresSmol -w build/assets/graphics/dexnav/cursor.png.4bpp build/assets/graphics/dexnav/cursor.png.4bpp.smol
/usr/lib/gcc/arm-none-eabi/14.2.1/cc1 -quiet <flags> -o build/emerald/src/decoration.o src/decoration.c
tools/compresSmol/compresSmol -w build/assets/graphics/dexnav/gui_tiles.png.4bpp build/assets/graphics/dexnav/gui_tiles.png.4bpp.smol
tools/compresSmol/compresSmol -w build/assets/graphics/dexnav/hidden.png.4bpp build/assets/graphics/dexnav/hidden.png.4bpp.smol
tools/compresSmol/compresSmol -w build/assets/graphics/dexnav/hidden_search.png.4bpp build/assets/graphics/dexnav/hidden_search.png.4bpp.smol
tools/compresSmol/compresSmol -w build/assets/graphics/dexnav/no_data.png.4bpp build/assets/graphics/dexnav/no_data.png.4bpp.smol
tools/compresSmol/compresSmol -w build/assets/graphics/dexnav/owned_icon.png.4bpp build/assets/graphics/dexnav/owned_icon.png.4bpp.smol
tools/compresSmol/compresSmol -w build/assets/graphics/dexnav/star.png.4bpp build/assets/graphics/dexnav/star.png.4bpp.smol
tools/compresSmol/compresSmol -w build/assets/graphics/diploma/tiles.png.4bpp build/assets/graphics/diploma/tiles.png.4bpp.smol
tools/compresSmol/compresSmol -w build/assets/graphics/dodrio_berry_picking/berries.png.4bpp build/assets/graphics/dodrio_berry_picking/berries.png.4bpp.smol
tools/compresSmol/compresSmol -w build/assets/graphics/dodrio_berry_picking/bg.png.4bpp build/assets/graphics/dodrio_berry_picking/bg.png.4bpp.smol
tools/compresSmol/compresSmol -w build/assets/graphics/dodrio_berry_picking/cloud.png.4bpp build/assets/graphics/dodrio_berry_picking/cloud.png.4bpp.smol
tools/compresSmol/compresSmol -w build/assets/graphics/dodrio_berry_picking/dodrio.png.4bpp build/assets/graphics/dodrio_berry_picking/dodrio.png.4bpp.smol
tools/compresSmol/compresSmol -w build/assets/graphics/dodrio_berry_picking/status.png.4bpp build/assets/graphics/dodrio_berry_picking/status.png.4bpp.smol
tools/compresSmol/compresSmol -w build/assets/graphics/dodrio_berry_picking/tree_border.png.4bpp build/assets/graphics/dodrio_berry_picking/tree_border.png.4bpp.smol
tools/compresSmol/compresSmol -w graphics/dodrio_berry_picking/berries.4bpp graphics/dodrio_berry_picking/berries.4bpp.smol
tools/compresSmol/compresSmol -w graphics/dodrio_berry_picking/bg.4bpp graphics/dodrio_berry_picking/bg.4bpp.smol
tools/compresSmol/compresSmol -w graphics/dodrio_berry_picking/cloud.4bpp graphics/dodrio_berry_picking/cloud.4bpp.smol
tools/compresSmol/compresSmol -w graphics/dodrio_berry_picking/dodrio.4bpp graphics/dodrio_berry_picking/dodrio.4bpp.smol
tools/compresSmol/compresSmol -w graphics/dodrio_berry_picking/status.4bpp graphics/dodrio_berry_picking/status.4bpp.smol
tools/compresSmol/compresSmol -w graphics/dodrio_berry_picking/tree_border.4bpp graphics/dodrio_berry_picking/tree_border.4bpp.smol
tools/compresSmol/compresSmol -w build/assets/graphics/easy_chat/interview_frame.png.4bpp build/assets/graphics/easy_chat/interview_frame.png.4bpp.smol
tools/compresSmol/compresSmol -w build/assets/graphics/easy_chat/text_input_frame.png.4bpp build/assets/graphics/easy_chat/text_input_frame.png.4bpp.smol
tools/compresSmol/compresSmol -w build/assets/graphics/misc/evo_sparkle.png.4bpp build/assets/graphics/misc/evo_sparkle.png.4bpp.smol
/usr/lib/gcc/arm-none-eabi/14.2.1/cc1 -quiet <flags> -o build/emerald/src/egg_hatch.o src/egg_hatch.c
tools/compresSmol/compresSmol -w build/assets/graphics/evolution_scene/bg.png.4bpp build/assets/graphics/evolution_scene/bg.png.4bpp.smol
/usr/lib/gcc/arm-none-eabi/14.2.1/cc1 -quiet <flags> -o build/emerald/src/event_object_movement.o src/event_object_movement.c
tools/compresSmol/compresSmol -w build/assets/graphics/expansion_intro/powered_by.png.4bpp build/assets/graphics/expansion_intro/powered_by.png.4bpp.smol
tools/compresSmol/compresSmol -w build/assets/graphics/expansion_intro/rhh_credits.png.8bpp build/assets/graphics/expansion_intro/rhh_credits.png.8bpp.smol
tools/compresSmol/compresSmol -w build/assets/graphics/expansion_intro/sprites/dizzy_egg.png.4bpp build/assets/graphics/expansion_intro/sprites/dizzy_egg.png.4bpp.smol
tools/compresSmol/compresSmol -w build/assets/graphics/expansion_intro/sprites/porygon.png.4bpp build/assets/graphics/expansion_intro/sprites/porygon.png.4bpp.smol
/usr/lib/gcc/arm-none-eabi/14.2.1/cc1 -quiet <flags> -o build/emerald/src/field_door.o src/field_door.c
/usr/lib/gcc/arm-none-eabi/14.2.1/cc1 -quiet <flags> -o build/emerald/src/field_effect.o src/field_effect.c
/usr/lib/gcc/arm-none-eabi/14.2.1/cc1 -quiet <flags> -o build/emerald/src/field_specials.o src/field_specials.c
tools/compresSmol/compresSmol -w build/assets/graphics/cave_transition/tiles.png.4bpp build/assets/graphics/cave_transition/tiles.png.4bpp.smol
/usr/lib/gcc/arm-none-eabi/14.2.1/cc1 -quiet <flags> -o build/emerald/src/field_weather.o src/field_weather.c
/usr/lib/gcc/arm-none-eabi/14.2.1/cc1 -quiet <flags> -o build/emerald/src/field_name_box.o src/field_name_box.c
/usr/lib/gcc/arm-none-eabi/14.2.1/cc1 -quiet <flags> -o build/emerald/src/field_weather_effect.o src/field_weather_effect.c
tools/compresSmol/compresSmol -w build/assets/graphics/frontier_pass/cursor.png.4bpp build/assets/graphics/frontier_pass/cursor.png.4bpp.smol
/usr/lib/gcc/arm-none-eabi/14.2.1/cc1 -quiet <flags> -o build/emerald/src/fldeff_misc.o src/fldeff_misc.c
tools/compresSmol/compresSmol -w build/assets/graphics/frontier_pass/map_cursor.png.4bpp build/assets/graphics/frontier_pass/map_cursor.png.4bpp.smol
/usr/lib/gcc/arm-none-eabi/14.2.1/cc1 -quiet <flags> -o build/emerald/src/fonts.o src/fonts.c
tools/compresSmol/compresSmol -w build/assets/graphics/frontier_pass/map_heads.png.4bpp build/assets/graphics/frontier_pass/map_heads.png.4bpp.smol
tools/compresSmol/compresSmol -w build/assets/graphics/frontier_pass/map_screen.png.4bpp build/assets/graphics/frontier_pass/map_screen.png.4bpp.smol
tools/compresSmol/compresSmol -w build/assets/data/tilesets/primary/general/tiles.png.4bpp build/assets/data/tilesets/primary/general/tiles.png.4bpp.smol
tools/compresSmol/compresSmol -w build/assets/graphics/bag/bag_female.png.4bpp build/assets/graphics/bag/bag_female.png.4bpp.smol
tools/compresSmol/compresSmol -w build/assets/graphics/bag/bag_male.png.4bpp build/assets/graphics/bag/bag_male.png.4bpp.smol
tools/compresSmol/compresSmol -w build/assets/graphics/bag/bag_pyramid.png.4bpp build/assets/graphics/bag/bag_pyramid.png.4bpp.smol
tools/compresSmol/compresSmol -w build/assets/graphics/bag/check_berry.png.4bpp build/assets/graphics/bag/check_berry.png.4bpp.smol
tools/compresSmol/compresSmol -w build/assets/graphics/bag/check_berry_circle.png.4bpp build/assets/graphics/bag/check_berry_circle.png.4bpp.smol
tools/compresSmol/compresSmol -w build/assets/graphics/bag/menu.png_num_tiles_53__Wnum_tiles.4bpp build/assets/graphics/bag/menu.png_num_tiles_53__Wnum_tiles.4bpp.smol
tools/compresSmol/compresSmol -w build/assets/graphics/balls/beast.png.4bpp build/assets/graphics/balls/beast.png.4bpp.smol
tools/compresSmol/compresSmol -w build/assets/graphics/balls/cherish.png.4bpp build/assets/graphics/balls/cherish.png.4bpp.smol
tools/compresSmol/compresSmol -w build/assets/graphics/balls/dive.png.4bpp build/assets/graphics/balls/dive.png.4bpp.smol
tools/compresSmol/compresSmol -w build/assets/graphics/balls/dream.png.4bpp build/assets/graphics/balls/dream.png.4bpp.smol
tools/compresSmol/compresSmol -w build/assets/graphics/balls/dusk.png.4bpp build/assets/graphics/balls/dusk.png.4bpp.smol
tools/compresSmol/compresSmol -w build/assets/graphics/balls/fast.png.4bpp build/assets/graphics/balls/fast.png.4bpp.smol
tools/compresSmol/compresSmol -w build/assets/graphics/balls/friend.png.4bpp build/assets/graphics/balls/friend.png.4bpp.smol
tools/compresSmol/compresSmol -w build/assets/graphics/balls/great.png.4bpp build/assets/graphics/balls/great.png.4bpp.smol
tools/compresSmol/compresSmol -w build/assets/graphics/balls/heal.png.4bpp build/assets/graphics/balls/heal.png.4bpp.smol
tools/compresSmol/compresSmol -w build/assets/graphics/balls/heavy.png.4bpp build/assets/graphics/balls/heavy.png.4bpp.smol
tools/compresSmol/compresSmol -w build/assets/graphics/balls/level.png.4bpp build/assets/graphics/balls/level.png.4bpp.smol
tools/compresSmol/compresSmol -w build/assets/graphics/balls/love.png.4bpp build/assets/graphics/balls/love.png.4bpp.smol
tools/compresSmol/compresSmol -w build/assets/graphics/balls/lure.png.4bpp build/assets/graphics/balls/lure.png.4bpp.smol
tools/compresSmol/compresSmol -w build/assets/graphics/balls/luxury.png.4bpp build/assets/graphics/balls/luxury.png.4bpp.smol
tools/compresSmol/compresSmol -w build/assets/graphics/balls/master.png.4bpp build/assets/graphics/balls/master.png.4bpp.smol
tools/compresSmol/compresSmol -w build/assets/graphics/balls/moon.png.4bpp build/assets/graphics/balls/moon.png.4bpp.smol
tools/compresSmol/compresSmol -w build/assets/graphics/balls/nest.png.4bpp build/assets/graphics/balls/nest.png.4bpp.smol
tools/compresSmol/compresSmol -w build/assets/graphics/balls/net.png.4bpp build/assets/graphics/balls/net.png.4bpp.smol
tools/compresSmol/compresSmol -w build/assets/graphics/balls/open.png.4bpp build/assets/graphics/balls/open.png.4bpp.smol
tools/compresSmol/compresSmol -w build/assets/graphics/balls/park.png.4bpp build/assets/graphics/balls/park.png.4bpp.smol
tools/compresSmol/compresSmol -w build/assets/graphics/balls/poke.png.4bpp build/assets/graphics/balls/poke.png.4bpp.smol
tools/compresSmol/compresSmol -w build/assets/graphics/balls/premier.png.4bpp build/assets/graphics/balls/premier.png.4bpp.smol
tools/compresSmol/compresSmol -w build/assets/graphics/balls/quick.png.4bpp build/assets/graphics/balls/quick.png.4bpp.smol
tools/compresSmol/compresSmol -w build/assets/graphics/balls/repeat.png.4bpp build/assets/graphics/balls/repeat.png.4bpp.smol
tools/compresSmol/compresSmol -w build/assets/graphics/balls/safari.png.4bpp build/assets/graphics/balls/safari.png.4bpp.smol
tools/compresSmol/compresSmol -w build/assets/graphics/balls/sport.png.4bpp build/assets/graphics/balls/sport.png.4bpp.smol
tools/compresSmol/compresSmol -w build/assets/graphics/balls/strange.png.4bpp build/assets/graphics/balls/strange.png.4bpp.smol
tools/compresSmol/compresSmol -w build/assets/graphics/balls/timer.png.4bpp build/assets/graphics/balls/timer.png.4bpp.smol
tools/compresSmol/compresSmol -w build/assets/graphics/balls/ultra.png.4bpp build/assets/graphics/balls/ultra.png.4bpp.smol
tools/compresSmol/compresSmol -w build/assets/graphics/battle_anims/backgrounds/aeroblast_tiles.png.4bpp build/assets/graphics/battle_anims/backgrounds/aeroblast_tiles.png.4bpp.smol
tools/compresSmol/compresSmol -w build/assets/graphics/battle_anims/backgrounds/attract.png.4bpp build/assets/graphics/battle_anims/backgrounds/attract.png.4bpp.smol
tools/compresSmol/compresSmol -w build/assets/graphics/battle_anims/backgrounds/aurora.png.4bpp build/assets/graphics/battle_anims/backgrounds/aurora.png.4bpp.smol
tools/compresSmol/compresSmol -w build/assets/graphics/battle_anims/backgrounds/blackhole_eclipse.png.4bpp build/assets/graphics/battle_anims/backgrounds/blackhole_eclipse.png.4bpp.smol
tools/compresSmol/compresSmol -w build/assets/graphics/battle_anims/backgrounds/bloom_doom.png.4bpp build/assets/graphics/battle_anims/backgrounds/bloom_doom.png.4bpp.smol
tools/compresSmol/compresSmol -w build/assets/graphics/battle_anims/backgrounds/bolt_strike.png.4bpp build/assets/graphics/battle_anims/backgrounds/bolt_strike.png.4bpp.smol
tools/compresSmol/compresSmol -w build/assets/graphics/battle_anims/backgrounds/clangorous_soulblaze.png.4bpp build/assets/graphics/battle_anims/backgrounds/clangorous_soulblaze.png.4bpp.smol
tools/compresSmol/compresSmol -w build/assets/graphics/battle_anims/backgrounds/cosmic.png.4bpp build/assets/graphics/battle_anims/backgrounds/cosmic.png.4bpp.smol
tools/compresSmol/compresSmol -w build/assets/graphics/battle_anims/backgrounds/dark.png.4bpp build/assets/graphics/battle_anims/backgrounds/dark.png.4bpp.smol
tools/compresSmol/compresSmol -w build/assets/graphics/battle_anims/backgrounds/drill.png.4bpp build/assets/graphics/battle_anims/backgrounds/drill.png.4bpp.smol
tools/compresSmol/compresSmol -w build/assets/graphics/battle_anims/backgrounds/electric_terrain.png.4bpp build/assets/graphics/battle_anims/backgrounds/electric_terrain.png.4bpp.smol
tools/compresSmol/compresSmol -w build/assets/graphics/battle_anims/backgrounds/fire1.png.4bpp build/assets/graphics/battle_anims/backgrounds/fire1.png.4bpp.smol
tools/compresSmol/compresSmol -w build/assets/graphics/battle_anims/backgrounds/fissure.png.4bpp build/assets/graphics/battle_anims/backgrounds/fissure.png.4bpp.smol
tools/compresSmol/compresSmol -w build/assets/graphics/battle_anims/backgrounds/focus_blast.png.4bpp build/assets/graphics/battle_anims/backgrounds/focus_blast.png.4bpp.smol
tools/compresSmol/compresSmol -w build/assets/graphics/battle_anims/backgrounds/ghost.png.4bpp build/assets/graphics/battle_anims/backgrounds/ghost.png.4bpp.smol
tools/compresSmol/compresSmol -w build/assets/graphics/battle_anims/backgrounds/giga_impact.png.4bpp build/assets/graphics/battle_anims/backgrounds/giga_impact.png.4bpp.smol
tools/compresSmol/compresSmol -w build/assets/graphics/battle_anims/backgrounds/giga_impact_contest.png.4bpp build/assets/graphics/battle_anims/backgrounds/giga_impact_contest.png.4bpp.smol
tools/compresSmol/compresSmol -w build/assets/graphics/battle_anims/backgrounds/grassy_terrain.png.4bpp build/assets/graphics/battle_anims/backgrounds/grassy_terrain.png.4bpp.smol
tools/compresSmol/compresSmol -w build/assets/graphics/battle_anims/backgrounds/guillotine.png.4bpp build/assets/graphics/battle_anims/backgrounds/guillotine.png.4bpp.smol
tools/compresSmol/compresSmol -w build/assets/graphics/battle_anims/backgrounds/highspeed.png.4bpp build/assets/graphics/battle_anims/backgrounds/highspeed.png.4bpp.smol
tools/compresSmol/compresSmol -w build/assets/graphics/battle_anims/backgrounds/hurricane.png.4bpp build/assets/graphics/battle_anims/backgrounds/hurricane.png.4bpp.smol
tools/compresSmol/compresSmol -w build/assets/graphics/battle_anims/backgrounds/hydro_cannon.png.4bpp build/assets/graphics/battle_anims/backgrounds/hydro_cannon.png.4bpp.smol
tools/compresSmol/compresSmol -w build/assets/graphics/battle_anims/backgrounds/hydro_pump.png.4bpp build/assets/graphics/battle_anims/backgrounds/hydro_pump.png.4bpp.smol
tools/compresSmol/compresSmol -w build/assets/graphics/battle_anims/backgrounds/ice.png.4bpp build/assets/graphics/battle_anims/backgrounds/ice.png.4bpp.smol
tools/compresSmol/compresSmol -w build/assets/graphics/battle_anims/backgrounds/impact.png.4bpp build/assets/graphics/battle_anims/backgrounds/impact.png.4bpp.smol
tools/compresSmol/compresSmol -w build/assets/graphics/battle_anims/backgrounds/in_air.png.4bpp build/assets/graphics/battle_anims/backgrounds/in_air.png.4bpp.smol
tools/compresSmol/compresSmol -w build/assets/graphics/battle_anims/backgrounds/inferno_overdrive.png.4bpp build/assets/graphics/battle_anims/backgrounds/inferno_overdrive.png.4bpp.smol
tools/compresSmol/compresSmol -w build/assets/graphics/battle_anims/backgrounds/leaf_storm.png.4bpp build/assets/graphics/battle_anims/backgrounds/leaf_storm.png.4bpp.smol
tools/compresSmol/compresSmol -w build/assets/graphics/battle_anims/backgrounds/malicious_moonsault.png.4bpp build/assets/graphics/battle_anims/backgrounds/malicious_moonsault.png.4bpp.smol
tools/compresSmol/compresSmol -w build/assets/graphics/battle_anims/backgrounds/max_lightning.png.4bpp build/assets/graphics/battle_anims/backgrounds/max_lightning.png.4bpp.smol
tools/compresSmol/compresSmol -w build/assets/graphics/battle_anims/backgrounds/misty_terrain.png.4bpp build/assets/graphics/battle_anims/backgrounds/misty_terrain.png.4bpp.smol
tools/compresSmol/compresSmol -w build/assets/graphics/battle_anims/backgrounds/neverending_nightmare.png.4bpp build/assets/graphics/battle_anims/backgrounds/neverending_nightmare.png.4bpp.smol
tools/compresSmol/compresSmol -w build/assets/graphics/battle_anims/backgrounds/new_electric_terrain.png.4bpp build/assets/graphics/battle_anims/backgrounds/new_electric_terrain.png.4bpp.smol
tools/compresSmol/compresSmol -w build/assets/graphics/battle_anims/backgrounds/new_grassy_terrain.png.4bpp build/assets/graphics/battle_anims/backgrounds/new_grassy_terrain.png.4bpp.smol
tools/compresSmol/compresSmol -w build/assets/graphics/battle_anims/backgrounds/new_misty_terrain.png.4bpp build/assets/graphics/battle_anims/backgrounds/new_misty_terrain.png.4bpp.smol
tools/compresSmol/compresSmol -w build/assets/graphics/battle_anims/backgrounds/new_psychic_terrain.png.4bpp build/assets/graphics/battle_anims/backgrounds/new_psychic_terrain.png.4bpp.smol
tools/compresSmol/compresSmol -w build/assets/graphics/battle_anims/backgrounds/nightmare.png.4bpp build/assets/graphics/battle_anims/backgrounds/nightmare.png.4bpp.smol
tools/compresSmol/compresSmol -w build/assets/graphics/battle_anims/backgrounds/psychic.png.4bpp build/assets/graphics/battle_anims/backgrounds/psychic.png.4bpp.smol
tools/compresSmol/compresSmol -w build/assets/graphics/battle_anims/backgrounds/psychic_terrain.png.4bpp build/assets/graphics/battle_anims/backgrounds/psychic_terrain.png.4bpp.smol
tools/compresSmol/compresSmol -w build/assets/graphics/battle_anims/backgrounds/rainbow_opponent_tile.png.4bpp build/assets/graphics/battle_anims/backgrounds/rainbow_opponent_tile.png.4bpp.smol
tools/compresSmol/compresSmol -w build/assets/graphics/battle_anims/backgrounds/rainbow_player_tile.png.4bpp build/assets/graphics/battle_anims/backgrounds/rainbow_player_tile.png.4bpp.smol
tools/compresSmol/compresSmol -w build/assets/graphics/battle_anims/backgrounds/rock_field.png.4bpp build/assets/graphics/battle_anims/backgrounds/rock_field.png.4bpp.smol
tools/compresSmol/compresSmol -w build/assets/graphics/battle_anims/backgrounds/sandstorm_brew.png.4bpp build/assets/graphics/battle_anims/backgrounds/sandstorm_brew.png.4bpp.smol
tools/compresSmol/compresSmol -w build/assets/graphics/battle_anims/backgrounds/scary_face.png.4bpp build/assets/graphics/battle_anims/backgrounds/scary_face.png.4bpp.smol
tools/compresSmol/compresSmol -w build/assets/graphics/battle_anims/backgrounds/shattered_psyche.png.4bpp build/assets/graphics/battle_anims/backgrounds/shattered_psyche.png.4bpp.smol
tools/compresSmol/compresSmol -w build/assets/graphics/battle_anims/backgrounds/snuggle_forever.png.4bpp build/assets/graphics/battle_anims/backgrounds/snuggle_forever.png.4bpp.smol
tools/compresSmol/compresSmol -w build/assets/graphics/battle_anims/backgrounds/soulstealing_7star_strike.png.4bpp build/assets/graphics/battle_anims/backgrounds/soulstealing_7star_strike.png.4bpp.smol
tools/compresSmol/compresSmol -w build/assets/graphics/battle_anims/backgrounds/spacial_rend.png.4bpp build/assets/graphics/battle_anims/backgrounds/spacial_rend.png.4bpp.smol
tools/compresSmol/compresSmol -w build/assets/graphics/battle_anims/backgrounds/swampswizzle.png.4bpp build/assets/graphics/battle_anims/backgrounds/swampswizzle.png.4bpp.smol
tools/compresSmol/compresSmol -w build/assets/graphics/battle_anims/backgrounds/thunder.png.4bpp build/assets/graphics/battle_anims/backgrounds/thunder.png.4bpp.smol
tools/compresSmol/compresSmol -w build/assets/graphics/battle_anims/backgrounds/trick_room.png.4bpp build/assets/graphics/battle_anims/backgrounds/trick_room.png.4bpp.smol
tools/compresSmol/compresSmol -w build/assets/graphics/battle_anims/backgrounds/twinkle_tackle.png.4bpp build/assets/graphics/battle_anims/backgrounds/twinkle_tackle.png.4bpp.smol
tools/compresSmol/compresSmol -w build/assets/graphics/battle_anims/backgrounds/water.png.4bpp build/assets/graphics/battle_anims/backgrounds/water.png.4bpp.smol
tools/compresSmol/compresSmol -w build/assets/graphics/battle_anims/backgrounds/water_pulse.png.4bpp build/assets/graphics/battle_anims/backgrounds/water_pulse.png.4bpp.smol
tools/compresSmol/compresSmol -w build/assets/graphics/battle_anims/backgrounds/waterfall.png.4bpp build/assets/graphics/battle_anims/backgrounds/waterfall.png.4bpp.smol
tools/compresSmol/compresSmol -w build/assets/graphics/battle_anims/backgrounds/zmove_activate.png.4bpp build/assets/graphics/battle_anims/backgrounds/zmove_activate.png.4bpp.smol
tools/compresSmol/compresSmol -w build/assets/graphics/battle_anims/backgrounds/zmove_mountain.png.4bpp build/assets/graphics/battle_anims/backgrounds/zmove_mountain.png.4bpp.smol
tools/compresSmol/compresSmol -w build/assets/graphics/battle_anims/masks/cure_bubbles.png.4bpp build/assets/graphics/battle_anims/masks/cure_bubbles.png.4bpp.smol
tools/compresSmol/compresSmol -w build/assets/graphics/battle_anims/masks/curse.png.4bpp build/assets/graphics/battle_anims/masks/curse.png.4bpp.smol
tools/compresSmol/compresSmol -w build/assets/graphics/battle_anims/masks/light_beam.png.4bpp build/assets/graphics/battle_anims/masks/light_beam.png.4bpp.smol
tools/compresSmol/compresSmol -w build/assets/graphics/battle_anims/masks/metal_shine.png.4bpp build/assets/graphics/battle_anims/masks/metal_shine.png.4bpp.smol
tools/compresSmol/compresSmol -w build/assets/graphics/battle_anims/masks/unused_level_up.png_num_tiles_14__Wnum_tiles.4bpp build/assets/graphics/battle_anims/masks/unused_level_up.png_num_tiles_14__Wnum_tiles.4bpp.smol
tools/compresSmol/compresSmol -w build/assets/graphics/battle_anims/sprites/acupressure.png.4bpp build/assets/graphics/battle_anims/sprites/acupressure.png.4bpp.smol
tools/compresSmol/compresSmol -w build/assets/graphics/battle_anims/sprites/air_slash.png.4bpp build/assets/graphics/battle_anims/sprites/air_slash.png.4bpp.smol
tools/compresSmol/compresSmol -w build/assets/graphics/battle_anims/sprites/air_wave.png.4bpp build/assets/graphics/battle_anims/sprites/air_wave.png.4bpp.smol
tools/compresSmol/compresSmol -w build/assets/graphics/battle_anims/sprites/air_wave_2.png.4bpp build/assets/graphics/battle_anims/sprites/air_wave_2.png.4bpp.smol
tools/compresSmol/compresSmol -w build/assets/graphics/battle_anims/sprites/alert.png.4bpp build/assets/graphics/battle_anims/sprites/alert.png.4bpp.smol
tools/compresSmol/compresSmol -w build/assets/graphics/battle_anims/sprites/alpha_stone.png.4bpp build/assets/graphics/battle_anims/sprites/alpha_stone.png.4bpp.smol
tools/compresSmol/compresSmol -w build/assets/graphics/battle_anims/sprites/alpha_symbol.png.4bpp build/assets/graphics/battle_anims/sprites/alpha_symbol.png.4bpp.smol
tools/compresSmol/compresSmol -w build/assets/graphics/battle_anims/sprites/amnesia.png.4bpp build/assets/graphics/battle_anims/sprites/amnesia.png.4bpp.smol
tools/compresSmol/compresSmol -w build/assets/graphics/battle_anims/sprites/anchor.png.4bpp build/assets/graphics/battle_anims/sprites/anchor.png.4bpp.smol
tools/compresSmol/compresSmol -w build/assets/graphics/battle_anims/sprites/angel.png.4bpp build/assets/graphics/battle_anims/sprites/angel.png.4bpp.smol
tools/compresSmol/compresSmol -w build/assets/graphics/battle_anims/sprites/anger.png.4bpp build/assets/graphics/battle_anims/sprites/anger.png.4bpp.smol
tools/compresSmol/compresSmol -w build/assets/graphics/battle_anims/sprites/apple.png.4bpp build/assets/graphics/battle_anims/sprites/apple.png.4bpp.smol
tools/compresSmol/compresSmol -w build/assets/graphics/battle_anims/sprites/arrows.png.4bpp build/assets/graphics/battle_anims/sprites/arrows.png.4bpp.smol
tools/compresSmol/compresSmol -w build/assets/graphics/battle_anims/sprites/assurance_hand.png.4bpp build/assets/graphics/battle_anims/sprites/assurance_hand.png.4bpp.smol
tools/compresSmol/compresSmol -w build/assets/graphics/battle_anims/sprites/attack_order.png.4bpp build/assets/graphics/battle_anims/sprites/attack_order.png.4bpp.smol
tools/compresSmol/compresSmol -w build/assets/graphics/battle_anims/sprites/aura_sphere.png.4bpp build/assets/graphics/battle_anims/sprites/aura_sphere.png.4bpp.smol
tools/compresSmol/compresSmol -w build/assets/graphics/battle_anims/sprites/baton_pass_ball.png.4bpp build/assets/graphics/battle_anims/sprites/baton_pass_ball.png.4bpp.smol
tools/compresSmol/compresSmol -w build/assets/graphics/battle_anims/sprites/beam.png.4bpp build/assets/graphics/battle_anims/sprites/beam.png.4bpp.smol
tools/compresSmol/compresSmol -w build/assets/graphics/battle_anims/sprites/bell.png.4bpp build/assets/graphics/battle_anims/sprites/bell.png.4bpp.smol
tools/compresSmol/compresSmol -w build/assets/graphics/battle_anims/sprites/bell_2.png.4bpp build/assets/graphics/battle_anims/sprites/bell_2.png.4bpp.smol
tools/compresSmol/compresSmol -w build/assets/graphics/battle_anims/sprites/bent_spoon.png.4bpp build/assets/graphics/battle_anims/sprites/bent_spoon.png.4bpp.smol
tools/compresSmol/compresSmol -w build/assets/graphics/battle_anims/sprites/berry_eaten.png.4bpp build/assets/graphics/battle_anims/sprites/berry_eaten.png.4bpp.smol
tools/compresSmol/compresSmol -w build/assets/graphics/battle_anims/sprites/berry_normal.png.4bpp build/assets/graphics/battle_anims/sprites/berry_normal.png.4bpp.smol
tools/compresSmol/compresSmol -w build/assets/graphics/battle_anims/sprites/big_rock.png.4bpp build/assets/graphics/battle_anims/sprites/big_rock.png.4bpp.smol
tools/compresSmol/compresSmol -w build/assets/graphics/battle_anims/sprites/bird.png.4bpp build/assets/graphics/battle_anims/sprites/bird.png.4bpp.smol
tools/compresSmol/compresSmol -w build/assets/graphics/battle_anims/sprites/blacephalon_head.png.4bpp build/assets/graphics/battle_anims/sprites/blacephalon_head.png.4bpp.smol
tools/compresSmol/compresSmol -w build/assets/graphics/battle_anims/sprites/black_ball.png.4bpp build/assets/graphics/battle_anims/sprites/black_ball.png.4bpp.smol
tools/compresSmol/compresSmol -w build/assets/graphics/battle_anims/sprites/black_ball_2.png.4bpp build/assets/graphics/battle_anims/sprites/black_ball_2.png.4bpp.smol
tools/compresSmol/compresSmol -w build/assets/graphics/battle_anims/sprites/black_smoke.png.4bpp build/assets/graphics/battle_anims/sprites/black_smoke.png.4bpp.smol
tools/compresSmol/compresSmol -w build/assets/graphics/battle_anims/sprites/blood_moon.png.4bpp build/assets/graphics/battle_anims/sprites/blood_moon.png.4bpp.smol
tools/compresSmol/compresSmol -w build/assets/graphics/battle_anims/sprites/blue_burst.png.4bpp build/assets/graphics/battle_anims/sprites/blue_burst.png.4bpp.smol
tools/compresSmol/compresSmol -w build/assets/graphics/battle_anims/sprites/blue_flames.png.4bpp build/assets/graphics/battle_anims/sprites/blue_flames.png.4bpp.smol
tools/compresSmol/compresSmol -w build/assets/graphics/battle_anims/sprites/blue_flames_2.png.4bpp build/assets/graphics/battle_anims/sprites/blue_flames_2.png.4bpp.smol
tools/compresSmol/compresSmol -w build/assets/graphics/battle_anims/sprites/blue_lines.png.4bpp build/assets/graphics/battle_anims/sprites/blue_lines.png.4bpp.smol
tools/compresSmol/compresSmol -w build/assets/graphics/battle_anims/sprites/blue_shards.png.4bpp build/assets/graphics/battle_anims/sprites/blue_shards.png.4bpp.smol
tools/compresSmol/compresSmol -w build/assets/graphics/battle_anims/sprites/blue_star.png.4bpp build/assets/graphics/battle_anims/sprites/blue_star.png.4bpp.smol
tools/compresSmol/compresSmol -w build/assets/graphics/battle_anims/sprites/bluegreen_orb.png.4bpp build/assets/graphics/battle_anims/sprites/bluegreen_orb.png.4bpp.smol
tools/compresSmol/compresSmol -w build/assets/graphics/battle_anims/sprites/bone.png.4bpp build/assets/graphics/battle_anims/sprites/bone.png.4bpp.smol
tools/compresSmol/compresSmol -w build/assets/graphics/battle_anims/sprites/bone_2.png.4bpp build/assets/graphics/battle_anims/sprites/bone_2.png.4bpp.smol
tools/compresSmol/compresSmol -w build/assets/graphics/battle_anims/sprites/branch.png.4bpp build/assets/graphics/battle_anims/sprites/branch.png.4bpp.smol
tools/compresSmol/compresSmol -w build/assets/graphics/battle_anims/sprites/breaking_egg.png.4bpp build/assets/graphics/battle_anims/sprites/breaking_egg.png.4bpp.smol
tools/compresSmol/compresSmol -w build/assets/graphics/battle_anims/sprites/breath.png.4bpp build/assets/graphics/battle_anims/sprites/breath.png.4bpp.smol
tools/compresSmol/compresSmol -w build/assets/graphics/battle_anims/sprites/brine.png.4bpp build/assets/graphics/battle_anims/sprites/brine.png.4bpp.smol
tools/compresSmol/compresSmol -w build/assets/graphics/battle_anims/sprites/brown_triangle.png.4bpp build/assets/graphics/battle_anims/sprites/brown_triangle.png.4bpp.smol
tools/compresSmol/compresSmol -w build/assets/graphics/battle_anims/sprites/bubble.png.4bpp build/assets/graphics/battle_anims/sprites/bubble.png.4bpp.smol
tools/compresSmol/compresSmol -w build/assets/graphics/battle_anims/sprites/bubble_burst.png.4bpp build/assets/graphics/battle_anims/sprites/bubble_burst.png.4bpp.smol
tools/compresSmol/compresSmol -w build/assets/graphics/battle_anims/sprites/bubble_burst_2.png.4bpp build/assets/graphics/battle_anims/sprites/bubble_burst_2.png.4bpp.smol
tools/compresSmol/compresSmol -w build/assets/graphics/battle_anims/sprites/cacoon.png.4bpp build/assets/graphics/battle_anims/sprites/cacoon.png.4bpp.smol
tools/compresSmol/compresSmol -w build/assets/graphics/battle_anims/sprites/chain_link.png.4bpp build/assets/graphics/battle_anims/sprites/chain_link.png.4bpp.smol
tools/compresSmol/compresSmol -w build/assets/graphics/battle_anims/sprites/chop.png.4bpp build/assets/graphics/battle_anims/sprites/chop.png.4bpp.smol
tools/compresSmol/compresSmol -w build/assets/graphics/battle_anims/sprites/circle_impact.png.4bpp build/assets/graphics/battle_anims/sprites/circle_impact.png.4bpp.smol
tools/compresSmol/compresSmol -w build/assets/graphics/battle_anims/sprites/circle_of_light.png.4bpp build/assets/graphics/battle_anims/sprites/circle_of_light.png.4bpp.smol
tools/compresSmol/compresSmol -w build/assets/graphics/battle_anims/sprites/clamp.png.4bpp build/assets/graphics/battle_anims/sprites/clamp.png.4bpp.smol
tools/compresSmol/compresSmol -w build/assets/graphics/battle_anims/sprites/clapping.png.4bpp build/assets/graphics/battle_anims/sprites/clapping.png.4bpp.smol
tools/compresSmol/compresSmol -w build/assets/graphics/battle_anims/sprites/claw_slash.png.4bpp build/assets/graphics/battle_anims/sprites/claw_slash.png.4bpp.smol
tools/compresSmol/compresSmol -w build/assets/graphics/battle_anims/sprites/claw_slash_2.png.4bpp build/assets/graphics/battle_anims/sprites/claw_slash_2.png.4bpp.smol
tools/compresSmol/compresSmol -w build/assets/graphics/battle_anims/sprites/closing_eye.png.4bpp build/assets/graphics/battle_anims/sprites/closing_eye.png.4bpp.smol
tools/compresSmol/compresSmol -w build/assets/graphics/battle_anims/sprites/closing_eye_2.png.4bpp build/assets/graphics/battle_anims/sprites/closing_eye_2.png.4bpp.smol
tools/compresSmol/compresSmol -w build/assets/graphics/battle_anims/sprites/coin.png.4bpp build/assets/graphics/battle_anims/sprites/coin.png.4bpp.smol
tools/compresSmol/compresSmol -w build/assets/graphics/battle_anims/sprites/colored_orbs.png.4bpp build/assets/graphics/battle_anims/sprites/colored_orbs.png.4bpp.smol
tools/compresSmol/compresSmol -w build/assets/graphics/battle_anims/sprites/confetti.png.4bpp build/assets/graphics/battle_anims/sprites/confetti.png.4bpp.smol
tools/compresSmol/compresSmol -w build/assets/graphics/battle_anims/sprites/confide.png.4bpp build/assets/graphics/battle_anims/sprites/confide.png.4bpp.smol
tools/compresSmol/compresSmol -w build/assets/graphics/battle_anims/sprites/conversion.png.4bpp build/assets/graphics/battle_anims/sprites/conversion.png.4bpp.smol
tools/compresSmol/compresSmol -w build/assets/graphics/battle_anims/sprites/cracked_egg.png.4bpp build/assets/graphics/battle_anims/sprites/cracked_egg.png.4bpp.smol
tools/compresSmol/compresSmol -w build/assets/graphics/battle_anims/sprites/crafty_shield.png.4bpp build/assets/graphics/battle_anims/sprites/crafty_shield.png.4bpp.smol
tools/compresSmol/compresSmol -w build/assets/graphics/battle_anims/sprites/cross_impact.png.4bpp build/assets/graphics/battle_anims/sprites/cross_impact.png.4bpp.smol
tools/compresSmol/compresSmol -w build/assets/graphics/battle_anims/sprites/cudgel.png.4bpp build/assets/graphics/battle_anims/sprites/cudgel.png.4bpp.smol
tools/compresSmol/compresSmol -w build/assets/graphics/battle_anims/sprites/curse_nail.png.4bpp build/assets/graphics/battle_anims/sprites/curse_nail.png.4bpp.smol
tools/compresSmol/compresSmol -w build/assets/graphics/battle_anims/sprites/cut.png.4bpp build/assets/graphics/battle_anims/sprites/cut.png.4bpp.smol
tools/compresSmol/compresSmol -w build/assets/graphics/battle_anims/sprites/devil.png.4bpp build/assets/graphics/battle_anims/sprites/devil.png.4bpp.smol
tools/compresSmol/compresSmol -w build/assets/graphics/battle_anims/sprites/dirt_mound.png.4bpp build/assets/graphics/battle_anims/sprites/dirt_mound.png.4bpp.smol
tools/compresSmol/compresSmol -w build/assets/graphics/battle_anims/sprites/dragon_pulse.png.4bpp build/assets/graphics/battle_anims/sprites/dragon_pulse.png.4bpp.smol
tools/compresSmol/compresSmol -w build/assets/graphics/battle_anims/sprites/dragon_pulse_ring.png.4bpp build/assets/graphics/battle_anims/sprites/dragon_pulse_ring.png.4bpp.smol
tools/compresSmol/compresSmol -w build/assets/graphics/battle_anims/sprites/dreepy_missile.png.4bpp build/assets/graphics/battle_anims/sprites/dreepy_missile.png.4bpp.smol
tools/compresSmol/compresSmol -w build/assets/graphics/battle_anims/sprites/drill.png.4bpp build/assets/graphics/battle_anims/sprites/drill.png.4bpp.smol
tools/compresSmol/compresSmol -w build/assets/graphics/battle_anims/sprites/duck.png.4bpp build/assets/graphics/battle_anims/sprites/duck.png.4bpp.smol
tools/compresSmol/compresSmol -w build/assets/graphics/battle_anims/sprites/eclipsing_orb.png.4bpp build/assets/graphics/battle_anims/sprites/eclipsing_orb.png.4bpp.smol
tools/compresSmol/compresSmol -w build/assets/graphics/battle_anims/sprites/electric_orbs.png.4bpp build/assets/graphics/battle_anims/sprites/electric_orbs.png.4bpp.smol
tools/compresSmol/compresSmol -w build/assets/graphics/battle_anims/sprites/electricity.png.4bpp build/assets/graphics/battle_anims/sprites/electricity.png.4bpp.smol
tools/compresSmol/compresSmol -w build/assets/graphics/battle_anims/sprites/embers.png.4bpp build/assets/graphics/battle_anims/sprites/embers.png.4bpp.smol
tools/compresSmol/compresSmol -w build/assets/graphics/battle_anims/sprites/energy_ball.png.4bpp build/assets/graphics/battle_anims/sprites/energy_ball.png.4bpp.smol
tools/compresSmol/compresSmol -w build/assets/graphics/battle_anims/sprites/explosion.png.4bpp build/assets/graphics/battle_anims/sprites/explosion.png.4bpp.smol
tools/compresSmol/compresSmol -w build/assets/graphics/battle_anims/sprites/explosion_2.png.4bpp build/assets/graphics/battle_anims/sprites/explosion_2.png.4bpp.smol
tools/compresSmol/compresSmol -w build/assets/graphics/battle_anims/sprites/explosion_3.png.4bpp build/assets/graphics/battle_anims/sprites/explosion_3.png.4bpp.smol
tools/compresSmol/compresSmol -w build/assets/graphics/battle_anims/sprites/explosion_4.png.4bpp build/assets/graphics/battle_anims/sprites/explosion_4.png.4bpp.smol
tools/compresSmol/compresSmol -w build/assets/graphics/battle_anims/sprites/explosion_5.png.4bpp build/assets/graphics/battle_anims/sprites/explosion_5.png.4bpp.smol
tools/compresSmol/compresSmol -w build/assets/graphics/battle_anims/sprites/explosion_6.png.4bpp build/assets/graphics/battle_anims/sprites/explosion_6.png.4bpp.smol
tools/compresSmol/compresSmol -w build/assets/graphics/battle_anims/sprites/eye.png.4bpp build/assets/graphics/battle_anims/sprites/eye.png.4bpp.smol
tools/compresSmol/compresSmol -w build/assets/graphics/battle_anims/sprites/eye_sparkle.png.4bpp build/assets/graphics/battle_anims/sprites/eye_sparkle.png.4bpp.smol
tools/compresSmol/compresSmol -w build/assets/graphics/battle_anims/sprites/fairy_lock_chains.png.4bpp build/assets/graphics/battle_anims/sprites/fairy_lock_chains.png.4bpp.smol
tools/compresSmol/compresSmol -w build/assets/graphics/battle_anims/sprites/fang_attack.png.4bpp build/assets/graphics/battle_anims/sprites/fang_attack.png.4bpp.smol
tools/compresSmol/compresSmol -w build/assets/graphics/battle_anims/sprites/fangs.png.4bpp build/assets/graphics/battle_anims/sprites/fangs.png.4bpp.smol
tools/compresSmol/compresSmol -w build/assets/graphics/battle_anims/sprites/feint_punch.png.4bpp build/assets/graphics/battle_anims/sprites/feint_punch.png.4bpp.smol
tools/compresSmol/compresSmol -w build/assets/graphics/battle_anims/sprites/finger.png.4bpp build/assets/graphics/battle_anims/sprites/finger.png.4bpp.smol
tools/compresSmol/compresSmol -w build/assets/graphics/battle_anims/sprites/finger_2.png.4bpp build/assets/graphics/battle_anims/sprites/finger_2.png.4bpp.smol
tools/compresSmol/compresSmol -w build/assets/graphics/battle_anims/sprites/fire.png.4bpp build/assets/graphics/battle_anims/sprites/fire.png.4bpp.smol
tools/compresSmol/compresSmol -w build/assets/graphics/battle_anims/sprites/fire_plume.png.4bpp build/assets/graphics/battle_anims/sprites/fire_plume.png.4bpp.smol
tools/compresSmol/compresSmol -w build/assets/graphics/battle_anims/sprites/fishies.png.4bpp build/assets/graphics/battle_anims/sprites/fishies.png.4bpp.smol
tools/compresSmol/compresSmol -w build/assets/graphics/battle_anims/sprites/flash_cannon_ball.png.4bpp build/assets/graphics/battle_anims/sprites/flash_cannon_ball.png.4bpp.smol
tools/compresSmol/compresSmol -w build/assets/graphics/battle_anims/sprites/flat_rock.png.4bpp build/assets/graphics/battle_anims/sprites/flat_rock.png.4bpp.smol
tools/compresSmol/compresSmol -w build/assets/graphics/battle_anims/sprites/fly.png.4bpp build/assets/graphics/battle_anims/sprites/fly.png.4bpp.smol
tools/compresSmol/compresSmol -w build/assets/graphics/battle_anims/sprites/flying_dirt.png.4bpp build/assets/graphics/battle_anims/sprites/flying_dirt.png.4bpp.smol
tools/compresSmol/compresSmol -w build/assets/graphics/battle_anims/sprites/focus_energy.png.4bpp build/assets/graphics/battle_anims/sprites/focus_energy.png.4bpp.smol
tools/compresSmol/compresSmol -w build/assets/graphics/battle_anims/sprites/fresh_egg.png.4bpp build/assets/graphics/battle_anims/sprites/fresh_egg.png.4bpp.smol
tools/compresSmol/compresSmol -w build/assets/graphics/battle_anims/sprites/fury_swipes.png.4bpp build/assets/graphics/battle_anims/sprites/fury_swipes.png.4bpp.smol
tools/compresSmol/compresSmol -w build/assets/graphics/battle_anims/sprites/gear.png.4bpp build/assets/graphics/battle_anims/sprites/gear.png.4bpp.smol
tools/compresSmol/compresSmol -w build/assets/graphics/battle_anims/sprites/gem_1.png.4bpp build/assets/graphics/battle_anims/sprites/gem_1.png.4bpp.smol
tools/compresSmol/compresSmol -w build/assets/graphics/battle_anims/sprites/gem_2.png.4bpp build/assets/graphics/battle_anims/sprites/gem_2.png.4bpp.smol
tools/compresSmol/compresSmol -w build/assets/graphics/battle_anims/sprites/gem_3.png.4bpp build/assets/graphics/battle_anims/sprites/gem_3.png.4bpp.smol
tools/compresSmol/compresSmol -w build/assets/graphics/battle_anims/sprites/ghostly_spirit.png.4bpp build/assets/graphics/battle_anims/sprites/ghostly_spirit.png.4bpp.smol
tools/compresSmol/compresSmol -w build/assets/graphics/battle_anims/sprites/gigavolt_havoc_spear.png.4bpp build/assets/graphics/battle_anims/sprites/gigavolt_havoc_spear.png.4bpp.smol
tools/compresSmol/compresSmol -w build/assets/graphics/battle_anims/sprites/glass.png.4bpp build/assets/graphics/battle_anims/sprites/glass.png.4bpp.smol
tools/compresSmol/compresSmol -w build/assets/graphics/battle_anims/sprites/glass_2.png.4bpp build/assets/graphics/battle_anims/sprites/glass_2.png.4bpp.smol
tools/compresSmol/compresSmol -w build/assets/graphics/battle_anims/sprites/glowy_red_orb.png.4bpp build/assets/graphics/battle_anims/sprites/glowy_red_orb.png.4bpp.smol
tools/compresSmol/compresSmol -w build/assets/graphics/battle_anims/sprites/gold_ring.png.4bpp build/assets/graphics/battle_anims/sprites/gold_ring.png.4bpp.smol
tools/compresSmol/compresSmol -w build/assets/graphics/battle_anims/sprites/gold_stars.png.4bpp build/assets/graphics/battle_anims/sprites/gold_stars.png.4bpp.smol
tools/compresSmol/compresSmol -w build/assets/graphics/battle_anims/sprites/golden_apple.png.4bpp build/assets/graphics/battle_anims/sprites/golden_apple.png.4bpp.smol
tools/compresSmol/compresSmol -w build/assets/graphics/battle_anims/sprites/gray_orb.png.4bpp build/assets/graphics/battle_anims/sprites/gray_orb.png.4bpp.smol
tools/compresSmol/compresSmol -w build/assets/graphics/battle_anims/sprites/gray_smoke.png.4bpp build/assets/graphics/battle_anims/sprites/gray_smoke.png.4bpp.smol
tools/compresSmol/compresSmol -w build/assets/graphics/battle_anims/sprites/green_light_wall.png.4bpp build/assets/graphics/battle_anims/sprites/green_light_wall.png.4bpp.smol
tools/compresSmol/compresSmol -w build/assets/graphics/battle_anims/sprites/green_sparkle.png.4bpp build/assets/graphics/battle_anims/sprites/green_sparkle.png.4bpp.smol
tools/compresSmol/compresSmol -w build/assets/graphics/battle_anims/sprites/green_spike.png.4bpp build/assets/graphics/battle_anims/sprites/green_spike.png.4bpp.smol
tools/compresSmol/compresSmol -w build/assets/graphics/battle_anims/sprites/green_star.png.4bpp build/assets/graphics/battle_anims/sprites/green_star.png.4bpp.smol
tools/compresSmol/compresSmol -w build/assets/graphics/battle_anims/sprites/green_star_new.png.4bpp build/assets/graphics/battle_anims/sprites/green_star_new.png.4bpp.smol
tools/compresSmol/compresSmol -w build/assets/graphics/battle_anims/sprites/guard_ring.png.4bpp build/assets/graphics/battle_anims/sprites/guard_ring.png.4bpp.smol
tools/compresSmol/compresSmol -w build/assets/graphics/battle_anims/sprites/gust.png.4bpp build/assets/graphics/battle_anims/sprites/gust.png.4bpp.smol
tools/compresSmol/compresSmol -w build/assets/graphics/battle_anims/sprites/hail.png.4bpp build/assets/graphics/battle_anims/sprites/hail.png.4bpp.smol
tools/compresSmol/compresSmol -w build/assets/graphics/battle_anims/sprites/hands_and_feet.png.4bpp build/assets/graphics/battle_anims/sprites/hands_and_feet.png.4bpp.smol
tools/compresSmol/compresSmol -w build/assets/graphics/battle_anims/sprites/hands_and_feet_new.png.4bpp build/assets/graphics/battle_anims/sprites/hands_and_feet_new.png.4bpp.smol
tools/compresSmol/compresSmol -w build/assets/graphics/battle_anims/sprites/hatched_egg.png.4bpp build/assets/graphics/battle_anims/sprites/hatched_egg.png.4bpp.smol
tools/compresSmol/compresSmol -w build/assets/graphics/battle_anims/sprites/heart_stamp.png.4bpp build/assets/graphics/battle_anims/sprites/heart_stamp.png.4bpp.smol
tools/compresSmol/compresSmol -w build/assets/graphics/battle_anims/sprites/hexes.png.4bpp build/assets/graphics/battle_anims/sprites/hexes.png.4bpp.smol
tools/compresSmol/compresSmol -w build/assets/graphics/battle_anims/sprites/hit.png.4bpp build/assets/graphics/battle_anims/sprites/hit.png.4bpp.smol
tools/compresSmol/compresSmol -w build/assets/graphics/battle_anims/sprites/hit_duplicate.png.4bpp build/assets/graphics/battle_anims/sprites/hit_duplicate.png.4bpp.smol
tools/compresSmol/compresSmol -w build/assets/graphics/battle_anims/sprites/hollow_orb.png.4bpp build/assets/graphics/battle_anims/sprites/hollow_orb.png.4bpp.smol
tools/compresSmol/compresSmol -w build/assets/graphics/battle_anims/sprites/hoopa_hand.png.4bpp build/assets/graphics/battle_anims/sprites/hoopa_hand.png.4bpp.smol
tools/compresSmol/compresSmol -w build/assets/graphics/battle_anims/sprites/hoopa_ring.png.4bpp build/assets/graphics/battle_anims/sprites/hoopa_ring.png.4bpp.smol
tools/compresSmol/compresSmol -w build/assets/graphics/battle_anims/sprites/horn_hit.png.4bpp build/assets/graphics/battle_anims/sprites/horn_hit.png.4bpp.smol
tools/compresSmol/compresSmol -w build/assets/graphics/battle_anims/sprites/horn_hit_2.png.4bpp build/assets/graphics/battle_anims/sprites/horn_hit_2.png.4bpp.smol
tools/compresSmol/compresSmol -w build/assets/graphics/battle_anims/sprites/horn_hit_new.png.4bpp build/assets/graphics/battle_anims/sprites/horn_hit_new.png.4bpp.smol
tools/compresSmol/compresSmol -w build/assets/graphics/battle_anims/sprites/horn_leech.png.4bpp build/assets/graphics/battle_anims/sprites/horn_leech.png.4bpp.smol
tools/compresSmol/compresSmol -w build/assets/graphics/battle_anims/sprites/horseshoe_fist.png.4bpp build/assets/graphics/battle_anims/sprites/horseshoe_fist.png.4bpp.smol
tools/compresSmol/compresSmol -w build/assets/graphics/battle_anims/sprites/humanoid_foot.png.4bpp build/assets/graphics/battle_anims/sprites/humanoid_foot.png.4bpp.smol
tools/compresSmol/compresSmol -w build/assets/graphics/battle_anims/sprites/humanoid_hand.png.4bpp build/assets/graphics/battle_anims/sprites/humanoid_hand.png.4bpp.smol
tools/compresSmol/compresSmol -w build/assets/graphics/battle_anims/sprites/hydro_pump.png.4bpp build/assets/graphics/battle_anims/sprites/hydro_pump.png.4bpp.smol
tools/compresSmol/compresSmol -w build/assets/graphics/battle_anims/sprites/ice_chunk.png.4bpp build/assets/graphics/battle_anims/sprites/ice_chunk.png.4bpp.smol
tools/compresSmol/compresSmol -w build/assets/graphics/battle_anims/sprites/ice_rock.png.4bpp build/assets/graphics/battle_anims/sprites/ice_rock.png.4bpp.smol
tools/compresSmol/compresSmol -w build/assets/graphics/battle_anims/sprites/ice_spikes.png.4bpp build/assets/graphics/battle_anims/sprites/ice_spikes.png.4bpp.smol
tools/compresSmol/compresSmol -w build/assets/graphics/battle_anims/sprites/icicle_spear.png.4bpp build/assets/graphics/battle_anims/sprites/icicle_spear.png.4bpp.smol
tools/compresSmol/compresSmol -w build/assets/graphics/battle_anims/sprites/impact.png.4bpp build/assets/graphics/battle_anims/sprites/impact.png.4bpp.smol
tools/compresSmol/compresSmol -w build/assets/graphics/battle_anims/sprites/impact_2.png.4bpp build/assets/graphics/battle_anims/sprites/impact_2.png.4bpp.smol
tools/compresSmol/compresSmol -w build/assets/graphics/battle_anims/sprites/impact_3.png.4bpp build/assets/graphics/battle_anims/sprites/impact_3.png.4bpp.smol
tools/compresSmol/compresSmol -w build/assets/graphics/battle_anims/sprites/item_bag.png.4bpp build/assets/graphics/battle_anims/sprites/item_bag.png.4bpp.smol
tools/compresSmol/compresSmol -w build/assets/graphics/battle_anims/sprites/jagged_music_note.png.4bpp build/assets/graphics/battle_anims/sprites/jagged_music_note.png.4bpp.smol
tools/compresSmol/compresSmol -w build/assets/graphics/battle_anims/sprites/large_fresh_egg.png.4bpp build/assets/graphics/battle_anims/sprites/large_fresh_egg.png.4bpp.smol
tools/compresSmol/compresSmol -w build/assets/graphics/battle_anims/sprites/large_spike.png.4bpp build/assets/graphics/battle_anims/sprites/large_spike.png.4bpp.smol
tools/compresSmol/compresSmol -w build/assets/graphics/battle_anims/sprites/leaf.png.4bpp build/assets/graphics/battle_anims/sprites/leaf.png.4bpp.smol
tools/compresSmol/compresSmol -w build/assets/graphics/battle_anims/sprites/leaves.png.4bpp build/assets/graphics/battle_anims/sprites/leaves.png.4bpp.smol
tools/compresSmol/compresSmol -w build/assets/graphics/battle_anims/sprites/leech_seed.png.4bpp build/assets/graphics/battle_anims/sprites/leech_seed.png.4bpp.smol
tools/compresSmol/compresSmol -w build/assets/graphics/battle_anims/sprites/leer.png.4bpp build/assets/graphics/battle_anims/sprites/leer.png.4bpp.smol
tools/compresSmol/compresSmol -w build/assets/graphics/battle_anims/sprites/letter_z.png.4bpp build/assets/graphics/battle_anims/sprites/letter_z.png.4bpp.smol
tools/compresSmol/compresSmol -w build/assets/graphics/battle_anims/sprites/lick.png.4bpp build/assets/graphics/battle_anims/sprites/lick.png.4bpp.smol
tools/compresSmol/compresSmol -w build/assets/graphics/battle_anims/sprites/lightbulb.png.4bpp build/assets/graphics/battle_anims/sprites/lightbulb.png.4bpp.smol
tools/compresSmol/compresSmol -w build/assets/graphics/battle_anims/sprites/lightning.png.4bpp build/assets/graphics/battle_anims/sprites/lightning.png.4bpp.smol
tools/compresSmol/compresSmol -w build/assets/graphics/battle_anims/sprites/lightning_2.png.4bpp build/assets/graphics/battle_anims/sprites/lightning_2.png.4bpp.smol
tools/compresSmol/compresSmol -w build/assets/graphics/battle_anims/sprites/lightning_rain.png.4bpp build/assets/graphics/battle_anims/sprites/lightning_rain.png.4bpp.smol
tools/compresSmol/compresSmol -w build/assets/graphics/battle_anims/sprites/lock_on.png.4bpp build/assets/graphics/battle_anims/sprites/lock_on.png.4bpp.smol
tools/compresSmol/compresSmol -w build/assets/graphics/battle_anims/sprites/magenta_heart.png.4bpp build/assets/graphics/battle_anims/sprites/magenta_heart.png.4bpp.smol
tools/compresSmol/compresSmol -w build/assets/graphics/battle_anims/sprites/magnifying_glass.png.4bpp build/assets/graphics/battle_anims/sprites/magnifying_glass.png.4bpp.smol
tools/compresSmol/compresSmol -w build/assets/graphics/battle_anims/sprites/mean_look.png.4bpp build/assets/graphics/battle_anims/sprites/mean_look.png.4bpp.smol
tools/compresSmol/compresSmol -w build/assets/graphics/battle_anims/sprites/mega_particles.png.4bpp build/assets/graphics/battle_anims/sprites/mega_particles.png.4bpp.smol
tools/compresSmol/compresSmol -w build/assets/graphics/battle_anims/sprites/mega_stone.png.4bpp build/assets/graphics/battle_anims/sprites/mega_stone.png.4bpp.smol
tools/compresSmol/compresSmol -w build/assets/graphics/battle_anims/sprites/mega_symbol.png.4bpp build/assets/graphics/battle_anims/sprites/mega_symbol.png.4bpp.smol
tools/compresSmol/compresSmol -w build/assets/graphics/battle_anims/sprites/metal_ball.png.4bpp build/assets/graphics/battle_anims/sprites/metal_ball.png.4bpp.smol
tools/compresSmol/compresSmol -w build/assets/graphics/battle_anims/sprites/metal_bits.png.4bpp build/assets/graphics/battle_anims/sprites/metal_bits.png.4bpp.smol
tools/compresSmol/compresSmol -w build/assets/graphics/battle_anims/sprites/metal_sound_waves.png.4bpp build/assets/graphics/battle_anims/sprites/metal_sound_waves.png.4bpp.smol
tools/compresSmol/compresSmol -w build/assets/graphics/battle_anims/sprites/meteor.png.4bpp build/assets/graphics/battle_anims/sprites/meteor.png.4bpp.smol
tools/compresSmol/compresSmol -w build/assets/graphics/battle_anims/sprites/milk_bottle.png.4bpp build/assets/graphics/battle_anims/sprites/milk_bottle.png.4bpp.smol
tools/compresSmol/compresSmol -w build/assets/graphics/battle_anims/sprites/mist_cloud.png.4bpp build/assets/graphics/battle_anims/sprites/mist_cloud.png.4bpp.smol
tools/compresSmol/compresSmol -w build/assets/graphics/battle_anims/sprites/monster_doll.png.4bpp build/assets/graphics/battle_anims/sprites/monster_doll.png.4bpp.smol
tools/compresSmol/compresSmol -w build/assets/graphics/battle_anims/sprites/monster_doll_gba.png.4bpp build/assets/graphics/battle_anims/sprites/monster_doll_gba.png.4bpp.smol
tools/compresSmol/compresSmol -w build/assets/graphics/battle_anims/sprites/monster_foot.png.4bpp build/assets/graphics/battle_anims/sprites/monster_foot.png.4bpp.smol
tools/compresSmol/compresSmol -w build/assets/graphics/battle_anims/sprites/moon.png.4bpp build/assets/graphics/battle_anims/sprites/moon.png.4bpp.smol
tools/compresSmol/compresSmol -w build/assets/graphics/battle_anims/sprites/movement_waves.png.4bpp build/assets/graphics/battle_anims/sprites/movement_waves.png.4bpp.smol
tools/compresSmol/compresSmol -w build/assets/graphics/battle_anims/sprites/mud_bomb.png.4bpp build/assets/graphics/battle_anims/sprites/mud_bomb.png.4bpp.smol
tools/compresSmol/compresSmol -w build/assets/graphics/battle_anims/sprites/mud_unk.png.4bpp build/assets/graphics/battle_anims/sprites/mud_unk.png.4bpp.smol
tools/compresSmol/compresSmol -w build/assets/graphics/battle_anims/sprites/mushroom.png.4bpp build/assets/graphics/battle_anims/sprites/mushroom.png.4bpp.smol
tools/compresSmol/compresSmol -w build/assets/graphics/battle_anims/sprites/music_notes.png.4bpp build/assets/graphics/battle_anims/sprites/music_notes.png.4bpp.smol
tools/compresSmol/compresSmol -w build/assets/graphics/battle_anims/sprites/music_notes_2.png.4bpp build/assets/graphics/battle_anims/sprites/music_notes_2.png.4bpp.smol
tools/compresSmol/compresSmol -w build/assets/graphics/battle_anims/sprites/nail.png.4bpp build/assets/graphics/battle_anims/sprites/nail.png.4bpp.smol
tools/compresSmol/compresSmol -w build/assets/graphics/battle_anims/sprites/necrozma_star.png.4bpp build/assets/graphics/battle_anims/sprites/necrozma_star.png.4bpp.smol
tools/compresSmol/compresSmol -w build/assets/graphics/battle_anims/sprites/needle.png.4bpp build/assets/graphics/battle_anims/sprites/needle.png.4bpp.smol
tools/compresSmol/compresSmol -w build/assets/graphics/battle_anims/sprites/new/teapot.png.4bpp build/assets/graphics/battle_anims/sprites/new/teapot.png.4bpp.smol
tools/compresSmol/compresSmol -w build/assets/graphics/battle_anims/sprites/noise_line.png.4bpp build/assets/graphics/battle_anims/sprites/noise_line.png.4bpp.smol
tools/compresSmol/compresSmol -w build/assets/graphics/battle_anims/sprites/obstruct.png.4bpp build/assets/graphics/battle_anims/sprites/obstruct.png.4bpp.smol
tools/compresSmol/compresSmol -w build/assets/graphics/battle_anims/sprites/omega_stone.png.4bpp build/assets/graphics/battle_anims/sprites/omega_stone.png.4bpp.smol
tools/compresSmol/compresSmol -w build/assets/graphics/battle_anims/sprites/omega_symbol.png.4bpp build/assets/graphics/battle_anims/sprites/omega_symbol.png.4bpp.smol
tools/compresSmol/compresSmol -w build/assets/graphics/battle_anims/sprites/opening_eye.png.4bpp build/assets/graphics/battle_anims/sprites/opening_eye.png.4bpp.smol
tools/compresSmol/compresSmol -w build/assets/graphics/battle_anims/sprites/orange.png.4bpp build/assets/graphics/battle_anims/sprites/orange.png.4bpp.smol
tools/compresSmol/compresSmol -w build/assets/graphics/battle_anims/sprites/orb.png.4bpp build/assets/graphics/battle_anims/sprites/orb.png.4bpp.smol
tools/compresSmol/compresSmol -w build/assets/graphics/battle_anims/sprites/orbs.png.4bpp build/assets/graphics/battle_anims/sprites/orbs.png.4bpp.smol
tools/compresSmol/compresSmol -w build/assets/graphics/battle_anims/sprites/pain_split.png.4bpp build/assets/graphics/battle_anims/sprites/pain_split.png.4bpp.smol
tools/compresSmol/compresSmol -w build/assets/graphics/battle_anims/sprites/particles.png.4bpp build/assets/graphics/battle_anims/sprites/particles.png.4bpp.smol
tools/compresSmol/compresSmol -w build/assets/graphics/battle_anims/sprites/particles2.png.4bpp build/assets/graphics/battle_anims/sprites/particles2.png.4bpp.smol
tools/compresSmol/compresSmol -w build/assets/graphics/battle_anims/sprites/paw_print.png.4bpp build/assets/graphics/battle_anims/sprites/paw_print.png.4bpp.smol
tools/compresSmol/compresSmol -w build/assets/graphics/battle_anims/sprites/pencil.png.4bpp build/assets/graphics/battle_anims/sprites/pencil.png.4bpp.smol
tools/compresSmol/compresSmol -w build/assets/graphics/battle_anims/sprites/pencil_2.png.4bpp build/assets/graphics/battle_anims/sprites/pencil_2.png.4bpp.smol
tools/compresSmol/compresSmol -w build/assets/graphics/battle_anims/sprites/petal.png.4bpp build/assets/graphics/battle_anims/sprites/petal.png.4bpp.smol
tools/compresSmol/compresSmol -w build/assets/graphics/battle_anims/sprites/pink_cloud.png.4bpp build/assets/graphics/battle_anims/sprites/pink_cloud.png.4bpp.smol
tools/compresSmol/compresSmol -w build/assets/graphics/battle_anims/sprites/pink_diamond.png.4bpp build/assets/graphics/battle_anims/sprites/pink_diamond.png.4bpp.smol
tools/compresSmol/compresSmol -w build/assets/graphics/battle_anims/sprites/pink_glove.png.4bpp build/assets/graphics/battle_anims/sprites/pink_glove.png.4bpp.smol
tools/compresSmol/compresSmol -w build/assets/graphics/battle_anims/sprites/pink_heart_2.png.4bpp build/assets/graphics/battle_anims/sprites/pink_heart_2.png.4bpp.smol
tools/compresSmol/compresSmol -w build/assets/graphics/battle_anims/sprites/pink_orb.png.4bpp build/assets/graphics/battle_anims/sprites/pink_orb.png.4bpp.smol
tools/compresSmol/compresSmol -w build/assets/graphics/battle_anims/sprites/pink_petal.png.4bpp build/assets/graphics/battle_anims/sprites/pink_petal.png.4bpp.smol
tools/compresSmol/compresSmol -w build/assets/graphics/battle_anims/sprites/pinkvio_orb.png.4bpp build/assets/graphics/battle_anims/sprites/pinkvio_orb.png.4bpp.smol
tools/compresSmol/compresSmol -w build/assets/graphics/battle_anims/sprites/poison_bubble.png.4bpp build/assets/graphics/battle_anims/sprites/poison_bubble.png.4bpp.smol
tools/compresSmol/compresSmol -w build/assets/graphics/battle_anims/sprites/poison_column.png.4bpp build/assets/graphics/battle_anims/sprites/poison_column.png.4bpp.smol
tools/compresSmol/compresSmol -w build/assets/graphics/battle_anims/sprites/poison_jab.png.4bpp build/assets/graphics/battle_anims/sprites/poison_jab.png.4bpp.smol
tools/compresSmol/compresSmol -w build/assets/graphics/battle_anims/sprites/poison_powder.png.4bpp build/assets/graphics/battle_anims/sprites/poison_powder.png.4bpp.smol
tools/compresSmol/compresSmol -w build/assets/graphics/battle_anims/sprites/pokeball.png.4bpp build/assets/graphics/battle_anims/sprites/pokeball.png.4bpp.smol
tools/compresSmol/compresSmol -w build/assets/graphics/battle_anims/sprites/pokeblock.png.4bpp build/assets/graphics/battle_anims/sprites/pokeblock.png.4bpp.smol
tools/compresSmol/compresSmol -w build/assets/graphics/battle_anims/sprites/power_gem.png.4bpp build/assets/graphics/battle_anims/sprites/power_gem.png.4bpp.smol
tools/compresSmol/compresSmol -w build/assets/graphics/battle_anims/sprites/power_trick.png.4bpp build/assets/graphics/battle_anims/sprites/power_trick.png.4bpp.smol
tools/compresSmol/compresSmol -w build/assets/graphics/battle_anims/sprites/protect.png.4bpp build/assets/graphics/battle_anims/sprites/protect.png.4bpp.smol
tools/compresSmol/compresSmol -w build/assets/graphics/battle_anims/sprites/psycho_cut.png.4bpp build/assets/graphics/battle_anims/sprites/psycho_cut.png.4bpp.smol
tools/compresSmol/compresSmol -w build/assets/graphics/battle_anims/sprites/punch_impact.png.4bpp build/assets/graphics/battle_anims/sprites/punch_impact.png.4bpp.smol
tools/compresSmol/compresSmol -w build/assets/graphics/battle_anims/sprites/punishment.png.4bpp build/assets/graphics/battle_anims/sprites/punishment.png.4bpp.smol
tools/compresSmol/compresSmol -w build/assets/graphics/battle_anims/sprites/purple_chain.png.4bpp build/assets/graphics/battle_anims/sprites/purple_chain.png.4bpp.smol
tools/compresSmol/compresSmol -w build/assets/graphics/battle_anims/sprites/purple_coral.png.4bpp build/assets/graphics/battle_anims/sprites/purple_coral.png.4bpp.smol
tools/compresSmol/compresSmol -w build/assets/graphics/battle_anims/sprites/purple_drake.png.4bpp build/assets/graphics/battle_anims/sprites/purple_drake.png.4bpp.smol
tools/compresSmol/compresSmol -w build/assets/graphics/battle_anims/sprites/purple_droplet.png.4bpp build/assets/graphics/battle_anims/sprites/purple_droplet.png.4bpp.smol
tools/compresSmol/compresSmol -w build/assets/graphics/battle_anims/sprites/purple_flame.png.4bpp build/assets/graphics/battle_anims/sprites/purple_flame.png.4bpp.smol
tools/compresSmol/compresSmol -w build/assets/graphics/battle_anims/sprites/purple_green_unk.png.4bpp build/assets/graphics/battle_anims/sprites/purple_green_unk.png.4bpp.smol
tools/compresSmol/compresSmol -w build/assets/graphics/battle_anims/sprites/purple_hand_outline.png.4bpp build/assets/graphics/battle_anims/sprites/purple_hand_outline.png.4bpp.smol
tools/compresSmol/compresSmol -w build/assets/graphics/battle_anims/sprites/purple_jab.png.4bpp build/assets/graphics/battle_anims/sprites/purple_jab.png.4bpp.smol
tools/compresSmol/compresSmol -w build/assets/graphics/battle_anims/sprites/purple_scratch.png.4bpp build/assets/graphics/battle_anims/sprites/purple_scratch.png.4bpp.smol
tools/compresSmol/compresSmol -w build/assets/graphics/battle_anims/sprites/purple_swipe.png.4bpp build/assets/graphics/battle_anims/sprites/purple_swipe.png.4bpp.smol
tools/compresSmol/compresSmol -w build/assets/graphics/battle_anims/sprites/quick_guard.png.4bpp build/assets/graphics/battle_anims/sprites/quick_guard.png.4bpp.smol
tools/compresSmol/compresSmol -w build/assets/graphics/battle_anims/sprites/rain_drops.png.4bpp build/assets/graphics/battle_anims/sprites/rain_drops.png.4bpp.smol
tools/compresSmol/compresSmol -w build/assets/graphics/battle_anims/sprites/rainbow_rings.png.4bpp build/assets/graphics/battle_anims/sprites/rainbow_rings.png.4bpp.smol
tools/compresSmol/compresSmol -w build/assets/graphics/battle_anims/sprites/rapid_spin.png.4bpp build/assets/graphics/battle_anims/sprites/rapid_spin.png.4bpp.smol
tools/compresSmol/compresSmol -w build/assets/graphics/battle_anims/sprites/razor_leaf.png.4bpp build/assets/graphics/battle_anims/sprites/razor_leaf.png.4bpp.smol
tools/compresSmol/compresSmol -w build/assets/graphics/battle_anims/sprites/razor_shell.png.4bpp build/assets/graphics/battle_anims/sprites/razor_shell.png.4bpp.smol
tools/compresSmol/compresSmol -w build/assets/graphics/battle_anims/sprites/recycle.png.4bpp build/assets/graphics/battle_anims/sprites/recycle.png.4bpp.smol
tools/compresSmol/compresSmol -w build/assets/graphics/battle_anims/sprites/red_ball.png.4bpp build/assets/graphics/battle_anims/sprites/red_ball.png.4bpp.smol
tools/compresSmol/compresSmol -w build/assets/graphics/battle_anims/sprites/red_explosion.png.4bpp build/assets/graphics/battle_anims/sprites/red_explosion.png.4bpp.smol
tools/compresSmol/compresSmol -w build/assets/graphics/battle_anims/sprites/red_fist.png.4bpp build/assets/graphics/battle_anims/sprites/red_fist.png.4bpp.smol
tools/compresSmol/compresSmol -w build/assets/graphics/battle_anims/sprites/red_orb.png.4bpp build/assets/graphics/battle_anims/sprites/red_orb.png.4bpp.smol
tools/compresSmol/compresSmol -w build/assets/graphics/battle_anims/sprites/red_particles.png.4bpp build/assets/graphics/battle_anims/sprites/red_particles.png.4bpp.smol
tools/compresSmol/compresSmol -w build/assets/graphics/battle_anims/sprites/red_tube.png.4bpp build/assets/graphics/battle_anims/sprites/red_tube.png.4bpp.smol
tools/compresSmol/compresSmol -w build/assets/graphics/battle_anims/sprites/red_wand.png.4bpp build/assets/graphics/battle_anims/sprites/red_wand.png.4bpp.smol
tools/compresSmol/compresSmol -w build/assets/graphics/battle_anims/sprites/reticle.png.4bpp build/assets/graphics/battle_anims/sprites/reticle.png.4bpp.smol
tools/compresSmol/compresSmol -w build/assets/graphics/battle_anims/sprites/ring.png.4bpp build/assets/graphics/battle_anims/sprites/ring.png.4bpp.smol
tools/compresSmol/compresSmol -w build/assets/graphics/battle_anims/sprites/rock_small.png.4bpp build/assets/graphics/battle_anims/sprites/rock_small.png.4bpp.smol
tools/compresSmol/compresSmol -w build/assets/graphics/battle_anims/sprites/rocks.png.4bpp build/assets/graphics/battle_anims/sprites/rocks.png.4bpp.smol
tools/compresSmol/compresSmol -w build/assets/graphics/battle_anims/sprites/rocks_new.png.4bpp build/assets/graphics/battle_anims/sprites/rocks_new.png.4bpp.smol
tools/compresSmol/compresSmol -w build/assets/graphics/battle_anims/sprites/roots.png.4bpp build/assets/graphics/battle_anims/sprites/roots.png.4bpp.smol
tools/compresSmol/compresSmol -w build/assets/graphics/battle_anims/sprites/round_shadow.png.4bpp build/assets/graphics/battle_anims/sprites/round_shadow.png.4bpp.smol
tools/compresSmol/compresSmol -w build/assets/graphics/battle_anims/sprites/round_white_halo.png.4bpp build/assets/graphics/battle_anims/sprites/round_white_halo.png.4bpp.smol
tools/compresSmol/compresSmol -w build/assets/graphics/battle_anims/sprites/salt_particle.png.4bpp build/assets/graphics/battle_anims/sprites/salt_particle.png.4bpp.smol
tools/compresSmol/compresSmol -w build/assets/graphics/battle_anims/sprites/sap_drip.png.4bpp build/assets/graphics/battle_anims/sprites/sap_drip.png.4bpp.smol
tools/compresSmol/compresSmol -w build/assets/graphics/battle_anims/sprites/scratch.png.4bpp build/assets/graphics/battle_anims/sprites/scratch.png.4bpp.smol
tools/compresSmol/compresSmol -w build/assets/graphics/battle_anims/sprites/scratch_2.png.4bpp build/assets/graphics/battle_anims/sprites/scratch_2.png.4bpp.smol
tools/compresSmol/compresSmol -w build/assets/graphics/battle_anims/sprites/scratch_3.png.4bpp build/assets/graphics/battle_anims/sprites/scratch_3.png.4bpp.smol
tools/compresSmol/compresSmol -w build/assets/graphics/battle_anims/sprites/seed.png.4bpp build/assets/graphics/battle_anims/sprites/seed.png.4bpp.smol
tools/compresSmol/compresSmol -w build/assets/graphics/battle_anims/sprites/seed_2.png.4bpp build/assets/graphics/battle_anims/sprites/seed_2.png.4bpp.smol
tools/compresSmol/compresSmol -w build/assets/graphics/battle_anims/sprites/seed_new.png.4bpp build/assets/graphics/battle_anims/sprites/seed_new.png.4bpp.smol
tools/compresSmol/compresSmol -w build/assets/graphics/battle_anims/sprites/shadow_ball.png.4bpp build/assets/graphics/battle_anims/sprites/shadow_ball.png.4bpp.smol
tools/compresSmol/compresSmol -w build/assets/graphics/battle_anims/sprites/sharp_teeth.png.4bpp build/assets/graphics/battle_anims/sprites/sharp_teeth.png.4bpp.smol
tools/compresSmol/compresSmol -w build/assets/graphics/battle_anims/sprites/shell_left.png.4bpp build/assets/graphics/battle_anims/sprites/shell_left.png.4bpp.smol
tools/compresSmol/compresSmol -w build/assets/graphics/battle_anims/sprites/shell_right.png.4bpp build/assets/graphics/battle_anims/sprites/shell_right.png.4bpp.smol
tools/compresSmol/compresSmol -w build/assets/graphics/battle_anims/sprites/shock.png.4bpp build/assets/graphics/battle_anims/sprites/shock.png.4bpp.smol
tools/compresSmol/compresSmol -w build/assets/graphics/battle_anims/sprites/shock_2.png.4bpp build/assets/graphics/battle_anims/sprites/shock_2.png.4bpp.smol
tools/compresSmol/compresSmol -w build/assets/graphics/battle_anims/sprites/shock_3.png.4bpp build/assets/graphics/battle_anims/sprites/shock_3.png.4bpp.smol
tools/compresSmol/compresSmol -w build/assets/graphics/battle_anims/sprites/shock_4.png.4bpp build/assets/graphics/battle_anims/sprites/shock_4.png.4bpp.smol
tools/compresSmol/compresSmol -w build/assets/graphics/battle_anims/sprites/slam_hit.png.4bpp build/assets/graphics/battle_anims/sprites/slam_hit.png.4bpp.smol
tools/compresSmol/compresSmol -w build/assets/graphics/battle_anims/sprites/slam_hit_2.png.4bpp build/assets/graphics/battle_anims/sprites/slam_hit_2.png.4bpp.smol
tools/compresSmol/compresSmol -w build/assets/graphics/battle_anims/sprites/slash.png.4bpp build/assets/graphics/battle_anims/sprites/slash.png.4bpp.smol
tools/compresSmol/compresSmol -w build/assets/graphics/battle_anims/sprites/small_bubbles.png.4bpp build/assets/graphics/battle_anims/sprites/small_bubbles.png.4bpp.smol
tools/compresSmol/compresSmol -w build/assets/graphics/battle_anims/sprites/small_cloud.png.4bpp build/assets/graphics/battle_anims/sprites/small_cloud.png.4bpp.smol
tools/compresSmol/compresSmol -w build/assets/graphics/battle_anims/sprites/small_ember.png.4bpp build/assets/graphics/battle_anims/sprites/small_ember.png.4bpp.smol
tools/compresSmol/compresSmol -w build/assets/graphics/battle_anims/sprites/small_red_eye.png.4bpp build/assets/graphics/battle_anims/sprites/small_red_eye.png.4bpp.smol
tools/compresSmol/compresSmol -w build/assets/graphics/battle_anims/sprites/smellingsalt_effect.png.4bpp build/assets/graphics/battle_anims/sprites/smellingsalt_effect.png.4bpp.smol
tools/compresSmol/compresSmol -w build/assets/graphics/battle_anims/sprites/smoke.png.4bpp build/assets/graphics/battle_anims/sprites/smoke.png.4bpp.smol
tools/compresSmol/compresSmol -w build/assets/graphics/battle_anims/sprites/smoke_2.png.4bpp build/assets/graphics/battle_anims/sprites/smoke_2.png.4bpp.smol
tools/compresSmol/compresSmol -w build/assets/graphics/battle_anims/sprites/smokescreen_impact.png.4bpp build/assets/graphics/battle_anims/sprites/smokescreen_impact.png.4bpp.smol
tools/compresSmol/compresSmol -w build/assets/graphics/battle_anims/sprites/snore_z.png.4bpp build/assets/graphics/battle_anims/sprites/snore_z.png.4bpp.smol
tools/compresSmol/compresSmol -w build/assets/graphics/battle_anims/sprites/snowball.png.4bpp build/assets/graphics/battle_anims/sprites/snowball.png.4bpp.smol
tools/compresSmol/compresSmol -w build/assets/graphics/battle_anims/sprites/snowflakes.png.4bpp build/assets/graphics/battle_anims/sprites/snowflakes.png.4bpp.smol
tools/compresSmol/compresSmol -w build/assets/graphics/battle_anims/sprites/spark_2.png.4bpp build/assets/graphics/battle_anims/sprites/spark_2.png.4bpp.smol
tools/compresSmol/compresSmol -w build/assets/graphics/battle_anims/sprites/spark_h.png.4bpp build/assets/graphics/battle_anims/sprites/spark_h.png.4bpp.smol
tools/compresSmol/compresSmol -w build/assets/graphics/battle_anims/sprites/sparkle_1.png.4bpp build/assets/graphics/battle_anims/sprites/sparkle_1.png.4bpp.smol
tools/compresSmol/compresSmol -w build/assets/graphics/battle_anims/sprites/sparkle_3.png.4bpp build/assets/graphics/battle_anims/sprites/sparkle_3.png.4bpp.smol
tools/compresSmol/compresSmol -w build/assets/graphics/battle_anims/sprites/sparkle_4.png.4bpp build/assets/graphics/battle_anims/sprites/sparkle_4.png.4bpp.smol
tools/compresSmol/compresSmol -w build/assets/graphics/battle_anims/sprites/sparkle_6.png.4bpp build/assets/graphics/battle_anims/sprites/sparkle_6.png.4bpp.smol
tools/compresSmol/compresSmol -w build/assets/graphics/battle_anims/sprites/speed_dust.png.4bpp build/assets/graphics/battle_anims/sprites/speed_dust.png.4bpp.smol
tools/compresSmol/compresSmol -w build/assets/graphics/battle_anims/sprites/sphere_to_cube.png.4bpp build/assets/graphics/battle_anims/sprites/sphere_to_cube.png.4bpp.smol
tools/compresSmol/compresSmol -w build/assets/graphics/battle_anims/sprites/spider_web.png.4bpp build/assets/graphics/battle_anims/sprites/spider_web.png.4bpp.smol
tools/compresSmol/compresSmol -w build/assets/graphics/battle_anims/sprites/spikes.png.4bpp build/assets/graphics/battle_anims/sprites/spikes.png.4bpp.smol
tools/compresSmol/compresSmol -w build/assets/graphics/battle_anims/sprites/spikes_new.png.4bpp build/assets/graphics/battle_anims/sprites/spikes_new.png.4bpp.smol
tools/compresSmol/compresSmol -w build/assets/graphics/battle_anims/sprites/spinning_fire.png.4bpp build/assets/graphics/battle_anims/sprites/spinning_fire.png.4bpp.smol
tools/compresSmol/compresSmol -w build/assets/graphics/battle_anims/sprites/spinning_green_orbs.png.4bpp build/assets/graphics/battle_anims/sprites/spinning_green_orbs.png.4bpp.smol
tools/compresSmol/compresSmol -w build/assets/graphics/battle_anims/sprites/spiral.png.4bpp build/assets/graphics/battle_anims/sprites/spiral.png.4bpp.smol
tools/compresSmol/compresSmol -w build/assets/graphics/battle_anims/sprites/spirit_shackle_arrow.png.4bpp build/assets/graphics/battle_anims/sprites/spirit_shackle_arrow.png.4bpp.smol
tools/compresSmol/compresSmol -w build/assets/graphics/battle_anims/sprites/splash.png.4bpp build/assets/graphics/battle_anims/sprites/splash.png.4bpp.smol
tools/compresSmol/compresSmol -w build/assets/graphics/battle_anims/sprites/spore.png.4bpp build/assets/graphics/battle_anims/sprites/spore.png.4bpp.smol
tools/compresSmol/compresSmol -w build/assets/graphics/battle_anims/sprites/spotlight.png.4bpp build/assets/graphics/battle_anims/sprites/spotlight.png.4bpp.smol
tools/compresSmol/compresSmol -w build/assets/graphics/battle_anims/sprites/sprout.png.4bpp build/assets/graphics/battle_anims/sprites/sprout.png.4bpp.smol
tools/compresSmol/compresSmol -w build/assets/graphics/battle_anims/sprites/starstorm_beam.png.4bpp build/assets/graphics/battle_anims/sprites/starstorm_beam.png.4bpp.smol
tools/compresSmol/compresSmol -w build/assets/graphics/battle_anims/sprites/stealth_rock.png.4bpp build/assets/graphics/battle_anims/sprites/stealth_rock.png.4bpp.smol
tools/compresSmol/compresSmol -w build/assets/graphics/battle_anims/sprites/steam_eruption.png.4bpp build/assets/graphics/battle_anims/sprites/steam_eruption.png.4bpp.smol
tools/compresSmol/compresSmol -w build/assets/graphics/battle_anims/sprites/steamroller.png.4bpp build/assets/graphics/battle_anims/sprites/steamroller.png.4bpp.smol
tools/compresSmol/compresSmol -w build/assets/graphics/battle_anims/sprites/stone_edge.png.4bpp build/assets/graphics/battle_anims/sprites/stone_edge.png.4bpp.smol
tools/compresSmol/compresSmol -w build/assets/graphics/battle_anims/sprites/stone_pillar.png.4bpp build/assets/graphics/battle_anims/sprites/stone_pillar.png.4bpp.smol
tools/compresSmol/compresSmol -w build/assets/graphics/battle_anims/sprites/straight_beam.png.4bpp build/assets/graphics/battle_anims/sprites/straight_beam.png.4bpp.smol
tools/compresSmol/compresSmol -w build/assets/graphics/battle_anims/sprites/string.png.4bpp build/assets/graphics/battle_anims/sprites/string.png.4bpp.smol
tools/compresSmol/compresSmol -w build/assets/graphics/battle_anims/sprites/string_2.png.4bpp build/assets/graphics/battle_anims/sprites/string_2.png.4bpp.smol
tools/compresSmol/compresSmol -w build/assets/graphics/battle_anims/sprites/substitute.png.4bpp build/assets/graphics/battle_anims/sprites/substitute.png.4bpp.smol
tools/compresSmol/compresSmol -w build/assets/graphics/battle_anims/sprites/substitute_back.png.4bpp build/assets/graphics/battle_anims/sprites/substitute_back.png.4bpp.smol
tools/compresSmol/compresSmol -w build/assets/graphics/battle_anims/sprites/substitute_back_gba.png.4bpp build/assets/graphics/battle_anims/sprites/substitute_back_gba.png.4bpp.smol
tools/compresSmol/compresSmol -w build/assets/graphics/battle_anims/sprites/substitute_gba.png.4bpp build/assets/graphics/battle_anims/sprites/substitute_gba.png.4bpp.smol
tools/compresSmol/compresSmol -w build/assets/graphics/battle_anims/sprites/sunlight.png.4bpp build/assets/graphics/battle_anims/sprites/sunlight.png.4bpp.smol
tools/compresSmol/compresSmol -w build/assets/graphics/battle_anims/sprites/sweat_bead.png.4bpp build/assets/graphics/battle_anims/sprites/sweat_bead.png.4bpp.smol
tools/compresSmol/compresSmol -w build/assets/graphics/battle_anims/sprites/sweat_drop.png.4bpp build/assets/graphics/battle_anims/sprites/sweat_drop.png.4bpp.smol
tools/compresSmol/compresSmol -w build/assets/graphics/battle_anims/sprites/swipe.png.4bpp build/assets/graphics/battle_anims/sprites/swipe.png.4bpp.smol
tools/compresSmol/compresSmol -w build/assets/graphics/battle_anims/sprites/sword.png.4bpp build/assets/graphics/battle_anims/sprites/sword.png.4bpp.smol
tools/compresSmol/compresSmol -w build/assets/graphics/battle_anims/sprites/sword_2.png.4bpp build/assets/graphics/battle_anims/sprites/sword_2.png.4bpp.smol
tools/compresSmol/compresSmol -w build/assets/graphics/battle_anims/sprites/sword_new.png.4bpp build/assets/graphics/battle_anims/sprites/sword_new.png.4bpp.smol
tools/compresSmol/compresSmol -w build/assets/graphics/battle_anims/sprites/syrup_bomb_blob.png.4bpp build/assets/graphics/battle_anims/sprites/syrup_bomb_blob.png.4bpp.smol
tools/compresSmol/compresSmol -w build/assets/graphics/battle_anims/sprites/syrup_bomb_shell.png.4bpp build/assets/graphics/battle_anims/sprites/syrup_bomb_shell.png.4bpp.smol
tools/compresSmol/compresSmol -w build/assets/graphics/battle_anims/sprites/syrup_bomb_splat.png.4bpp build/assets/graphics/battle_anims/sprites/syrup_bomb_splat.png.4bpp.smol
tools/compresSmol/compresSmol -w build/assets/graphics/battle_anims/sprites/tag_hand.png.4bpp build/assets/graphics/battle_anims/sprites/tag_hand.png.4bpp.smol
tools/compresSmol/compresSmol -w build/assets/graphics/battle_anims/sprites/tatsugiri_curly.png.4bpp build/assets/graphics/battle_anims/sprites/tatsugiri_curly.png.4bpp.smol
tools/compresSmol/compresSmol -w build/assets/graphics/battle_anims/sprites/tatsugiri_droopy.png.4bpp build/assets/graphics/battle_anims/sprites/tatsugiri_droopy.png.4bpp.smol
tools/compresSmol/compresSmol -w build/assets/graphics/battle_anims/sprites/tatsugiri_stretchy.png.4bpp build/assets/graphics/battle_anims/sprites/tatsugiri_stretchy.png.4bpp.smol
tools/compresSmol/compresSmol -w build/assets/graphics/battle_anims/sprites/teal_alert.png.4bpp build/assets/graphics/battle_anims/sprites/teal_alert.png.4bpp.smol
tools/compresSmol/compresSmol -w build/assets/graphics/battle_anims/sprites/teeth.png.4bpp build/assets/graphics/battle_anims/sprites/teeth.png.4bpp.smol
tools/compresSmol/compresSmol -w build/assets/graphics/battle_anims/sprites/teeth_new.png.4bpp build/assets/graphics/battle_anims/sprites/teeth_new.png.4bpp.smol
tools/compresSmol/compresSmol -w build/assets/graphics/battle_anims/sprites/tendrils.png.4bpp build/assets/graphics/battle_anims/sprites/tendrils.png.4bpp.smol
tools/compresSmol/compresSmol -w build/assets/graphics/battle_anims/sprites/tera_crystal.png.4bpp build/assets/graphics/battle_anims/sprites/tera_crystal.png.4bpp.smol
tools/compresSmol/compresSmol -w build/assets/graphics/battle_anims/sprites/tera_shatter.png.4bpp build/assets/graphics/battle_anims/sprites/tera_shatter.png.4bpp.smol
tools/compresSmol/compresSmol -w build/assets/graphics/battle_anims/sprites/tera_symbol.png.4bpp build/assets/graphics/battle_anims/sprites/tera_symbol.png.4bpp.smol
tools/compresSmol/compresSmol -w build/assets/graphics/battle_anims/sprites/thin_ring.png.4bpp build/assets/graphics/battle_anims/sprites/thin_ring.png.4bpp.smol
tools/compresSmol/compresSmol -w build/assets/graphics/battle_anims/sprites/thought_bubble.png.4bpp build/assets/graphics/battle_anims/sprites/thought_bubble.png.4bpp.smol
tools/compresSmol/compresSmol -w build/assets/graphics/battle_anims/sprites/tied_bag.png.4bpp build/assets/graphics/battle_anims/sprites/tied_bag.png.4bpp.smol
tools/compresSmol/compresSmol -w build/assets/graphics/battle_anims/sprites/tongue.png.4bpp build/assets/graphics/battle_anims/sprites/tongue.png.4bpp.smol
tools/compresSmol/compresSmol -w build/assets/graphics/battle_anims/sprites/torn_metal.png.4bpp build/assets/graphics/battle_anims/sprites/torn_metal.png.4bpp.smol
tools/compresSmol/compresSmol -w build/assets/graphics/battle_anims/sprites/tornado.png.4bpp build/assets/graphics/battle_anims/sprites/tornado.png.4bpp.smol
tools/compresSmol/compresSmol -w build/assets/graphics/battle_anims/sprites/toxic_bubble.png.4bpp build/assets/graphics/battle_anims/sprites/toxic_bubble.png.4bpp.smol
tools/compresSmol/compresSmol -w build/assets/graphics/battle_anims/sprites/tri_attack_triangle.png.4bpp build/assets/graphics/battle_anims/sprites/tri_attack_triangle.png.4bpp.smol
tools/compresSmol/compresSmol -w build/assets/graphics/battle_anims/sprites/trump_card_particles.png.4bpp build/assets/graphics/battle_anims/sprites/trump_card_particles.png.4bpp.smol
tools/compresSmol/compresSmol -w build/assets/graphics/battle_anims/sprites/trump_cards.png.4bpp build/assets/graphics/battle_anims/sprites/trump_cards.png.4bpp.smol
tools/compresSmol/compresSmol -w build/assets/graphics/battle_anims/sprites/unknown.png.4bpp build/assets/graphics/battle_anims/sprites/unknown.png.4bpp.smol
tools/compresSmol/compresSmol -w build/assets/graphics/battle_anims/sprites/vine.png.4bpp build/assets/graphics/battle_anims/sprites/vine.png.4bpp.smol
tools/compresSmol/compresSmol -w build/assets/graphics/battle_anims/sprites/vine_2.png.4bpp build/assets/graphics/battle_anims/sprites/vine_2.png.4bpp.smol
tools/compresSmol/compresSmol -w build/assets/graphics/battle_anims/sprites/void_lines.png.4bpp build/assets/graphics/battle_anims/sprites/void_lines.png.4bpp.smol
tools/compresSmol/compresSmol -w build/assets/graphics/battle_anims/sprites/warm_rock.png.4bpp build/assets/graphics/battle_anims/sprites/warm_rock.png.4bpp.smol
tools/compresSmol/compresSmol -w build/assets/graphics/battle_anims/sprites/water_column.png.4bpp build/assets/graphics/battle_anims/sprites/water_column.png.4bpp.smol
tools/compresSmol/compresSmol -w build/assets/graphics/battle_anims/sprites/water_droplet.png.4bpp build/assets/graphics/battle_anims/sprites/water_droplet.png.4bpp.smol
tools/compresSmol/compresSmol -w build/assets/graphics/battle_anims/sprites/water_droplet_2.png.4bpp build/assets/graphics/battle_anims/sprites/water_droplet_2.png.4bpp.smol
tools/compresSmol/compresSmol -w build/assets/graphics/battle_anims/sprites/water_gun.png.4bpp build/assets/graphics/battle_anims/sprites/water_gun.png.4bpp.smol
tools/compresSmol/compresSmol -w build/assets/graphics/battle_anims/sprites/water_impact.png.4bpp build/assets/graphics/battle_anims/sprites/water_impact.png.4bpp.smol
tools/compresSmol/compresSmol -w build/assets/graphics/battle_anims/sprites/water_orb.png.4bpp build/assets/graphics/battle_anims/sprites/water_orb.png.4bpp.smol
tools/compresSmol/compresSmol -w build/assets/graphics/battle_anims/sprites/waving_hand.png.4bpp build/assets/graphics/battle_anims/sprites/waving_hand.png.4bpp.smol
tools/compresSmol/compresSmol -w build/assets/graphics/battle_anims/sprites/weather_ball.png.4bpp build/assets/graphics/battle_anims/sprites/weather_ball.png.4bpp.smol
tools/compresSmol/compresSmol -w build/assets/graphics/battle_anims/sprites/web.png.4bpp build/assets/graphics/battle_anims/sprites/web.png.4bpp.smol
tools/compresSmol/compresSmol -w build/assets/graphics/battle_anims/sprites/web_thread.png.4bpp build/assets/graphics/battle_anims/sprites/web_thread.png.4bpp.smol
tools/compresSmol/compresSmol -w build/assets/graphics/battle_anims/sprites/whirlwind.png.4bpp build/assets/graphics/battle_anims/sprites/whirlwind.png.4bpp.smol
tools/compresSmol/compresSmol -w build/assets/graphics/battle_anims/sprites/whirlwind_2.png.4bpp build/assets/graphics/battle_anims/sprites/whirlwind_2.png.4bpp.smol
tools/compresSmol/compresSmol -w build/assets/graphics/battle_anims/sprites/whirlwind_lines.png.4bpp build/assets/graphics/battle_anims/sprites/whirlwind_lines.png.4bpp.smol
tools/compresSmol/compresSmol -w build/assets/graphics/battle_anims/sprites/white_bag.png.4bpp build/assets/graphics/battle_anims/sprites/white_bag.png.4bpp.smol
tools/compresSmol/compresSmol -w build/assets/graphics/battle_anims/sprites/white_feather.png.4bpp build/assets/graphics/battle_anims/sprites/white_feather.png.4bpp.smol
tools/compresSmol/compresSmol -w build/assets/graphics/battle_anims/sprites/white_shadow.png.4bpp build/assets/graphics/battle_anims/sprites/white_shadow.png.4bpp.smol
tools/compresSmol/compresSmol -w build/assets/graphics/battle_anims/sprites/white_streak.png.4bpp build/assets/graphics/battle_anims/sprites/white_streak.png.4bpp.smol
tools/compresSmol/compresSmol -w build/assets/graphics/battle_anims/sprites/wisp_fire.png.4bpp build/assets/graphics/battle_anims/sprites/wisp_fire.png.4bpp.smol
tools/compresSmol/compresSmol -w build/assets/graphics/battle_anims/sprites/wisp_orb.png.4bpp build/assets/graphics/battle_anims/sprites/wisp_orb.png.4bpp.smol
tools/compresSmol/compresSmol -w build/assets/graphics/battle_anims/sprites/wood_hammer.png.4bpp build/assets/graphics/battle_anims/sprites/wood_hammer.png.4bpp.smol
tools/compresSmol/compresSmol -w build/assets/graphics/battle_anims/sprites/wood_hammer_hammer.png.4bpp build/assets/graphics/battle_anims/sprites/wood_hammer_hammer.png.4bpp.smol
tools/compresSmol/compresSmol -w build/assets/graphics/battle_anims/sprites/worry_seed.png.4bpp build/assets/graphics/battle_anims/sprites/worry_seed.png.4bpp.smol
tools/compresSmol/compresSmol -w build/assets/graphics/battle_anims/sprites/wring_out.png.4bpp build/assets/graphics/battle_anims/sprites/wring_out.png.4bpp.smol
tools/compresSmol/compresSmol -w build/assets/graphics/battle_anims/sprites/x_sign.png.4bpp build/assets/graphics/battle_anims/sprites/x_sign.png.4bpp.smol
tools/compresSmol/compresSmol -w build/assets/graphics/battle_anims/sprites/yellow_ball.png.4bpp build/assets/graphics/battle_anims/sprites/yellow_ball.png.4bpp.smol
tools/compresSmol/compresSmol -w build/assets/graphics/battle_anims/sprites/yellow_star.png.4bpp build/assets/graphics/battle_anims/sprites/yellow_star.png.4bpp.smol
tools/compresSmol/compresSmol -w build/assets/graphics/battle_anims/sprites/yellow_unk.png.4bpp build/assets/graphics/battle_anims/sprites/yellow_unk.png.4bpp.smol
tools/compresSmol/compresSmol -w build/assets/graphics/battle_anims/sprites/yellow_unk_2.png.4bpp build/assets/graphics/battle_anims/sprites/yellow_unk_2.png.4bpp.smol
tools/compresSmol/compresSmol -w build/assets/graphics/battle_anims/sprites/z.png.4bpp build/assets/graphics/battle_anims/sprites/z.png.4bpp.smol
tools/compresSmol/compresSmol -w build/assets/graphics/battle_anims/sprites/z_move_symbol.png.4bpp build/assets/graphics/battle_anims/sprites/z_move_symbol.png.4bpp.smol
tools/compresSmol/compresSmol -w build/assets/graphics/battle_anims/stat_change/tiles.png.4bpp build/assets/graphics/battle_anims/stat_change/tiles.png.4bpp.smol
tools/compresSmol/compresSmol -w build/assets/graphics/battle_anims/unused/goosuto.png.4bpp build/assets/graphics/battle_anims/unused/goosuto.png.4bpp.smol
tools/compresSmol/compresSmol -w build/assets/graphics/battle_anims/unused/lights.png.4bpp build/assets/graphics/battle_anims/unused/lights.png.4bpp.smol
tools/compresSmol/compresSmol -w build/assets/graphics/battle_anims/unused/line_sketch.png.4bpp build/assets/graphics/battle_anims/unused/line_sketch.png.4bpp.smol
tools/compresSmol/compresSmol -w build/assets/graphics/battle_anims/unused/line_sketch_2.png.8bpp build/assets/graphics/battle_anims/unused/line_sketch_2.png.8bpp.smol
tools/compresSmol/compresSmol -w build/assets/graphics/battle_anims/unused/metronome_hand_small.png.4bpp build/assets/graphics/battle_anims/unused/metronome_hand_small.png.4bpp.smol
tools/compresSmol/compresSmol -w build/assets/graphics/battle_anims/unused/music_notes.png.4bpp build/assets/graphics/battle_anims/unused/music_notes.png.4bpp.smol
tools/compresSmol/compresSmol -w build/assets/graphics/battle_anims/unused/old_beatup.png.4bpp build/assets/graphics/battle_anims/unused/old_beatup.png.4bpp.smol
tools/compresSmol/compresSmol -w build/assets/graphics/battle_anims/unused/spinning_ball.png.4bpp build/assets/graphics/battle_anims/unused/spinning_ball.png.4bpp.smol
tools/compresSmol/compresSmol -w build/assets/graphics/battle_anims/unused/water_splash.png.8bpp build/assets/graphics/battle_anims/unused/water_splash.png.8bpp.smol
tools/compresSmol/compresSmol -w build/assets/graphics/battle_environment/building/anim_tiles.png.4bpp build/assets/graphics/battle_environment/building/anim_tiles.png.4bpp.smol
tools/gbagfx/gbagfx graphics/battle_environment/building/gym.pal build/assets/graphics/battle_environment/building/gym.pal.gbapal 
tools/gbagfx/gbagfx graphics/battle_environment/building/leader.pal build/assets/graphics/battle_environment/building/leader.pal.gbapal 
tools/compresSmol/compresSmolTilemap graphics/battle_environment/building/map.bin build/assets/graphics/battle_environment/building/map.bin.smolTM 
tools/gbagfx/gbagfx graphics/battle_environment/building/palette.pal build/assets/graphics/battle_environment/building/palette.pal.gbapal 
tools/gbagfx/gbagfx graphics/battle_environment/building/tiles.png build/assets/graphics/battle_environment/building/tiles.png.4bpp 
tools/compresSmol/compresSmolTilemap graphics/battle_environment/cave/anim_map.bin build/assets/graphics/battle_environment/cave/anim_map.bin.smolTM 
tools/gbagfx/gbagfx graphics/battle_environment/cave/anim_tiles.png build/assets/graphics/battle_environment/cave/anim_tiles.png.4bpp 
tools/gbagfx/gbagfx graphics/battle_environment/cave/groudon.pal build/assets/graphics/battle_environment/cave/groudon.pal.gbapal 
tools/compresSmol/compresSmolTilemap graphics/battle_environment/cave/map.bin build/assets/graphics/battle_environment/cave/map.bin.smolTM 
tools/gbagfx/gbagfx graphics/battle_environment/cave/palette.pal build/assets/graphics/battle_environment/cave/palette.pal.gbapal 
tools/gbagfx/gbagfx graphics/battle_environment/cave/tiles.png build/assets/graphics/battle_environment/cave/tiles.png.4bpp 
tools/compresSmol/compresSmolTilemap graphics/battle_environment/long_grass/anim_map.bin build/assets/graphics/battle_environment/long_grass/anim_map.bin.smolTM 
tools/gbagfx/gbagfx graphics/battle_environment/long_grass/anim_tiles.png build/assets/graphics/battle_environment/long_grass/anim_tiles.png.4bpp 
tools/compresSmol/compresSmolTilemap graphics/battle_environment/long_grass/map.bin build/assets/graphics/battle_environment/long_grass/map.bin.smolTM 
tools/gbagfx/gbagfx graphics/battle_environment/long_grass/palette.pal build/assets/graphics/battle_environment/long_grass/palette.pal.gbapal 
tools/gbagfx/gbagfx graphics/battle_environment/long_grass/tiles.png build/assets/graphics/battle_environment/long_grass/tiles.png.4bpp 
tools/gbagfx/gbagfx graphics/battle_environment/plain/palette.pal build/assets/graphics/battle_environment/plain/palette.pal.gbapal 
tools/compresSmol/compresSmolTilemap graphics/battle_environment/pond_water/anim_map.bin build/assets/graphics/battle_environment/pond_water/anim_map.bin.smolTM 
tools/gbagfx/gbagfx graphics/battle_environment/pond_water/anim_tiles.png build/assets/graphics/battle_environment/pond_water/anim_tiles.png.4bpp 
tools/compresSmol/compresSmolTilemap graphics/battle_environment/pond_water/map.bin build/assets/graphics/battle_environment/pond_water/map.bin.smolTM 
tools/gbagfx/gbagfx graphics/battle_environment/pond_water/palette.pal build/assets/graphics/battle_environment/pond_water/palette.pal.gbapal 
tools/gbagfx/gbagfx graphics/battle_environment/pond_water/tiles.png build/assets/graphics/battle_environment/pond_water/tiles.png.4bpp 
tools/compresSmol/compresSmolTilemap graphics/battle_environment/rock/anim_map.bin build/assets/graphics/battle_environment/rock/anim_map.bin.smolTM 
tools/gbagfx/gbagfx graphics/battle_environment/rock/anim_tiles.png build/assets/graphics/battle_environment/rock/anim_tiles.png.4bpp 
tools/compresSmol/compresSmolTilemap graphics/battle_environment/rock/map.bin build/assets/graphics/battle_environment/rock/map.bin.smolTM 
tools/gbagfx/gbagfx graphics/battle_environment/rock/palette.pal build/assets/graphics/battle_environment/rock/palette.pal.gbapal 
tools/gbagfx/gbagfx graphics/battle_environment/rock/tiles.png build/assets/graphics/battle_environment/rock/tiles.png.4bpp 
tools/compresSmol/compresSmolTilemap graphics/battle_environment/sand/anim_map.bin build/assets/graphics/battle_environment/sand/anim_map.bin.smolTM 
tools/gbagfx/gbagfx graphics/battle_environment/sand/anim_tiles.png build/assets/graphics/battle_environment/sand/anim_tiles.png.4bpp 
tools/compresSmol/compresSmolTilemap graphics/battle_environment/sand/map.bin build/assets/graphics/battle_environment/sand/map.bin.smolTM 
tools/gbagfx/gbagfx graphics/battle_environment/sand/palette.pal build/assets/graphics/battle_environment/sand/palette.pal.gbapal 
tools/gbagfx/gbagfx graphics/battle_environment/sand/tiles.png build/assets/graphics/battle_environment/sand/tiles.png.4bpp 
tools/compresSmol/compresSmolTilemap graphics/battle_environment/sky/anim_map.bin build/assets/graphics/battle_environment/sky/anim_map.bin.smolTM 
tools/gbagfx/gbagfx graphics/battle_environment/sky/anim_tiles.png build/assets/graphics/battle_environment/sky/anim_tiles.png.4bpp 
tools/compresSmol/compresSmolTilemap graphics/battle_environment/sky/map.bin build/assets/graphics/battle_environment/sky/map.bin.smolTM 
tools/gbagfx/gbagfx graphics/battle_environment/sky/palette.pal build/assets/graphics/battle_environment/sky/palette.pal.gbapal 
tools/gbagfx/gbagfx graphics/battle_environment/sky/tiles.png build/assets/graphics/battle_environment/sky/tiles.png.4bpp 
tools/gbagfx/gbagfx graphics/battle_environment/stadium/aqua.pal build/assets/graphics/battle_environment/stadium/aqua.pal.gbapal 
tools/gbagfx/gbagfx graphics/battle_environment/stadium/battle_frontier.pal build/assets/graphics/battle_environment/stadium/battle_frontier.pal.gbapal 
tools/gbagfx/gbagfx graphics/battle_environment/stadium/drake.pal build/assets/graphics/battle_environment/stadium/drake.pal.gbapal 
tools/gbagfx/gbagfx graphics/battle_environment/stadium/glacia.pal build/assets/graphics/battle_environment/stadium/glacia.pal.gbapal 
tools/gbagfx/gbagfx graphics/battle_environment/stadium/magma.pal build/assets/graphics/battle_environment/stadium/magma.pal.gbapal 
tools/compresSmol/compresSmolTilemap graphics/battle_environment/stadium/map.bin build/assets/graphics/battle_environment/stadium/map.bin.smolTM 
tools/gbagfx/gbagfx graphics/battle_environment/stadium/phoebe.pal build/assets/graphics/battle_environment/stadium/phoebe.pal.gbapal 
tools/gbagfx/gbagfx graphics/battle_environment/stadium/sidney.pal build/assets/graphics/battle_environment/stadium/sidney.pal.gbapal 
tools/gbagfx/gbagfx graphics/battle_environment/stadium/tiles.png build/assets/graphics/battle_environment/stadium/tiles.png.4bpp 
tools/gbagfx/gbagfx graphics/battle_environment/stadium/wallace.pal build/assets/graphics/battle_environment/stadium/wallace.pal.gbapal 
tools/compresSmol/compresSmolTilemap graphics/battle_environment/tall_grass/anim_map.bin build/assets/graphics/battle_environment/tall_grass/anim_map.bin.smolTM 
tools/gbagfx/gbagfx graphics/battle_environment/tall_grass/anim_tiles.png build/assets/graphics/battle_environment/tall_grass/anim_tiles.png.4bpp 
tools/compresSmol/compresSmolTilemap graphics/battle_environment/tall_grass/map.bin build/assets/graphics/battle_environment/tall_grass/map.bin.smolTM 
tools/gbagfx/gbagfx graphics/battle_environment/tall_grass/palette.pal build/assets/graphics/battle_environment/tall_grass/palette.pal.gbapal 
tools/gbagfx/gbagfx graphics/battle_environment/tall_grass/tiles.png build/assets/graphics/battle_environment/tall_grass/tiles.png.4bpp 
tools/compresSmol/compresSmolTilemap graphics/battle_environment/underwater/anim_map.bin build/assets/graphics/battle_environment/underwater/anim_map.bin.smolTM 
tools/gbagfx/gbagfx graphics/battle_environment/underwater/anim_tiles.png build/assets/graphics/battle_environment/underwater/anim_tiles.png.4bpp 
tools/compresSmol/compresSmolTilemap graphics/battle_environment/underwater/map.bin build/assets/graphics/battle_environment/underwater/map.bin.smolTM 
tools/gbagfx/gbagfx graphics/battle_environment/underwater/palette.pal build/assets/graphics/battle_environment/underwater/palette.pal.gbapal 
tools/gbagfx/gbagfx graphics/battle_environment/underwater/tiles.png build/assets/graphics/battle_environment/underwater/tiles.png.4bpp 
tools/compresSmol/compresSmolTilemap graphics/battle_environment/water/anim_map.bin build/assets/graphics/battle_environment/water/anim_map.bin.smolTM 
tools/gbagfx/gbagfx graphics/battle_environment/water/anim_tiles.png build/assets/graphics/battle_environment/water/anim_tiles.png.4bpp 
tools/gbagfx/gbagfx graphics/battle_environment/water/kyogre.pal build/assets/graphics/battle_environment/water/kyogre.pal.gbapal 
tools/compresSmol/compresSmolTilemap graphics/battle_environment/water/map.bin build/assets/graphics/battle_environment/water/map.bin.smolTM 
tools/gbagfx/gbagfx graphics/battle_environment/water/palette.pal build/assets/graphics/battle_environment/water/palette.pal.gbapal 
tools/gbagfx/gbagfx graphics/battle_environment/water/tiles.png build/assets/graphics/battle_environment/water/tiles.png.4bpp 
tools/gbagfx/gbagfx graphics/battle_frontier/arena_judgment_symbols.png build/assets/graphics/battle_frontier/arena_judgment_symbols.png.4bpp 
tools/gbagfx/gbagfx graphics/battle_frontier/arena_judgment_symbols.png build/assets/graphics/battle_frontier/arena_judgment_symbols.png.gbapal 
tools/gbagfx/gbagfx graphics/battle_frontier/dome_anim1.pal build/assets/graphics/battle_frontier/dome_anim1.pal.gbapal 
tools/gbagfx/gbagfx graphics/battle_frontier/dome_anim2.pal build/assets/graphics/battle_frontier/dome_anim2.pal.gbapal 
tools/gbagfx/gbagfx graphics/battle_frontier/dome_anim3.pal build/assets/graphics/battle_frontier/dome_anim3.pal.gbapal 
tools/gbagfx/gbagfx graphics/battle_frontier/dome_anim4.pal build/assets/graphics/battle_frontier/dome_anim4.pal.gbapal 
tools/gbagfx/gbagfx graphics/battle_frontier/factory_screen/menu.png build/assets/graphics/battle_frontier/factory_screen/menu.png.4bpp 
tools/gbagfx/gbagfx graphics/battle_frontier/factory_screen/menu.png build/assets/graphics/battle_frontier/factory_screen/menu.png.gbapal 
tools/compresSmol/compresSmolTilemap graphics/battle_frontier/multi_battle_intro_bg_opponent.bin build/assets/graphics/battle_frontier/multi_battle_intro_bg_opponent.bin.smolTM 
tools/compresSmol/compresSmolTilemap graphics/battle_frontier/multi_battle_intro_bg_player.bin build/assets/graphics/battle_frontier/multi_battle_intro_bg_player.bin.smolTM 
tools/gbagfx/gbagfx graphics/battle_frontier/pyramid_floor.pal build/assets/graphics/battle_frontier/pyramid_floor.pal.gbapal 
tools/gbagfx/gbagfx graphics/battle_frontier/tourney_buttons.pal build/assets/graphics/battle_frontier/tourney_buttons.pal.gbapal 
tools/gbagfx/gbagfx graphics/battle_frontier/tourney_buttons.png build/assets/graphics/battle_frontier/tourney_buttons.png.4bpp 
tools/gbagfx/gbagfx graphics/battle_frontier/tourney_info_card.png build/assets/graphics/battle_frontier/tourney_info_card.png.4bpp 
tools/compresSmol/compresSmolTilemap graphics/battle_frontier/tourney_info_card_bg.bin build/assets/graphics/battle_frontier/tourney_info_card_bg.bin.smolTM 
tools/compresSmol/compresSmolTilemap graphics/battle_frontier/tourney_info_card_tilemap.bin build/assets/graphics/battle_frontier/tourney_info_card_tilemap.bin.smolTM 
tools/gbagfx/gbagfx graphics/battle_frontier/tourney_line.png build/assets/graphics/battle_frontier/tourney_line.png.4bpp 
tools/compresSmol/compresSmolTilemap graphics/battle_frontier/tourney_line_down_map.bin build/assets/graphics/battle_frontier/tourney_line_down_map.bin.smolTM 
tools/compresSmol/compresSmolTilemap graphics/battle_frontier/tourney_line_up_map.bin build/assets/graphics/battle_frontier/tourney_line_up_map.bin.smolTM 
tools/gbagfx/gbagfx graphics/battle_frontier/tourney_match_card_bg.pal build/assets/graphics/battle_frontier/tourney_match_card_bg.pal.gbapal 
tools/compresSmol/compresSmolTilemap graphics/battle_frontier/tourney_tree.bin build/assets/graphics/battle_frontier/tourney_tree.bin.smolTM 
tools/gbagfx/gbagfx graphics/battle_frontier/tourney_tree.png build/assets/graphics/battle_frontier/tourney_tree.png.4bpp 
tools/gbagfx/gbagfx graphics/battle_frontier/tourney_tree.png build/assets/graphics/battle_frontier/tourney_tree.png.gbapal 
tools/gbagfx/gbagfx graphics/battle_interface/ball_display.png build/assets/graphics/battle_interface/ball_display.png.gbapal 
tools/gbagfx/gbagfx graphics/battle_interface/hpbar_anim_unused.png graphics/battle_interface/hpbar_anim_unused.4bpp
tools/gbagfx/gbagfx graphics/battle_interface/ball_status_bar.png build/assets/graphics/battle_interface/ball_status_bar.png.4bpp 
tools/gbagfx/gbagfx graphics/battle_interface/numbers1.png graphics/battle_interface/numbers1.4bpp
tools/gbagfx/gbagfx graphics/battle_interface/ball_status_bar.png build/assets/graphics/battle_interface/ball_status_bar.png.gbapal 
tools/gbagfx/gbagfx graphics/battle_interface/numbers2.png graphics/battle_interface/numbers2.4bpp
tools/gbagfx/gbagfx graphics/battle_interface/enemy_mon_shadow.png build/assets/graphics/battle_interface/enemy_mon_shadow.png.4bpp 
tools/gbagfx/gbagfx graphics/battle_interface/enemy_mon_shadows_sized.png build/assets/graphics/battle_interface/enemy_mon_shadows_sized.png.4bpp 
tools/gbagfx/gbagfx graphics/battle_interface/healthbox_doubles_opponent.png build/assets/graphics/battle_interface/healthbox_doubles_opponent.png_mwidth_8__mheight_4.4bpp -mwidth 8 -mheight 4
tools/gbagfx/gbagfx graphics/battle_interface/healthbox_doubles_player.png build/assets/graphics/battle_interface/healthbox_doubles_player.png_mwidth_8__mheight_4.4bpp -mwidth 8 -mheight 4
tools/gbagfx/gbagfx graphics/battle_interface/healthbox_safari.png build/assets/graphics/battle_interface/healthbox_safari.png_mwidth_8__mheight_8.4bpp -mwidth 8 -mheight 8
tools/gbagfx/gbagfx graphics/battle_interface/healthbox_singles_opponent.png build/assets/graphics/battle_interface/healthbox_singles_opponent.png_mwidth_8__mheight_4.4bpp -mwidth 8 -mheight 4
tools/gbagfx/gbagfx graphics/battle_interface/healthbox_singles_player.png build/assets/graphics/battle_interface/healthbox_singles_player.png_mwidth_8__mheight_8.4bpp -mwidth 8 -mheight 8
tools/gbagfx/gbagfx graphics/battle_interface/hpbar_unused.png build/assets/graphics/battle_interface/hpbar_unused.png.4bpp 
tools/gbagfx/gbagfx graphics/battle_interface/text.pal build/assets/graphics/battle_interface/text.pal.gbapal 
tools/gbagfx/gbagfx graphics/battle_interface/text_pp.pal build/assets/graphics/battle_interface/text_pp.pal.gbapal 
tools/gbagfx/gbagfx graphics/battle_interface/textbox.png build/assets/graphics/battle_interface/textbox.png.4bpp 
tools/compresSmol/compresSmolTilemap graphics/battle_interface/textbox_map.bin build/assets/graphics/battle_interface/textbox_map.bin.smolTM 
tools/gbagfx/gbagfx graphics/battle_interface/unused_window.png build/assets/graphics/battle_interface/unused_window.png.4bpp 
tools/gbagfx/gbagfx graphics/battle_interface/unused_window.png build/assets/graphics/battle_interface/unused_window.png.gbapal 
tools/gbagfx/gbagfx graphics/battle_interface/unused_window2.png build/assets/graphics/battle_interface/unused_window2.png.4bpp 
tools/gbagfx/gbagfx graphics/battle_interface/unused_window2bar.png build/assets/graphics/battle_interface/unused_window2bar.png_num_tiles_5__Wnum_tiles.4bpp -num_tiles 5 -Wnum_tiles
tools/gbagfx/gbagfx graphics/battle_interface/unused_window3.png build/assets/graphics/battle_interface/unused_window3.png.4bpp 
tools/gbagfx/gbagfx graphics/battle_interface/unused_window4.png build/assets/graphics/battle_interface/unused_window4.png.4bpp 
tools/gbagfx/gbagfx graphics/battle_transitions/vs.png build/assets/graphics/battle_transitions/vs.png.4bpp 
tools/compresSmol/compresSmolTilemap graphics/battle_transitions/vs_frame.bin build/assets/graphics/battle_transitions/vs_frame.bin.smolTM 
tools/gbagfx/gbagfx graphics/battle_transitions/vs_frame.png build/assets/graphics/battle_transitions/vs_frame.png.gbapal 
tools/gbagfx/gbagfx graphics/battle_transitions/vs_frame.png build/assets/graphics/battle_transitions/vs_frame.png_num_tiles_16__Wnum_tiles.4bpp -num_tiles 16 -Wnum_tiles
tools/gbagfx/gbagfx graphics/berries/aguav.png build/assets/graphics/berries/aguav.png.4bpp 
tools/gbagfx/gbagfx graphics/berries/aguav.png build/assets/graphics/berries/aguav.png.gbapal 
tools/gbagfx/gbagfx graphics/berries/apicot.png build/assets/graphics/berries/apicot.png.4bpp 
tools/gbagfx/gbagfx graphics/berries/apicot.png build/assets/graphics/berries/apicot.png.gbapal 
tools/gbagfx/gbagfx graphics/berries/aspear.png build/assets/graphics/berries/aspear.png.4bpp 
tools/gbagfx/gbagfx graphics/berries/aspear.png build/assets/graphics/berries/aspear.png.gbapal 
tools/gbagfx/gbagfx graphics/berries/babiri.png build/assets/graphics/berries/babiri.png.4bpp 
tools/gbagfx/gbagfx graphics/berries/babiri.png build/assets/graphics/berries/babiri.png.gbapal 
tools/gbagfx/gbagfx graphics/berries/belue.png build/assets/graphics/berries/belue.png.4bpp 
tools/gbagfx/gbagfx graphics/berries/belue.png build/assets/graphics/berries/belue.png.gbapal 
tools/gbagfx/gbagfx graphics/berries/bluk.png build/assets/graphics/berries/bluk.png.4bpp 
tools/gbagfx/gbagfx graphics/berries/bluk.png build/assets/graphics/berries/bluk.png.gbapal 
tools/gbagfx/gbagfx graphics/berries/charti.png build/assets/graphics/berries/charti.png.4bpp 
tools/gbagfx/gbagfx graphics/berries/charti.png build/assets/graphics/berries/charti.png.gbapal 
tools/gbagfx/gbagfx graphics/berries/cheri.png build/assets/graphics/berries/cheri.png.4bpp 
tools/gbagfx/gbagfx graphics/berries/cheri.png build/assets/graphics/berries/cheri.png.gbapal 
tools/gbagfx/gbagfx graphics/berries/chesto.png build/assets/graphics/berries/chesto.png.4bpp 
tools/gbagfx/gbagfx graphics/berries/chesto.png build/assets/graphics/berries/chesto.png.gbapal 
tools/gbagfx/gbagfx graphics/berries/chilan.png build/assets/graphics/berries/chilan.png.4bpp 
tools/gbagfx/gbagfx graphics/berries/chilan.png build/assets/graphics/berries/chilan.png.gbapal 
tools/gbagfx/gbagfx graphics/berries/chople.png build/assets/graphics/berries/chople.png.4bpp 
tools/gbagfx/gbagfx graphics/berries/chople.png build/assets/graphics/berries/chople.png.gbapal 
tools/gbagfx/gbagfx graphics/berries/coba.png build/assets/graphics/berries/coba.png.4bpp 
tools/gbagfx/gbagfx graphics/berries/coba.png build/assets/graphics/berries/coba.png.gbapal 
tools/gbagfx/gbagfx graphics/berries/colbur.png build/assets/graphics/berries/colbur.png.4bpp 
tools/gbagfx/gbagfx graphics/berries/colbur.png build/assets/graphics/berries/colbur.png.gbapal 
tools/gbagfx/gbagfx graphics/berries/cornn.png build/assets/graphics/berries/cornn.png.4bpp 
tools/gbagfx/gbagfx graphics/berries/cornn.png build/assets/graphics/berries/cornn.png.gbapal 
tools/gbagfx/gbagfx graphics/berries/custap.png build/assets/graphics/berries/custap.png.4bpp 
tools/gbagfx/gbagfx graphics/berries/custap.png build/assets/graphics/berries/custap.png.gbapal 
tools/gbagfx/gbagfx graphics/berries/durin.png build/assets/graphics/berries/durin.png.4bpp 
tools/gbagfx/gbagfx graphics/berries/durin.png build/assets/graphics/berries/durin.png.gbapal 
tools/gbagfx/gbagfx graphics/berries/enigma.png build/assets/graphics/berries/enigma.png.4bpp 
tools/gbagfx/gbagfx graphics/berries/enigma.png build/assets/graphics/berries/enigma.png.gbapal 
tools/gbagfx/gbagfx graphics/berries/figy.png build/assets/graphics/berries/figy.png.4bpp 
tools/gbagfx/gbagfx graphics/berries/figy.png build/assets/graphics/berries/figy.png.gbapal 
tools/gbagfx/gbagfx graphics/berries/ganlon.png build/assets/graphics/berries/ganlon.png.4bpp 
tools/gbagfx/gbagfx graphics/berries/ganlon.png build/assets/graphics/berries/ganlon.png.gbapal 
tools/gbagfx/gbagfx graphics/berries/grepa.png build/assets/graphics/berries/grepa.png.4bpp 
tools/gbagfx/gbagfx graphics/berries/grepa.png build/assets/graphics/berries/grepa.png.gbapal 
tools/gbagfx/gbagfx graphics/berries/haban.png build/assets/graphics/berries/haban.png.4bpp 
tools/gbagfx/gbagfx graphics/berries/haban.png build/assets/graphics/berries/haban.png.gbapal 
tools/gbagfx/gbagfx graphics/berries/hondew.png build/assets/graphics/berries/hondew.png.4bpp 
tools/gbagfx/gbagfx graphics/berries/hondew.png build/assets/graphics/berries/hondew.png.gbapal 
tools/gbagfx/gbagfx graphics/berries/iapapa.png build/assets/graphics/berries/iapapa.png.4bpp 
tools/gbagfx/gbagfx graphics/berries/iapapa.png build/assets/graphics/berries/iapapa.png.gbapal 
tools/gbagfx/gbagfx graphics/berries/jaboca.png build/assets/graphics/berries/jaboca.png.4bpp 
tools/gbagfx/gbagfx graphics/berries/jaboca.png build/assets/graphics/berries/jaboca.png.gbapal 
tools/gbagfx/gbagfx graphics/berries/kasib.png build/assets/graphics/berries/kasib.png.4bpp 
tools/gbagfx/gbagfx graphics/berries/kasib.png build/assets/graphics/berries/kasib.png.gbapal 
tools/gbagfx/gbagfx graphics/berries/kebia.png build/assets/graphics/berries/kebia.png.4bpp 
tools/gbagfx/gbagfx graphics/berries/kebia.png build/assets/graphics/berries/kebia.png.gbapal 
tools/gbagfx/gbagfx graphics/berries/kee.png build/assets/graphics/berries/kee.png.4bpp 
tools/gbagfx/gbagfx graphics/berries/kee.png build/assets/graphics/berries/kee.png.gbapal 
tools/gbagfx/gbagfx graphics/berries/kelpsy.png build/assets/graphics/berries/kelpsy.png.4bpp 
tools/gbagfx/gbagfx graphics/berries/kelpsy.png build/assets/graphics/berries/kelpsy.png.gbapal 
tools/gbagfx/gbagfx graphics/berries/lansat.png build/assets/graphics/berries/lansat.png.4bpp 
tools/gbagfx/gbagfx graphics/berries/lansat.png build/assets/graphics/berries/lansat.png.gbapal 
tools/gbagfx/gbagfx graphics/berries/leppa.png build/assets/graphics/berries/leppa.png.4bpp 
tools/gbagfx/gbagfx graphics/berries/leppa.png build/assets/graphics/berries/leppa.png.gbapal 
tools/gbagfx/gbagfx graphics/berries/liechi.png build/assets/graphics/berries/liechi.png.4bpp 
tools/gbagfx/gbagfx graphics/berries/liechi.png build/assets/graphics/berries/liechi.png.gbapal 
tools/gbagfx/gbagfx graphics/berries/lum.png build/assets/graphics/berries/lum.png.4bpp 
tools/gbagfx/gbagfx graphics/berries/lum.png build/assets/graphics/berries/lum.png.gbapal 
tools/gbagfx/gbagfx graphics/berries/mago.png build/assets/graphics/berries/mago.png.4bpp 
tools/gbagfx/gbagfx graphics/berries/mago.png build/assets/graphics/berries/mago.png.gbapal 
tools/gbagfx/gbagfx graphics/berries/magost.png build/assets/graphics/berries/magost.png.4bpp 
tools/gbagfx/gbagfx graphics/berries/magost.png build/assets/graphics/berries/magost.png.gbapal 
tools/gbagfx/gbagfx graphics/berries/maranga.png build/assets/graphics/berries/maranga.png.4bpp 
tools/gbagfx/gbagfx graphics/berries/maranga.png build/assets/graphics/berries/maranga.png.gbapal 
tools/gbagfx/gbagfx graphics/berries/micle.png build/assets/graphics/berries/micle.png.4bpp 
tools/gbagfx/gbagfx graphics/berries/micle.png build/assets/graphics/berries/micle.png.gbapal 
tools/gbagfx/gbagfx graphics/berries/nanab.png build/assets/graphics/berries/nanab.png.4bpp 
tools/gbagfx/gbagfx graphics/berries/nanab.png build/assets/graphics/berries/nanab.png.gbapal 
tools/gbagfx/gbagfx graphics/berries/nomel.png build/assets/graphics/berries/nomel.png.4bpp 
tools/gbagfx/gbagfx graphics/berries/nomel.png build/assets/graphics/berries/nomel.png.gbapal 
tools/gbagfx/gbagfx graphics/berries/occa.png build/assets/graphics/berries/occa.png.4bpp 
tools/gbagfx/gbagfx graphics/berries/occa.png build/assets/graphics/berries/occa.png.gbapal 
tools/gbagfx/gbagfx graphics/berries/oran.png build/assets/graphics/berries/oran.png.4bpp 
tools/gbagfx/gbagfx graphics/berries/oran.png build/assets/graphics/berries/oran.png.gbapal 
tools/gbagfx/gbagfx graphics/berries/pamtre.png build/assets/graphics/berries/pamtre.png.4bpp 
tools/gbagfx/gbagfx graphics/berries/pamtre.png build/assets/graphics/berries/pamtre.png.gbapal 
tools/gbagfx/gbagfx graphics/berries/passho.png build/assets/graphics/berries/passho.png.4bpp 
tools/gbagfx/gbagfx graphics/berries/passho.png build/assets/graphics/berries/passho.png.gbapal 
tools/gbagfx/gbagfx graphics/berries/payapa.png build/assets/graphics/berries/payapa.png.4bpp 
tools/gbagfx/gbagfx graphics/berries/payapa.png build/assets/graphics/berries/payapa.png.gbapal 
tools/gbagfx/gbagfx graphics/berries/pecha.png build/assets/graphics/berries/pecha.png.4bpp 
tools/gbagfx/gbagfx graphics/berries/pecha.png build/assets/graphics/berries/pecha.png.gbapal 
tools/gbagfx/gbagfx graphics/berries/persim.png build/assets/graphics/berries/persim.png.4bpp 
tools/gbagfx/gbagfx graphics/berries/persim.png build/assets/graphics/berries/persim.png.gbapal 
tools/gbagfx/gbagfx graphics/berries/petaya.png build/assets/graphics/berries/petaya.png.4bpp 
tools/gbagfx/gbagfx graphics/berries/petaya.png build/assets/graphics/berries/petaya.png.gbapal 
tools/gbagfx/gbagfx graphics/berries/pinap.png build/assets/graphics/berries/pinap.png.4bpp 
tools/gbagfx/gbagfx graphics/berries/pinap.png build/assets/graphics/berries/pinap.png.gbapal 
tools/gbagfx/gbagfx graphics/berries/pomeg.png build/assets/graphics/berries/pomeg.png.4bpp 
tools/gbagfx/gbagfx graphics/berries/pomeg.png build/assets/graphics/berries/pomeg.png.gbapal 
tools/gbagfx/gbagfx graphics/berries/qualot.png build/assets/graphics/berries/qualot.png.4bpp 
tools/gbagfx/gbagfx graphics/berries/qualot.png build/assets/graphics/berries/qualot.png.gbapal 
tools/gbagfx/gbagfx graphics/berries/rabuta.png build/assets/graphics/berries/rabuta.png.4bpp 
tools/gbagfx/gbagfx graphics/berries/rabuta.png build/assets/graphics/berries/rabuta.png.gbapal 
tools/gbagfx/gbagfx graphics/berries/rawst.png build/assets/graphics/berries/rawst.png.4bpp 
tools/gbagfx/gbagfx graphics/berries/rawst.png build/assets/graphics/berries/rawst.png.gbapal 
tools/gbagfx/gbagfx graphics/berries/razz.png build/assets/graphics/berries/razz.png.4bpp 
tools/gbagfx/gbagfx graphics/berries/razz.png build/assets/graphics/berries/razz.png.gbapal 
tools/gbagfx/gbagfx graphics/berries/rindo.png build/assets/graphics/berries/rindo.png.4bpp 
tools/gbagfx/gbagfx graphics/berries/rindo.png build/assets/graphics/berries/rindo.png.gbapal 
tools/gbagfx/gbagfx graphics/berries/roseli.png build/assets/graphics/berries/roseli.png.4bpp 
tools/gbagfx/gbagfx graphics/berries/roseli.png build/assets/graphics/berries/roseli.png.gbapal 
tools/gbagfx/gbagfx graphics/berries/rowap.png build/assets/graphics/berries/rowap.png.4bpp 
tools/gbagfx/gbagfx graphics/berries/rowap.png build/assets/graphics/berries/rowap.png.gbapal 
tools/gbagfx/gbagfx graphics/berries/salac.png build/assets/graphics/berries/salac.png.4bpp 
tools/gbagfx/gbagfx graphics/berries/salac.png build/assets/graphics/berries/salac.png.gbapal 
tools/gbagfx/gbagfx graphics/berries/shuca.png build/assets/graphics/berries/shuca.png.4bpp 
tools/gbagfx/gbagfx graphics/berries/shuca.png build/assets/graphics/berries/shuca.png.gbapal 
tools/gbagfx/gbagfx graphics/berries/sitrus.png build/assets/graphics/berries/sitrus.png.4bpp 
tools/gbagfx/gbagfx graphics/berries/sitrus.png build/assets/graphics/berries/sitrus.png.gbapal 
tools/gbagfx/gbagfx graphics/berries/spelon.png build/assets/graphics/berries/spelon.png.4bpp 
tools/gbagfx/gbagfx graphics/berries/spelon.png build/assets/graphics/berries/spelon.png.gbapal 
tools/gbagfx/gbagfx graphics/berries/starf.png build/assets/graphics/berries/starf.png.4bpp 
tools/gbagfx/gbagfx graphics/berries/starf.png build/assets/graphics/berries/starf.png.gbapal 
tools/gbagfx/gbagfx graphics/berries/tamato.png build/assets/graphics/berries/tamato.png.4bpp 
tools/gbagfx/gbagfx graphics/berries/tamato.png build/assets/graphics/berries/tamato.png.gbapal 
tools/gbagfx/gbagfx graphics/berries/tanga.png build/assets/graphics/berries/tanga.png.4bpp 
tools/gbagfx/gbagfx graphics/berries/tanga.png build/assets/graphics/berries/tanga.png.gbapal 
tools/gbagfx/gbagfx graphics/berries/wacan.png build/assets/graphics/berries/wacan.png.4bpp 
tools/gbagfx/gbagfx graphics/berries/wacan.png build/assets/graphics/berries/wacan.png.gbapal 
tools/gbagfx/gbagfx graphics/berries/watmel.png build/assets/graphics/berries/watmel.png.4bpp 
tools/gbagfx/gbagfx graphics/berries/watmel.png build/assets/graphics/berries/watmel.png.gbapal 
tools/gbagfx/gbagfx graphics/berries/wepear.png build/assets/graphics/berries/wepear.png.4bpp 
tools/gbagfx/gbagfx graphics/berries/wepear.png build/assets/graphics/berries/wepear.png.gbapal 
tools/gbagfx/gbagfx graphics/berries/wiki.png build/assets/graphics/berries/wiki.png.4bpp 
tools/gbagfx/gbagfx graphics/berries/wiki.png build/assets/graphics/berries/wiki.png.gbapal 
tools/gbagfx/gbagfx graphics/berries/yache.png build/assets/graphics/berries/yache.png.4bpp 
tools/gbagfx/gbagfx graphics/berries/yache.png build/assets/graphics/berries/yache.png.gbapal 
tools/gbagfx/gbagfx graphics/berry_blender/arrow.png build/assets/graphics/berry_blender/arrow.png.4bpp 
tools/gbagfx/gbagfx graphics/berry_blender/arrow.png build/assets/graphics/berry_blender/arrow.png.gbapal 
tools/gbagfx/gbagfx graphics/berry_blender/arrow_old.png build/assets/graphics/berry_blender/arrow_old.png.4bpp 
tools/gbagfx/gbagfx graphics/berry_blender/center.png build/assets/graphics/berry_blender/center.png.8bpp 
tools/gbagfx/gbagfx graphics/berry_blender/countdown_numbers.png build/assets/graphics/berry_blender/countdown_numbers.png.4bpp 
tools/gbagfx/gbagfx graphics/berry_blender/misc.pal build/assets/graphics/berry_blender/misc.pal.gbapal 
tools/gbagfx/gbagfx graphics/berry_blender/outer.png build/assets/graphics/berry_blender/outer.png.4bpp 
tools/compresSmol/compresSmolTilemap graphics/berry_blender/outer_map.bin build/assets/graphics/berry_blender/outer_map.bin.smolTM 
tools/gbagfx/gbagfx graphics/berry_blender/particles.png build/assets/graphics/berry_blender/particles.png.4bpp 
tools/gbagfx/gbagfx graphics/berry_blender/score_symbols.png build/assets/graphics/berry_blender/score_symbols.png.4bpp 
tools/gbagfx/gbagfx graphics/berry_blender/start.png build/assets/graphics/berry_blender/start.png.4bpp 
tools/gbagfx/gbagfx graphics/berry_crush/crusher.png build/assets/graphics/berry_crush/crusher.png.4bpp 
tools/gbagfx/gbagfx graphics/berry_crush/crusher.png build/assets/graphics/berry_crush/crusher.png.gbapal 
tools/compresSmol/compresSmolTilemap graphics/berry_crush/text_windows.bin build/assets/graphics/berry_crush/text_windows.bin.smolTM 
tools/compresSmol/compresSmolTilemap graphics/berry_fix/gba_connect.bin build/assets/graphics/berry_fix/gba_connect.bin.smolTM 
tools/gbagfx/gbagfx graphics/berry_fix/gba_connect.png build/assets/graphics/berry_fix/gba_connect.png.4bpp 
tools/gbagfx/gbagfx graphics/berry_fix/gba_connect.png build/assets/graphics/berry_fix/gba_connect.png.gbapal 
tools/compresSmol/compresSmolTilemap graphics/berry_fix/gba_transfer.bin build/assets/graphics/berry_fix/gba_transfer.bin.smolTM 
tools/gbagfx/gbagfx graphics/berry_fix/gba_transfer.png build/assets/graphics/berry_fix/gba_transfer.png.4bpp 
tools/gbagfx/gbagfx graphics/berry_fix/gba_transfer.png build/assets/graphics/berry_fix/gba_transfer.png.gbapal 
tools/compresSmol/compresSmolTilemap graphics/berry_fix/gba_transfer_error.bin build/assets/graphics/berry_fix/gba_transfer_error.bin.smolTM 
tools/gbagfx/gbagfx graphics/berry_fix/gba_transfer_error.png build/assets/graphics/berry_fix/gba_transfer_error.png.4bpp 
tools/gbagfx/gbagfx graphics/berry_fix/gba_transfer_error.png build/assets/graphics/berry_fix/gba_transfer_error.png.gbapal 
tools/compresSmol/compresSmolTilemap graphics/berry_fix/gba_transfer_highlight.bin build/assets/graphics/berry_fix/gba_transfer_highlight.bin.smolTM 
tools/gbagfx/gbagfx graphics/berry_fix/gba_transfer_highlight.png build/assets/graphics/berry_fix/gba_transfer_highlight.png.4bpp 
tools/gbagfx/gbagfx graphics/berry_fix/gba_transfer_highlight.png build/assets/graphics/berry_fix/gba_transfer_highlight.png.gbapal 
tools/compresSmol/compresSmolTilemap graphics/berry_fix/logo.bin build/assets/graphics/berry_fix/logo.bin.smolTM 
tools/gbagfx/gbagfx graphics/berry_fix/logo.png build/assets/graphics/berry_fix/logo.png.4bpp 
tools/gbagfx/gbagfx graphics/berry_fix/logo.png build/assets/graphics/berry_fix/logo.png.gbapal 
tools/compresSmol/compresSmolTilemap graphics/berry_fix/window.bin build/assets/graphics/berry_fix/window.bin.smolTM 
tools/gbagfx/gbagfx graphics/berry_fix/window.png build/assets/graphics/berry_fix/window.png.4bpp 
tools/gbagfx/gbagfx graphics/berry_fix/window.png build/assets/graphics/berry_fix/window.png.gbapal 
tools/gbagfx/gbagfx graphics/cable_car/bg.png build/assets/graphics/cable_car/bg.png.4bpp 
tools/gbagfx/gbagfx graphics/cable_car/bg.png build/assets/graphics/cable_car/bg.png.gbapal 
tools/gbagfx/gbagfx graphics/cable_car/cable.png build/assets/graphics/cable_car/cable.png.4bpp 
tools/gbagfx/gbagfx graphics/cable_car/cable_car.png build/assets/graphics/cable_car/cable_car.png.4bpp 
tools/gbagfx/gbagfx graphics/cable_car/cable_car.png build/assets/graphics/cable_car/cable_car.png.gbapal 
tools/gbagfx/gbagfx graphics/cable_car/door.png build/assets/graphics/cable_car/door.png.4bpp 
tools/gbagfx/gbagfx graphics/contest/applause.png build/assets/graphics/contest/applause.png.4bpp 
tools/gbagfx/gbagfx graphics/contest/applause_meter.png build/assets/graphics/contest/applause_meter.png.4bpp 
tools/compresSmol/compresSmolTilemap graphics/contest/audience.bin build/assets/graphics/contest/audience.bin.smolTM 
tools/gbagfx/gbagfx graphics/contest/audience.png build/assets/graphics/contest/audience.png.4bpp 
tools/compresSmol/compresSmolTilemap graphics/contest/curtain.bin build/assets/graphics/contest/curtain.bin.smolTM 
tools/gbagfx/gbagfx graphics/contest/faces.png build/assets/graphics/contest/faces.png.4bpp 
tools/compresSmol/compresSmolTilemap graphics/contest/interface.bin build/assets/graphics/contest/interface.bin.smolTM 
tools/gbagfx/gbagfx graphics/contest/interface.png build/assets/graphics/contest/interface.png.4bpp 
tools/gbagfx/gbagfx graphics/contest/interface.png build/assets/graphics/contest/interface.png.gbapal 
tools/gbagfx/gbagfx graphics/contest/japanese/frame_1.png graphics/contest/japanese/frame_1.4bpp
tools/gbagfx/gbagfx graphics/contest/japanese/floor.png graphics/contest/japanese/floor.4bpp
tools/gbagfx/gbagfx graphics/contest/japanese/frame_2.png graphics/contest/japanese/frame_2.4bpp
tools/gbagfx/gbagfx graphics/contest/japanese/symbols.png graphics/contest/japanese/symbols.4bpp
tools/gbagfx/gbagfx graphics/contest/japanese/meter.png graphics/contest/japanese/meter.4bpp
tools/compresSmol/compresSmolTilemap graphics/contest/japanese/audience.bin build/assets/graphics/contest/japanese/audience.bin.smolTM 
tools/compresSmol/compresSmolTilemap graphics/contest/japanese/bg.bin build/assets/graphics/contest/japanese/bg.bin.smolTM 
tools/gbagfx/gbagfx graphics/contest/japanese/letters.png graphics/contest/japanese/letters.4bpp
tools/gbagfx/gbagfx graphics/contest/japanese/numbers.png graphics/contest/japanese/numbers.4bpp
tools/gbagfx/gbagfx graphics/contest/japanese/interface.png graphics/contest/japanese/interface.4bpp
tools/gbagfx/gbagfx graphics/contest/japanese/audience.png graphics/contest/japanese/audience.4bpp
tools/compresSmol/compresSmolTilemap graphics/contest/japanese/interface.bin build/assets/graphics/contest/japanese/interface.bin.smolTM 
tools/gbagfx/gbagfx graphics/contest/japanese/palette.pal build/assets/graphics/contest/japanese/palette.pal.gbapal 
tools/gbagfx/gbagfx graphics/contest/japanese/voltage.png build/assets/graphics/contest/japanese/voltage.png.gbapal 
tools/gbagfx/gbagfx graphics/contest/japanese/voltage.png build/assets/graphics/contest/japanese/voltage.png_num_tiles_36__Wnum_tiles.4bpp -num_tiles 36 -Wnum_tiles
tools/gbagfx/gbagfx graphics/contest/judge.png build/assets/graphics/contest/judge.png.4bpp 
tools/compresSmol/compresSmolTilemap graphics/contest/japanese/windows.bin build/assets/graphics/contest/japanese/windows.bin.smolTM 
tools/gbagfx/gbagfx graphics/contest/judge.png build/assets/graphics/contest/judge.png.gbapal 
tools/gbagfx/gbagfx graphics/contest/judge_symbols.png build/assets/graphics/contest/judge_symbols.png.4bpp 
tools/gbagfx/gbagfx graphics/contest/judge_symbols.png build/assets/graphics/contest/judge_symbols.png.gbapal 
tools/gbagfx/gbagfx graphics/contest/nextturn.png build/assets/graphics/contest/nextturn.png.4bpp 
tools/gbagfx/gbagfx graphics/contest/nextturn.png build/assets/graphics/contest/nextturn.png.gbapal 
tools/gbagfx/gbagfx graphics/contest/nextturn_numbers.png build/assets/graphics/contest/nextturn_numbers.png.4bpp 
tools/gbagfx/gbagfx graphics/contest/nextturn_random.png build/assets/graphics/contest/nextturn_random.png.4bpp 
tools/compresSmol/compresSmolTilemap graphics/contest/results_screen/bg.bin build/assets/graphics/contest/results_screen/bg.bin.smolTM 
tools/compresSmol/compresSmolTilemap graphics/contest/results_screen/interface.bin build/assets/graphics/contest/results_screen/interface.bin.smolTM 
tools/gbagfx/gbagfx graphics/contest/results_screen/tiles.png build/assets/graphics/contest/results_screen/tiles.png.4bpp 
tools/gbagfx/gbagfx graphics/contest/results_screen/tiles.png build/assets/graphics/contest/results_screen/tiles.png.gbapal 
tools/compresSmol/compresSmolTilemap graphics/contest/results_screen/winner_banner.bin build/assets/graphics/contest/results_screen/winner_banner.bin.smolTM 
tools/gbagfx/gbagfx graphics/contest/slider_heart.png build/assets/graphics/contest/slider_heart.png.4bpp 
tools/gbagfx/gbagfx graphics/decorations/attract_mat.png build/assets/graphics/decorations/attract_mat.png.4bpp 
tools/gbagfx/gbagfx graphics/decorations/attract_mat.png build/assets/graphics/decorations/attract_mat.png.gbapal 
tools/gbagfx/gbagfx graphics/decorations/big_plant.png build/assets/graphics/decorations/big_plant.png.4bpp 
tools/gbagfx/gbagfx graphics/decorations/big_plant.png build/assets/graphics/decorations/big_plant.png.gbapal 
tools/gbagfx/gbagfx graphics/decorations/blastoise_doll.png build/assets/graphics/decorations/blastoise_doll.png.4bpp 
tools/gbagfx/gbagfx graphics/decorations/blastoise_doll.png build/assets/graphics/decorations/blastoise_doll.png.gbapal 
tools/gbagfx/gbagfx graphics/decorations/blue_brick.png build/assets/graphics/decorations/blue_brick.png.4bpp 
tools/gbagfx/gbagfx graphics/decorations/blue_brick.png build/assets/graphics/decorations/blue_brick.png.gbapal 
tools/gbagfx/gbagfx graphics/decorations/blue_tent.png build/assets/graphics/decorations/blue_tent.png.4bpp 
tools/gbagfx/gbagfx graphics/decorations/blue_tent.png build/assets/graphics/decorations/blue_tent.png.gbapal 
tools/gbagfx/gbagfx graphics/decorations/breakable_door.png build/assets/graphics/decorations/breakable_door.png.4bpp 
tools/gbagfx/gbagfx graphics/decorations/breakable_door.png build/assets/graphics/decorations/breakable_door.png.gbapal 
tools/gbagfx/gbagfx graphics/decorations/brick_desk.png build/assets/graphics/decorations/brick_desk.png.4bpp 
tools/gbagfx/gbagfx graphics/decorations/brick_desk.png build/assets/graphics/decorations/brick_desk.png.gbapal 
tools/gbagfx/gbagfx graphics/decorations/camp_desk.png build/assets/graphics/decorations/camp_desk.png.4bpp 
tools/gbagfx/gbagfx graphics/decorations/camp_desk.png build/assets/graphics/decorations/camp_desk.png.gbapal 
tools/gbagfx/gbagfx graphics/decorations/charizard_doll.png build/assets/graphics/decorations/charizard_doll.png.4bpp 
tools/gbagfx/gbagfx graphics/decorations/charizard_doll.png build/assets/graphics/decorations/charizard_doll.png.gbapal 
tools/gbagfx/gbagfx graphics/decorations/colorful_plant.png build/assets/graphics/decorations/colorful_plant.png.4bpp 
tools/gbagfx/gbagfx graphics/decorations/colorful_plant.png build/assets/graphics/decorations/colorful_plant.png.gbapal 
tools/gbagfx/gbagfx graphics/decorations/comfort_desk.png build/assets/graphics/decorations/comfort_desk.png.4bpp 
tools/gbagfx/gbagfx graphics/decorations/comfort_desk.png build/assets/graphics/decorations/comfort_desk.png.gbapal 
tools/gbagfx/gbagfx graphics/decorations/fire_blast_mat.png build/assets/graphics/decorations/fire_blast_mat.png.4bpp 
tools/gbagfx/gbagfx graphics/decorations/fire_blast_mat.png build/assets/graphics/decorations/fire_blast_mat.png.gbapal 
tools/gbagfx/gbagfx graphics/decorations/fissure_mat.png build/assets/graphics/decorations/fissure_mat.png.4bpp 
tools/gbagfx/gbagfx graphics/decorations/fissure_mat.png build/assets/graphics/decorations/fissure_mat.png.gbapal 
tools/gbagfx/gbagfx graphics/decorations/glass_ornament.png build/assets/graphics/decorations/glass_ornament.png.4bpp 
tools/gbagfx/gbagfx graphics/decorations/glass_ornament.png build/assets/graphics/decorations/glass_ornament.png.gbapal 
tools/gbagfx/gbagfx graphics/decorations/gorgeous_plant.png build/assets/graphics/decorations/gorgeous_plant.png.4bpp 
tools/gbagfx/gbagfx graphics/decorations/gorgeous_plant.png build/assets/graphics/decorations/gorgeous_plant.png.gbapal 
tools/gbagfx/gbagfx graphics/decorations/hard_desk.png build/assets/graphics/decorations/hard_desk.png.4bpp 
tools/gbagfx/gbagfx graphics/decorations/hard_desk.png build/assets/graphics/decorations/hard_desk.png.gbapal 
tools/gbagfx/gbagfx graphics/decorations/heavy_desk.png build/assets/graphics/decorations/heavy_desk.png.4bpp 
tools/gbagfx/gbagfx graphics/decorations/heavy_desk.png build/assets/graphics/decorations/heavy_desk.png.gbapal 
tools/gbagfx/gbagfx graphics/decorations/lapras_doll.png build/assets/graphics/decorations/lapras_doll.png.4bpp 
tools/gbagfx/gbagfx graphics/decorations/lapras_doll.png build/assets/graphics/decorations/lapras_doll.png.gbapal 
tools/gbagfx/gbagfx graphics/decorations/powder_snow_mat.png build/assets/graphics/decorations/powder_snow_mat.png.4bpp 
tools/gbagfx/gbagfx graphics/decorations/powder_snow_mat.png build/assets/graphics/decorations/powder_snow_mat.png.gbapal 
tools/gbagfx/gbagfx graphics/decorations/pretty_desk.png build/assets/graphics/decorations/pretty_desk.png.4bpp 
tools/gbagfx/gbagfx graphics/decorations/pretty_desk.png build/assets/graphics/decorations/pretty_desk.png.gbapal 
tools/gbagfx/gbagfx graphics/decorations/pretty_flowers.png build/assets/graphics/decorations/pretty_flowers.png.4bpp 
tools/gbagfx/gbagfx graphics/decorations/pretty_flowers.png build/assets/graphics/decorations/pretty_flowers.png.gbapal 
tools/gbagfx/gbagfx graphics/decorations/ragged_desk.png build/assets/graphics/decorations/ragged_desk.png.4bpp 
tools/gbagfx/gbagfx graphics/decorations/ragged_desk.png build/assets/graphics/decorations/ragged_desk.png.gbapal 
tools/gbagfx/gbagfx graphics/decorations/red_brick.png build/assets/graphics/decorations/red_brick.png.4bpp 
tools/gbagfx/gbagfx graphics/decorations/red_brick.png build/assets/graphics/decorations/red_brick.png.gbapal 
tools/gbagfx/gbagfx graphics/decorations/red_plant.png build/assets/graphics/decorations/red_plant.png.4bpp 
tools/gbagfx/gbagfx graphics/decorations/red_plant.png build/assets/graphics/decorations/red_plant.png.gbapal 
tools/gbagfx/gbagfx graphics/decorations/red_tent.png build/assets/graphics/decorations/red_tent.png.4bpp 
tools/gbagfx/gbagfx graphics/decorations/red_tent.png build/assets/graphics/decorations/red_tent.png.gbapal 
tools/gbagfx/gbagfx graphics/decorations/regice_doll.png build/assets/graphics/decorations/regice_doll.png.4bpp 
tools/gbagfx/gbagfx graphics/decorations/regice_doll.png build/assets/graphics/decorations/regice_doll.png.gbapal 
tools/gbagfx/gbagfx graphics/decorations/regirock_doll.png build/assets/graphics/decorations/regirock_doll.png.4bpp 
tools/gbagfx/gbagfx graphics/decorations/regirock_doll.png build/assets/graphics/decorations/regirock_doll.png.gbapal 
tools/gbagfx/gbagfx graphics/decorations/registeel_doll.png build/assets/graphics/decorations/registeel_doll.png.4bpp 
tools/gbagfx/gbagfx graphics/decorations/registeel_doll.png build/assets/graphics/decorations/registeel_doll.png.gbapal 
tools/gbagfx/gbagfx graphics/decorations/rhydon_doll.png build/assets/graphics/decorations/rhydon_doll.png.4bpp 
tools/gbagfx/gbagfx graphics/decorations/rhydon_doll.png build/assets/graphics/decorations/rhydon_doll.png.gbapal 
tools/gbagfx/gbagfx graphics/decorations/sand_ornament.png build/assets/graphics/decorations/sand_ornament.png.4bpp 
tools/gbagfx/gbagfx graphics/decorations/sand_ornament.png build/assets/graphics/decorations/sand_ornament.png.gbapal 
tools/gbagfx/gbagfx graphics/decorations/slide.png build/assets/graphics/decorations/slide.png.4bpp 
tools/gbagfx/gbagfx graphics/decorations/slide.png build/assets/graphics/decorations/slide.png.gbapal 
tools/gbagfx/gbagfx graphics/decorations/snorlax_doll.png build/assets/graphics/decorations/snorlax_doll.png.4bpp 
tools/gbagfx/gbagfx graphics/decorations/snorlax_doll.png build/assets/graphics/decorations/snorlax_doll.png.gbapal 
tools/gbagfx/gbagfx graphics/decorations/solid_board.png build/assets/graphics/decorations/solid_board.png.4bpp 
tools/gbagfx/gbagfx graphics/decorations/solid_board.png build/assets/graphics/decorations/solid_board.png.gbapal 
tools/gbagfx/gbagfx graphics/decorations/spikes_mat.png build/assets/graphics/decorations/spikes_mat.png.4bpp 
tools/gbagfx/gbagfx graphics/decorations/spikes_mat.png build/assets/graphics/decorations/spikes_mat.png.gbapal 
tools/gbagfx/gbagfx graphics/decorations/stand.png build/assets/graphics/decorations/stand.png.4bpp 
tools/gbagfx/gbagfx graphics/decorations/stand.png build/assets/graphics/decorations/stand.png.gbapal 
tools/gbagfx/gbagfx graphics/decorations/surf_mat.png build/assets/graphics/decorations/surf_mat.png.4bpp 
tools/gbagfx/gbagfx graphics/decorations/surf_mat.png build/assets/graphics/decorations/surf_mat.png.gbapal 
tools/gbagfx/gbagfx graphics/decorations/thunder_mat.png build/assets/graphics/decorations/thunder_mat.png.4bpp 
tools/gbagfx/gbagfx graphics/decorations/thunder_mat.png build/assets/graphics/decorations/thunder_mat.png.gbapal 
tools/gbagfx/gbagfx graphics/decorations/tire.png build/assets/graphics/decorations/tire.png.4bpp 
tools/gbagfx/gbagfx graphics/decorations/tire.png build/assets/graphics/decorations/tire.png.gbapal 
tools/gbagfx/gbagfx graphics/decorations/tropical_plant.png build/assets/graphics/decorations/tropical_plant.png.4bpp 
tools/gbagfx/gbagfx graphics/decorations/tropical_plant.png build/assets/graphics/decorations/tropical_plant.png.gbapal 
tools/gbagfx/gbagfx graphics/decorations/venusaur_doll.png build/assets/graphics/decorations/venusaur_doll.png.4bpp 
tools/gbagfx/gbagfx graphics/decorations/venusaur_doll.png build/assets/graphics/decorations/venusaur_doll.png.gbapal 
tools/gbagfx/gbagfx graphics/decorations/wailmer_doll.png build/assets/graphics/decorations/wailmer_doll.png.4bpp 
tools/gbagfx/gbagfx graphics/decorations/wailmer_doll.png build/assets/graphics/decorations/wailmer_doll.png.gbapal 
tools/gbagfx/gbagfx graphics/decorations/yellow_brick.png build/assets/graphics/decorations/yellow_brick.png.4bpp 
tools/gbagfx/gbagfx graphics/decorations/yellow_brick.png build/assets/graphics/decorations/yellow_brick.png.gbapal 
tools/gbagfx/gbagfx graphics/easy_chat/button_window.png build/assets/graphics/easy_chat/button_window.png.4bpp 
tools/gbagfx/gbagfx graphics/easy_chat/button_window.png build/assets/graphics/easy_chat/button_window.png.gbapal 
tools/gbagfx/gbagfx graphics/easy_chat/mode.png build/assets/graphics/easy_chat/mode.png.4bpp 
tools/gbagfx/gbagfx graphics/easy_chat/mode.png build/assets/graphics/easy_chat/mode.png.gbapal 
tools/gbagfx/gbagfx graphics/easy_chat/rectangle_cursor.png build/assets/graphics/easy_chat/rectangle_cursor.png.4bpp 
tools/gbagfx/gbagfx graphics/easy_chat/rectangle_cursor.png build/assets/graphics/easy_chat/rectangle_cursor.png.gbapal 
tools/compresSmol/compresSmolTilemap graphics/easy_chat/window.bin build/assets/graphics/easy_chat/window.bin.smolTM 
tools/gbagfx/gbagfx graphics/easy_chat/window.png build/assets/graphics/easy_chat/window.png.4bpp 
tools/compresSmol/compresSmolTilemap graphics/frontier_pass/bg.bin build/assets/graphics/frontier_pass/bg.bin.smolTM 
tools/gbagfx/gbagfx graphics/frontier_pass/bg.png build/assets/graphics/frontier_pass/bg.png.4bpp 
tools/gbagfx/gbagfx graphics/frontier_pass/bg.png build/assets/graphics/frontier_pass/bg.png.gbapal 
tools/gbagfx/gbagfx graphics/frontier_pass/cursor.png build/assets/graphics/frontier_pass/cursor.png.gbapal 
tools/gbagfx/gbagfx graphics/frontier_pass/gold.pal build/assets/graphics/frontier_pass/gold.pal.gbapal 
tools/gbagfx/gbagfx graphics/frontier_pass/map_and_card.png build/assets/graphics/frontier_pass/map_and_card.png.8bpp 
tools/gbagfx/gbagfx graphics/frontier_pass/map_cursor.png build/assets/graphics/frontier_pass/map_cursor.png.gbapal 
tools/gbagfx/gbagfx graphics/frontier_pass/medals.png build/assets/graphics/frontier_pass/medals.png.4bpp 
tools/gbagfx/gbagfx graphics/frontier_pass/silver.pal build/assets/graphics/frontier_pass/silver.pal.gbapal 
tools/gbagfx/gbagfx graphics/interface/blank.png build/assets/graphics/interface/blank.png.4bpp 
tools/gbagfx/gbagfx graphics/interface/category_icons.png build/assets/graphics/interface/category_icons.png.4bpp 
tools/gbagfx/gbagfx graphics/interface/category_icons.png build/assets/graphics/interface/category_icons.png.gbapal 
tools/gbagfx/gbagfx graphics/interface/menu_info.png build/assets/graphics/interface/menu_info.png.4bpp 
tools/gbagfx/gbagfx graphics/interface/menu_info1.pal build/assets/graphics/interface/menu_info1.pal.gbapal 
tools/gbagfx/gbagfx graphics/interface/menu_info2.pal build/assets/graphics/interface/menu_info2.pal.gbapal 
tools/gbagfx/gbagfx graphics/interface/menu_info3.pal build/assets/graphics/interface/menu_info3.pal.gbapal 
tools/gbagfx/gbagfx graphics/interface/mon_markings_menu.png build/assets/graphics/interface/mon_markings_menu.png.4bpp 
tools/gbagfx/gbagfx graphics/interface/mon_markings_menu.png build/assets/graphics/interface/mon_markings_menu.png.gbapal 
tools/gbagfx/gbagfx graphics/interface/status_icons.png build/assets/graphics/interface/status_icons.png.4bpp 
tools/gbagfx/gbagfx graphics/interface/status_icons.png build/assets/graphics/interface/status_icons.png.gbapal 
tools/gbagfx/gbagfx graphics/interface/swap_line.png build/assets/graphics/interface/swap_line.png.4bpp 
tools/gbagfx/gbagfx graphics/interface/swap_line.png build/assets/graphics/interface/swap_line.png.gbapal 
tools/compresSmol/compresSmolTilemap graphics/intro/copyright.bin build/assets/graphics/intro/copyright.bin.smolTM 
tools/gbagfx/gbagfx graphics/intro/copyright.png build/assets/graphics/intro/copyright.png.4bpp 
tools/gbagfx/gbagfx graphics/intro/copyright.png build/assets/graphics/intro/copyright.png.gbapal 
tools/gbagfx/gbagfx graphics/intro/scene_1/flygon.png build/assets/graphics/intro/scene_1/flygon.png.4bpp 
tools/gbagfx/gbagfx graphics/intro/scene_1/sparkle.png build/assets/graphics/intro/scene_1/sparkle.png.4bpp 
tools/gbagfx/gbagfx graphics/intro/scene_1/text.pal build/assets/graphics/intro/scene_1/text.pal.gbapal 
tools/gbagfx/gbagfx graphics/intro/scene_2/brendan.png build/assets/graphics/intro/scene_2/brendan.png.4bpp 
tools/gbagfx/gbagfx graphics/intro/scene_2/flygon.png build/assets/graphics/intro/scene_2/flygon.png.4bpp 
tools/gbagfx/gbagfx graphics/intro/scene_2/flygon.png build/assets/graphics/intro/scene_2/flygon.png.gbapal 
tools/gbagfx/gbagfx graphics/intro/scene_2/manectric.png build/assets/graphics/intro/scene_2/manectric.png.4bpp 
tools/gbagfx/gbagfx graphics/intro/scene_2/manectric.png build/assets/graphics/intro/scene_2/manectric.png.gbapal 
tools/gbagfx/gbagfx graphics/intro/scene_2/may.png build/assets/graphics/intro/scene_2/may.png.4bpp 
tools/gbagfx/gbagfx graphics/intro/scene_2/player.pal build/assets/graphics/intro/scene_2/player.pal.gbapal 
tools/gbagfx/gbagfx graphics/intro/scene_2/torchic.png build/assets/graphics/intro/scene_2/torchic.png.4bpp 
tools/gbagfx/gbagfx graphics/intro/scene_2/torchic.png build/assets/graphics/intro/scene_2/torchic.png.gbapal 
tools/gbagfx/gbagfx graphics/intro/scene_2/volbeat.png build/assets/graphics/intro/scene_2/volbeat.png.4bpp 
tools/gbagfx/gbagfx graphics/intro/scene_2/volbeat.png build/assets/graphics/intro/scene_2/volbeat.png.gbapal 
tools/gbagfx/gbagfx graphics/intro/scene_3/bg.pal build/assets/graphics/intro/scene_3/bg.pal.gbapal 
tools/gbagfx/gbagfx graphics/intro/scene_3/bubbles.png build/assets/graphics/intro/scene_3/bubbles.png.4bpp 
tools/gbagfx/gbagfx graphics/intro/scene_3/bubbles.png build/assets/graphics/intro/scene_3/bubbles.png.gbapal 
tools/gbagfx/gbagfx graphics/intro/scene_3/clouds.png build/assets/graphics/intro/scene_3/clouds.png.4bpp 
tools/compresSmol/compresSmolTilemap graphics/intro/scene_3/clouds_left.bin build/assets/graphics/intro/scene_3/clouds_left.bin.smolTM 
tools/compresSmol/compresSmolTilemap graphics/intro/scene_3/clouds_right.bin build/assets/graphics/intro/scene_3/clouds_right.bin.smolTM 
tools/compresSmol/compresSmolTilemap graphics/intro/scene_3/clouds_sun.bin build/assets/graphics/intro/scene_3/clouds_sun.bin.smolTM 
tools/compresSmol/compresSmolTilemap graphics/intro/scene_3/groudon.bin build/assets/graphics/intro/scene_3/groudon.bin.smolTM 
tools/gbagfx/gbagfx graphics/intro/scene_3/groudon.png build/assets/graphics/intro/scene_3/groudon.png.8bpp 
tools/compresSmol/compresSmolTilemap graphics/intro/scene_3/groudon_bg.bin build/assets/graphics/intro/scene_3/groudon_bg.bin.smolTM 
tools/compresSmol/compresSmolTilemap graphics/intro/scene_3/kyogre.bin build/assets/graphics/intro/scene_3/kyogre.bin.smolTM 
tools/gbagfx/gbagfx graphics/intro/scene_3/kyogre.png build/assets/graphics/intro/scene_3/kyogre.png.8bpp 
tools/compresSmol/compresSmolTilemap graphics/intro/scene_3/kyogre_bg.bin build/assets/graphics/intro/scene_3/kyogre_bg.bin.smolTM 
tools/gbagfx/gbagfx graphics/intro/scene_3/legend_bg.png build/assets/graphics/intro/scene_3/legend_bg.png.4bpp 
tools/gbagfx/gbagfx graphics/intro/scene_3/lightning.png build/assets/graphics/intro/scene_3/lightning.png.4bpp 
tools/gbagfx/gbagfx graphics/intro/scene_3/lightning.png build/assets/graphics/intro/scene_3/lightning.png.gbapal 
tools/compresSmol/compresSmolTilemap graphics/intro/scene_3/rayquaza.bin build/assets/graphics/intro/scene_3/rayquaza.bin.smolTM 
tools/gbagfx/gbagfx graphics/intro/scene_3/rayquaza.png build/assets/graphics/intro/scene_3/rayquaza.png.4bpp 
tools/compresSmol/compresSmolTilemap graphics/intro/scene_3/rayquaza_clouds.bin build/assets/graphics/intro/scene_3/rayquaza_clouds.bin.smolTM 
tools/gbagfx/gbagfx graphics/intro/scene_3/rayquaza_clouds.png build/assets/graphics/intro/scene_3/rayquaza_clouds.png.4bpp 
tools/compresSmol/compresSmolTilemap graphics/intro/scene_3/unused_1.bin build/assets/graphics/intro/scene_3/unused_1.bin.smolTM 
tools/compresSmol/compresSmolTilemap graphics/intro/scene_3/unused_2.bin build/assets/graphics/intro/scene_3/unused_2.bin.smolTM 
tools/gbagfx/gbagfx graphics/items/icon_palettes/ability_capsule.pal build/assets/graphics/items/icon_palettes/ability_capsule.pal.gbapal 
tools/gbagfx/gbagfx graphics/items/icon_palettes/ability_patch.pal build/assets/graphics/items/icon_palettes/ability_patch.pal.gbapal 
tools/gbagfx/gbagfx graphics/items/icon_palettes/ability_shield.pal build/assets/graphics/items/icon_palettes/ability_shield.pal.gbapal 
tools/gbagfx/gbagfx graphics/items/icon_palettes/abomasite.pal build/assets/graphics/items/icon_palettes/abomasite.pal.gbapal 
tools/gbagfx/gbagfx graphics/items/icon_palettes/absolite.pal build/assets/graphics/items/icon_palettes/absolite.pal.gbapal 
tools/gbagfx/gbagfx graphics/items/icon_palettes/absolite_z.pal build/assets/graphics/items/icon_palettes/absolite_z.pal.gbapal 
tools/gbagfx/gbagfx graphics/items/icon_palettes/absorb_bulb.pal build/assets/graphics/items/icon_palettes/absorb_bulb.pal.gbapal 
tools/gbagfx/gbagfx graphics/items/icon_palettes/acro_bike.pal build/assets/graphics/items/icon_palettes/acro_bike.pal.gbapal 
tools/gbagfx/gbagfx graphics/items/icon_palettes/adamant_crystal.pal build/assets/graphics/items/icon_palettes/adamant_crystal.pal.gbapal 
tools/gbagfx/gbagfx graphics/items/icon_palettes/adamant_orb.pal build/assets/graphics/items/icon_palettes/adamant_orb.pal.gbapal 
tools/gbagfx/gbagfx graphics/items/icon_palettes/adrenaline_orb.pal build/assets/graphics/items/icon_palettes/adrenaline_orb.pal.gbapal 
tools/gbagfx/gbagfx graphics/items/icon_palettes/aerodactylite.pal build/assets/graphics/items/icon_palettes/aerodactylite.pal.gbapal 
tools/gbagfx/gbagfx graphics/items/icon_palettes/aggronite.pal build/assets/graphics/items/icon_palettes/aggronite.pal.gbapal 
tools/gbagfx/gbagfx graphics/items/icon_palettes/aguav_berry.pal build/assets/graphics/items/icon_palettes/aguav_berry.pal.gbapal 
tools/gbagfx/gbagfx graphics/items/icon_palettes/air_balloon.pal build/assets/graphics/items/icon_palettes/air_balloon.pal.gbapal 
tools/gbagfx/gbagfx graphics/items/icon_palettes/alakazite.pal build/assets/graphics/items/icon_palettes/alakazite.pal.gbapal 
tools/gbagfx/gbagfx graphics/items/icon_palettes/aloraichium_z.pal build/assets/graphics/items/icon_palettes/aloraichium_z.pal.gbapal 
tools/gbagfx/gbagfx graphics/items/icon_palettes/altarianite.pal build/assets/graphics/items/icon_palettes/altarianite.pal.gbapal 
tools/gbagfx/gbagfx graphics/items/icon_palettes/amaze_mulch.pal build/assets/graphics/items/icon_palettes/amaze_mulch.pal.gbapal 
tools/gbagfx/gbagfx graphics/items/icon_palettes/ampharosite.pal build/assets/graphics/items/icon_palettes/ampharosite.pal.gbapal 
tools/gbagfx/gbagfx graphics/items/icon_palettes/amulet_coin.pal build/assets/graphics/items/icon_palettes/amulet_coin.pal.gbapal 
tools/gbagfx/gbagfx graphics/items/icon_palettes/antidote.pal build/assets/graphics/items/icon_palettes/antidote.pal.gbapal 
tools/gbagfx/gbagfx graphics/items/icon_palettes/apicot_berry.pal build/assets/graphics/items/icon_palettes/apicot_berry.pal.gbapal 
tools/gbagfx/gbagfx graphics/items/icon_palettes/armor_fossil.pal build/assets/graphics/items/icon_palettes/armor_fossil.pal.gbapal 
tools/gbagfx/gbagfx graphics/items/icon_palettes/armorite_ore.pal build/assets/graphics/items/icon_palettes/armorite_ore.pal.gbapal 
tools/gbagfx/gbagfx graphics/items/icon_palettes/aspear_berry.pal build/assets/graphics/items/icon_palettes/aspear_berry.pal.gbapal 
tools/gbagfx/gbagfx graphics/items/icon_palettes/assault_vest.pal build/assets/graphics/items/icon_palettes/assault_vest.pal.gbapal 
tools/gbagfx/gbagfx graphics/items/icon_palettes/audinite.pal build/assets/graphics/items/icon_palettes/audinite.pal.gbapal 
tools/gbagfx/gbagfx graphics/items/icon_palettes/aurora_ticket.pal build/assets/graphics/items/icon_palettes/aurora_ticket.pal.gbapal 
tools/gbagfx/gbagfx graphics/items/icon_palettes/auspicious_armor.pal build/assets/graphics/items/icon_palettes/auspicious_armor.pal.gbapal 
tools/gbagfx/gbagfx graphics/items/icon_palettes/aux_evasion.pal build/assets/graphics/items/icon_palettes/aux_evasion.pal.gbapal 
tools/gbagfx/gbagfx graphics/items/icon_palettes/aux_guard.pal build/assets/graphics/items/icon_palettes/aux_guard.pal.gbapal 
tools/gbagfx/gbagfx graphics/items/icon_palettes/aux_power.pal build/assets/graphics/items/icon_palettes/aux_power.pal.gbapal 
tools/gbagfx/gbagfx graphics/items/icon_palettes/aux_powerguard.pal build/assets/graphics/items/icon_palettes/aux_powerguard.pal.gbapal 
tools/gbagfx/gbagfx graphics/items/icon_palettes/awakening.pal build/assets/graphics/items/icon_palettes/awakening.pal.gbapal 
tools/gbagfx/gbagfx graphics/items/icon_palettes/babiri_berry.pal build/assets/graphics/items/icon_palettes/babiri_berry.pal.gbapal 
tools/gbagfx/gbagfx graphics/items/icon_palettes/balm_mushroom.pal build/assets/graphics/items/icon_palettes/balm_mushroom.pal.gbapal 
tools/gbagfx/gbagfx graphics/items/icon_palettes/banettite.pal build/assets/graphics/items/icon_palettes/banettite.pal.gbapal 
tools/gbagfx/gbagfx graphics/items/icon_palettes/barbaracite.pal build/assets/graphics/items/icon_palettes/barbaracite.pal.gbapal 
tools/gbagfx/gbagfx graphics/items/icon_palettes/baxcalibrite.pal build/assets/graphics/items/icon_palettes/baxcalibrite.pal.gbapal 
tools/gbagfx/gbagfx graphics/items/icon_palettes/bead_mail.pal build/assets/graphics/items/icon_palettes/bead_mail.pal.gbapal 
tools/gbagfx/gbagfx graphics/items/icon_palettes/beast_ball.pal build/assets/graphics/items/icon_palettes/beast_ball.pal.gbapal 
tools/gbagfx/gbagfx graphics/items/icon_palettes/beedrillite.pal build/assets/graphics/items/icon_palettes/beedrillite.pal.gbapal 
tools/gbagfx/gbagfx graphics/items/icon_palettes/belue_berry.pal build/assets/graphics/items/icon_palettes/belue_berry.pal.gbapal 
tools/gbagfx/gbagfx graphics/items/icon_palettes/berry_juice.pal build/assets/graphics/items/icon_palettes/berry_juice.pal.gbapal 
tools/gbagfx/gbagfx graphics/items/icon_palettes/berry_pouch.pal build/assets/graphics/items/icon_palettes/berry_pouch.pal.gbapal 
tools/gbagfx/gbagfx graphics/items/icon_palettes/berry_sweet.pal build/assets/graphics/items/icon_palettes/berry_sweet.pal.gbapal 
tools/gbagfx/gbagfx graphics/items/icon_palettes/berserk_gene.pal build/assets/graphics/items/icon_palettes/berserk_gene.pal.gbapal 
tools/gbagfx/gbagfx graphics/items/icon_palettes/bicycle.pal build/assets/graphics/items/icon_palettes/bicycle.pal.gbapal 
tools/gbagfx/gbagfx graphics/items/icon_palettes/big_bamboo_shoot.pal build/assets/graphics/items/icon_palettes/big_bamboo_shoot.pal.gbapal 
tools/gbagfx/gbagfx graphics/items/icon_palettes/big_malasada.pal build/assets/graphics/items/icon_palettes/big_malasada.pal.gbapal 
tools/gbagfx/gbagfx graphics/items/icon_palettes/big_nugget.pal build/assets/graphics/items/icon_palettes/big_nugget.pal.gbapal 
tools/gbagfx/gbagfx graphics/items/icon_palettes/big_root.pal build/assets/graphics/items/icon_palettes/big_root.pal.gbapal 
tools/gbagfx/gbagfx graphics/items/icon_palettes/bike_voucher.pal build/assets/graphics/items/icon_palettes/bike_voucher.pal.gbapal 
tools/gbagfx/gbagfx graphics/items/icon_palettes/binding_band.pal build/assets/graphics/items/icon_palettes/binding_band.pal.gbapal 
tools/gbagfx/gbagfx graphics/items/icon_palettes/black_apricorn.pal build/assets/graphics/items/icon_palettes/black_apricorn.pal.gbapal 
tools/gbagfx/gbagfx graphics/items/icon_palettes/black_augurite.pal build/assets/graphics/items/icon_palettes/black_augurite.pal.gbapal 
tools/gbagfx/gbagfx graphics/items/icon_palettes/black_flute.pal build/assets/graphics/items/icon_palettes/black_flute.pal.gbapal 
tools/gbagfx/gbagfx graphics/items/icon_palettes/black_sludge.pal build/assets/graphics/items/icon_palettes/black_sludge.pal.gbapal 
tools/gbagfx/gbagfx graphics/items/icon_palettes/black_type_enhancing_item.pal build/assets/graphics/items/icon_palettes/black_type_enhancing_item.pal.gbapal 
tools/gbagfx/gbagfx graphics/items/icon_palettes/blastoisinite.pal build/assets/graphics/items/icon_palettes/blastoisinite.pal.gbapal 
tools/gbagfx/gbagfx graphics/items/icon_palettes/blazikenite.pal build/assets/graphics/items/icon_palettes/blazikenite.pal.gbapal 
tools/gbagfx/gbagfx graphics/items/icon_palettes/blue_apricorn.pal build/assets/graphics/items/icon_palettes/blue_apricorn.pal.gbapal 
tools/gbagfx/gbagfx graphics/items/icon_palettes/blue_flute.pal build/assets/graphics/items/icon_palettes/blue_flute.pal.gbapal 
tools/gbagfx/gbagfx graphics/items/icon_palettes/blue_mint.pal build/assets/graphics/items/icon_palettes/blue_mint.pal.gbapal 
tools/gbagfx/gbagfx graphics/items/icon_palettes/blue_orb.pal build/assets/graphics/items/icon_palettes/blue_orb.pal.gbapal 
tools/gbagfx/gbagfx graphics/items/icon_palettes/blue_scarf.pal build/assets/graphics/items/icon_palettes/blue_scarf.pal.gbapal 
tools/gbagfx/gbagfx graphics/items/icon_palettes/blue_shard.pal build/assets/graphics/items/icon_palettes/blue_shard.pal.gbapal 
tools/gbagfx/gbagfx graphics/items/icon_palettes/bluk_berry.pal build/assets/graphics/items/icon_palettes/bluk_berry.pal.gbapal 
tools/gbagfx/gbagfx graphics/items/icon_palettes/blunder_policy.pal build/assets/graphics/items/icon_palettes/blunder_policy.pal.gbapal 
tools/gbagfx/gbagfx graphics/items/icon_palettes/bone.pal build/assets/graphics/items/icon_palettes/bone.pal.gbapal 
tools/gbagfx/gbagfx graphics/items/icon_palettes/boost_mulch.pal build/assets/graphics/items/icon_palettes/boost_mulch.pal.gbapal 
tools/gbagfx/gbagfx graphics/items/icon_palettes/booster_energy.pal build/assets/graphics/items/icon_palettes/booster_energy.pal.gbapal 
tools/gbagfx/gbagfx graphics/items/icon_palettes/bottle_cap.pal build/assets/graphics/items/icon_palettes/bottle_cap.pal.gbapal 
tools/gbagfx/gbagfx graphics/items/icon_palettes/bug_gem.pal build/assets/graphics/items/icon_palettes/bug_gem.pal.gbapal 
tools/gbagfx/gbagfx graphics/items/icon_palettes/bright_powder.pal build/assets/graphics/items/icon_palettes/bright_powder.pal.gbapal 
tools/gbagfx/gbagfx graphics/items/icon_palettes/bug_memory.pal build/assets/graphics/items/icon_palettes/bug_memory.pal.gbapal 
tools/gbagfx/gbagfx graphics/items/icon_palettes/bug_tera_shard.pal build/assets/graphics/items/icon_palettes/bug_tera_shard.pal.gbapal 
tools/gbagfx/gbagfx graphics/items/icon_palettes/bug_tm_hm.pal build/assets/graphics/items/icon_palettes/bug_tm_hm.pal.gbapal 
tools/gbagfx/gbagfx graphics/items/icon_palettes/buginium_z.pal build/assets/graphics/items/icon_palettes/buginium_z.pal.gbapal 
tools/gbagfx/gbagfx graphics/items/icon_palettes/burn_drive.pal build/assets/graphics/items/icon_palettes/burn_drive.pal.gbapal 
tools/gbagfx/gbagfx graphics/items/icon_palettes/burn_heal.pal build/assets/graphics/items/icon_palettes/burn_heal.pal.gbapal 
tools/gbagfx/gbagfx graphics/items/icon_palettes/calcium.pal build/assets/graphics/items/icon_palettes/calcium.pal.gbapal 
tools/gbagfx/gbagfx graphics/items/icon_palettes/cameruptite.pal build/assets/graphics/items/icon_palettes/cameruptite.pal.gbapal 
tools/gbagfx/gbagfx graphics/items/icon_palettes/carbos.pal build/assets/graphics/items/icon_palettes/carbos.pal.gbapal 
tools/gbagfx/gbagfx graphics/items/icon_palettes/card_key.pal build/assets/graphics/items/icon_palettes/card_key.pal.gbapal 
tools/gbagfx/gbagfx graphics/items/icon_palettes/casteliacone.pal build/assets/graphics/items/icon_palettes/casteliacone.pal.gbapal 
tools/gbagfx/gbagfx graphics/items/icon_palettes/catching_charm.pal build/assets/graphics/items/icon_palettes/catching_charm.pal.gbapal 
tools/gbagfx/gbagfx graphics/items/icon_palettes/cell_battery.pal build/assets/graphics/items/icon_palettes/cell_battery.pal.gbapal 
tools/gbagfx/gbagfx graphics/items/icon_palettes/chandelurite.pal build/assets/graphics/items/icon_palettes/chandelurite.pal.gbapal 
tools/gbagfx/gbagfx graphics/items/icon_palettes/charcoal.pal build/assets/graphics/items/icon_palettes/charcoal.pal.gbapal 
tools/gbagfx/gbagfx graphics/items/icon_palettes/charizardite_x.pal build/assets/graphics/items/icon_palettes/charizardite_x.pal.gbapal 
tools/gbagfx/gbagfx graphics/items/icon_palettes/charizardite_y.pal build/assets/graphics/items/icon_palettes/charizardite_y.pal.gbapal 
tools/gbagfx/gbagfx graphics/items/icon_palettes/charti_berry.pal build/assets/graphics/items/icon_palettes/charti_berry.pal.gbapal 
tools/gbagfx/gbagfx graphics/items/icon_palettes/cheri_berry.pal build/assets/graphics/items/icon_palettes/cheri_berry.pal.gbapal 
tools/gbagfx/gbagfx graphics/items/icon_palettes/cherish_ball.pal build/assets/graphics/items/icon_palettes/cherish_ball.pal.gbapal 
tools/gbagfx/gbagfx graphics/items/icon_palettes/chesnaughtite.pal build/assets/graphics/items/icon_palettes/chesnaughtite.pal.gbapal 
tools/gbagfx/gbagfx graphics/items/icon_palettes/chesto_berry.pal build/assets/graphics/items/icon_palettes/chesto_berry.pal.gbapal 
tools/gbagfx/gbagfx graphics/items/icon_palettes/chilan_berry.pal build/assets/graphics/items/icon_palettes/chilan_berry.pal.gbapal 
tools/gbagfx/gbagfx graphics/items/icon_palettes/chill_drive.pal build/assets/graphics/items/icon_palettes/chill_drive.pal.gbapal 
tools/gbagfx/gbagfx graphics/items/icon_palettes/chimechite.pal build/assets/graphics/items/icon_palettes/chimechite.pal.gbapal 
tools/gbagfx/gbagfx graphics/items/icon_palettes/choice_band.pal build/assets/graphics/items/icon_palettes/choice_band.pal.gbapal 
tools/gbagfx/gbagfx graphics/items/icon_palettes/choice_dumpling.pal build/assets/graphics/items/icon_palettes/choice_dumpling.pal.gbapal 
tools/gbagfx/gbagfx graphics/items/icon_palettes/choice_scarf.pal build/assets/graphics/items/icon_palettes/choice_scarf.pal.gbapal 
tools/gbagfx/gbagfx graphics/items/icon_palettes/choice_specs.pal build/assets/graphics/items/icon_palettes/choice_specs.pal.gbapal 
tools/gbagfx/gbagfx graphics/items/icon_palettes/chople_berry.pal build/assets/graphics/items/icon_palettes/chople_berry.pal.gbapal 
tools/gbagfx/gbagfx graphics/items/icon_palettes/cleanse_tag.pal build/assets/graphics/items/icon_palettes/cleanse_tag.pal.gbapal 
tools/gbagfx/gbagfx graphics/items/icon_palettes/clear_amulet.pal build/assets/graphics/items/icon_palettes/clear_amulet.pal.gbapal 
tools/gbagfx/gbagfx graphics/items/icon_palettes/clefablite.pal build/assets/graphics/items/icon_palettes/clefablite.pal.gbapal 
tools/gbagfx/gbagfx graphics/items/icon_palettes/clever_feather.pal build/assets/graphics/items/icon_palettes/clever_feather.pal.gbapal 
tools/gbagfx/gbagfx graphics/items/icon_palettes/clever_mochi.pal build/assets/graphics/items/icon_palettes/clever_mochi.pal.gbapal 
tools/gbagfx/gbagfx graphics/items/icon_palettes/clover_sweet.pal build/assets/graphics/items/icon_palettes/clover_sweet.pal.gbapal 
tools/gbagfx/gbagfx graphics/items/icon_palettes/coba_berry.pal build/assets/graphics/items/icon_palettes/coba_berry.pal.gbapal 
tools/gbagfx/gbagfx graphics/items/icon_palettes/coin_case.pal build/assets/graphics/items/icon_palettes/coin_case.pal.gbapal 
tools/gbagfx/gbagfx graphics/items/icon_palettes/colbur_berry.pal build/assets/graphics/items/icon_palettes/colbur_berry.pal.gbapal 
tools/gbagfx/gbagfx graphics/items/icon_palettes/comet_shard.pal build/assets/graphics/items/icon_palettes/comet_shard.pal.gbapal 
tools/gbagfx/gbagfx graphics/items/icon_palettes/contest_pass.pal build/assets/graphics/items/icon_palettes/contest_pass.pal.gbapal 
tools/gbagfx/gbagfx graphics/items/icon_palettes/cornerstone_mask.pal build/assets/graphics/items/icon_palettes/cornerstone_mask.pal.gbapal 
tools/gbagfx/gbagfx graphics/items/icon_palettes/cornn_berry.pal build/assets/graphics/items/icon_palettes/cornn_berry.pal.gbapal 
tools/gbagfx/gbagfx graphics/items/icon_palettes/cover_fossil.pal build/assets/graphics/items/icon_palettes/cover_fossil.pal.gbapal 
tools/gbagfx/gbagfx graphics/items/icon_palettes/covert_cloak.pal build/assets/graphics/items/icon_palettes/covert_cloak.pal.gbapal 
tools/gbagfx/gbagfx graphics/items/icon_palettes/crabominite.pal build/assets/graphics/items/icon_palettes/crabominite.pal.gbapal 
tools/gbagfx/gbagfx graphics/items/icon_palettes/custap_berry.pal build/assets/graphics/items/icon_palettes/custap_berry.pal.gbapal 
tools/gbagfx/gbagfx graphics/items/icon_palettes/damp_mulch.pal build/assets/graphics/items/icon_palettes/damp_mulch.pal.gbapal 
tools/gbagfx/gbagfx graphics/items/icon_palettes/damp_rock.pal build/assets/graphics/items/icon_palettes/damp_rock.pal.gbapal 
tools/gbagfx/gbagfx graphics/items/icon_palettes/dark_gem.pal build/assets/graphics/items/icon_palettes/dark_gem.pal.gbapal 
tools/gbagfx/gbagfx graphics/items/icon_palettes/dark_memory.pal build/assets/graphics/items/icon_palettes/dark_memory.pal.gbapal 
tools/gbagfx/gbagfx graphics/items/icon_palettes/dark_tera_shard.pal build/assets/graphics/items/icon_palettes/dark_tera_shard.pal.gbapal 
tools/gbagfx/gbagfx graphics/items/icon_palettes/dark_tm_hm.pal build/assets/graphics/items/icon_palettes/dark_tm_hm.pal.gbapal 
tools/gbagfx/gbagfx graphics/items/icon_palettes/darkinium_z.pal build/assets/graphics/items/icon_palettes/darkinium_z.pal.gbapal 
tools/gbagfx/gbagfx graphics/items/icon_palettes/darkranite.pal build/assets/graphics/items/icon_palettes/darkranite.pal.gbapal 
tools/gbagfx/gbagfx graphics/items/icon_palettes/dawn_stone.pal build/assets/graphics/items/icon_palettes/dawn_stone.pal.gbapal 
tools/gbagfx/gbagfx graphics/items/icon_palettes/decidium_z.pal build/assets/graphics/items/icon_palettes/decidium_z.pal.gbapal 
tools/gbagfx/gbagfx graphics/items/icon_palettes/deep_sea_scale.pal build/assets/graphics/items/icon_palettes/deep_sea_scale.pal.gbapal 
tools/gbagfx/gbagfx graphics/items/icon_palettes/deep_sea_tooth.pal build/assets/graphics/items/icon_palettes/deep_sea_tooth.pal.gbapal 
tools/gbagfx/gbagfx graphics/items/icon_palettes/delphoxite.pal build/assets/graphics/items/icon_palettes/delphoxite.pal.gbapal 
tools/gbagfx/gbagfx graphics/items/icon_palettes/destiny_knot.pal build/assets/graphics/items/icon_palettes/destiny_knot.pal.gbapal 
tools/gbagfx/gbagfx graphics/items/icon_palettes/devon_parts.pal build/assets/graphics/items/icon_palettes/devon_parts.pal.gbapal 
tools/gbagfx/gbagfx graphics/items/icon_palettes/devon_scope.pal build/assets/graphics/items/icon_palettes/devon_scope.pal.gbapal 
tools/gbagfx/gbagfx graphics/items/icon_palettes/diancite.pal build/assets/graphics/items/icon_palettes/diancite.pal.gbapal 
tools/gbagfx/gbagfx graphics/items/icon_palettes/dire_hit.pal build/assets/graphics/items/icon_palettes/dire_hit.pal.gbapal 
tools/gbagfx/gbagfx graphics/items/icon_palettes/dive_ball.pal build/assets/graphics/items/icon_palettes/dive_ball.pal.gbapal 
tools/gbagfx/gbagfx graphics/items/icon_palettes/dna_splicers.pal build/assets/graphics/items/icon_palettes/dna_splicers.pal.gbapal 
tools/gbagfx/gbagfx graphics/items/icon_palettes/douse_drive.pal build/assets/graphics/items/icon_palettes/douse_drive.pal.gbapal 
tools/gbagfx/gbagfx graphics/items/icon_palettes/dowsing_machine.pal build/assets/graphics/items/icon_palettes/dowsing_machine.pal.gbapal 
tools/gbagfx/gbagfx graphics/items/icon_palettes/draco_plate.pal build/assets/graphics/items/icon_palettes/draco_plate.pal.gbapal 
tools/gbagfx/gbagfx graphics/items/icon_palettes/dragalgite.pal build/assets/graphics/items/icon_palettes/dragalgite.pal.gbapal 
tools/gbagfx/gbagfx graphics/items/icon_palettes/dragon_fang.pal build/assets/graphics/items/icon_palettes/dragon_fang.pal.gbapal 
tools/gbagfx/gbagfx graphics/items/icon_palettes/dragon_gem.pal build/assets/graphics/items/icon_palettes/dragon_gem.pal.gbapal 
tools/gbagfx/gbagfx graphics/items/icon_palettes/dragon_memory.pal build/assets/graphics/items/icon_palettes/dragon_memory.pal.gbapal 
tools/gbagfx/gbagfx graphics/items/icon_palettes/dragon_scale.pal build/assets/graphics/items/icon_palettes/dragon_scale.pal.gbapal 
tools/gbagfx/gbagfx graphics/items/icon_palettes/dragon_tera_shard.pal build/assets/graphics/items/icon_palettes/dragon_tera_shard.pal.gbapal 
tools/gbagfx/gbagfx graphics/items/icon_palettes/dragon_tm_hm.pal build/assets/graphics/items/icon_palettes/dragon_tm_hm.pal.gbapal 
tools/gbagfx/gbagfx graphics/items/icon_palettes/dragoninite.pal build/assets/graphics/items/icon_palettes/dragoninite.pal.gbapal 
tools/gbagfx/gbagfx graphics/items/icon_palettes/dragonium_z.pal build/assets/graphics/items/icon_palettes/dragonium_z.pal.gbapal 
tools/gbagfx/gbagfx graphics/items/icon_palettes/drampanite.pal build/assets/graphics/items/icon_palettes/drampanite.pal.gbapal 
tools/gbagfx/gbagfx graphics/items/icon_palettes/dread_plate.pal build/assets/graphics/items/icon_palettes/dread_plate.pal.gbapal 
tools/gbagfx/gbagfx graphics/items/icon_palettes/dream_ball.pal build/assets/graphics/items/icon_palettes/dream_ball.pal.gbapal 
tools/gbagfx/gbagfx graphics/items/icon_palettes/dream_mail.pal build/assets/graphics/items/icon_palettes/dream_mail.pal.gbapal 
tools/gbagfx/gbagfx graphics/items/icon_palettes/dubious_disc.pal build/assets/graphics/items/icon_palettes/dubious_disc.pal.gbapal 
tools/gbagfx/gbagfx graphics/items/icon_palettes/durin_berry.pal build/assets/graphics/items/icon_palettes/durin_berry.pal.gbapal 
tools/gbagfx/gbagfx graphics/items/icon_palettes/dusk_ball.pal build/assets/graphics/items/icon_palettes/dusk_ball.pal.gbapal 
tools/gbagfx/gbagfx graphics/items/icon_palettes/dusk_stone.pal build/assets/graphics/items/icon_palettes/dusk_stone.pal.gbapal 
tools/gbagfx/gbagfx graphics/items/icon_palettes/dynamax_band.pal build/assets/graphics/items/icon_palettes/dynamax_band.pal.gbapal 
tools/gbagfx/gbagfx graphics/items/icon_palettes/dynamax_candy.pal build/assets/graphics/items/icon_palettes/dynamax_candy.pal.gbapal 
tools/gbagfx/gbagfx graphics/items/icon_palettes/dynite_ore.pal build/assets/graphics/items/icon_palettes/dynite_ore.pal.gbapal 
tools/gbagfx/gbagfx graphics/items/icon_palettes/earth_plate.pal build/assets/graphics/items/icon_palettes/earth_plate.pal.gbapal 
tools/gbagfx/gbagfx graphics/items/icon_palettes/eelektrossite.pal build/assets/graphics/items/icon_palettes/eelektrossite.pal.gbapal 
tools/gbagfx/gbagfx graphics/items/icon_palettes/eevium_z.pal build/assets/graphics/items/icon_palettes/eevium_z.pal.gbapal 
tools/gbagfx/gbagfx graphics/items/icon_palettes/eject_button.pal build/assets/graphics/items/icon_palettes/eject_button.pal.gbapal 
tools/gbagfx/gbagfx graphics/items/icon_palettes/eject_pack.pal build/assets/graphics/items/icon_palettes/eject_pack.pal.gbapal 
tools/gbagfx/gbagfx graphics/items/icon_palettes/electirizer.pal build/assets/graphics/items/icon_palettes/electirizer.pal.gbapal 
tools/gbagfx/gbagfx graphics/items/icon_palettes/electric_gem.pal build/assets/graphics/items/icon_palettes/electric_gem.pal.gbapal 
tools/gbagfx/gbagfx graphics/items/icon_palettes/electric_memory.pal build/assets/graphics/items/icon_palettes/electric_memory.pal.gbapal 
tools/gbagfx/gbagfx graphics/items/icon_palettes/electric_seed.pal build/assets/graphics/items/icon_palettes/electric_seed.pal.gbapal 
tools/gbagfx/gbagfx graphics/items/icon_palettes/electric_tera_shard.pal build/assets/graphics/items/icon_palettes/electric_tera_shard.pal.gbapal 
tools/gbagfx/gbagfx graphics/items/icon_palettes/electric_tm_hm.pal build/assets/graphics/items/icon_palettes/electric_tm_hm.pal.gbapal 
tools/gbagfx/gbagfx graphics/items/icon_palettes/electrium_z.pal build/assets/graphics/items/icon_palettes/electrium_z.pal.gbapal 
tools/gbagfx/gbagfx graphics/items/icon_palettes/elixir.pal build/assets/graphics/items/icon_palettes/elixir.pal.gbapal 
tools/gbagfx/gbagfx graphics/items/icon_palettes/emboarite.pal build/assets/graphics/items/icon_palettes/emboarite.pal.gbapal 
tools/gbagfx/gbagfx graphics/items/icon_palettes/energy_powder.pal build/assets/graphics/items/icon_palettes/energy_powder.pal.gbapal 
tools/gbagfx/gbagfx graphics/items/icon_palettes/energy_root.pal build/assets/graphics/items/icon_palettes/energy_root.pal.gbapal 
tools/gbagfx/gbagfx graphics/items/icon_palettes/enigma_berry.pal build/assets/graphics/items/icon_palettes/enigma_berry.pal.gbapal 
tools/gbagfx/gbagfx graphics/items/icon_palettes/eon_ticket.pal build/assets/graphics/items/icon_palettes/eon_ticket.pal.gbapal 
tools/gbagfx/gbagfx graphics/items/icon_palettes/escape_rope.pal build/assets/graphics/items/icon_palettes/escape_rope.pal.gbapal 
tools/gbagfx/gbagfx graphics/items/icon_palettes/ether.pal build/assets/graphics/items/icon_palettes/ether.pal.gbapal 
tools/gbagfx/gbagfx graphics/items/icon_palettes/everstone.pal build/assets/graphics/items/icon_palettes/everstone.pal.gbapal 
tools/gbagfx/gbagfx graphics/items/icon_palettes/eviolite.pal build/assets/graphics/items/icon_palettes/eviolite.pal.gbapal 
tools/gbagfx/gbagfx graphics/items/icon_palettes/excadrite.pal build/assets/graphics/items/icon_palettes/excadrite.pal.gbapal 
tools/gbagfx/gbagfx graphics/items/icon_palettes/exp_candies.pal build/assets/graphics/items/icon_palettes/exp_candies.pal.gbapal 
tools/gbagfx/gbagfx graphics/items/icon_palettes/exp_charm.pal build/assets/graphics/items/icon_palettes/exp_charm.pal.gbapal 
tools/gbagfx/gbagfx graphics/items/icon_palettes/exp_share.pal build/assets/graphics/items/icon_palettes/exp_share.pal.gbapal 
tools/gbagfx/gbagfx graphics/items/icon_palettes/expert_belt.pal build/assets/graphics/items/icon_palettes/expert_belt.pal.gbapal 
tools/gbagfx/gbagfx graphics/items/icon_palettes/fab_mail.pal build/assets/graphics/items/icon_palettes/fab_mail.pal.gbapal 
tools/gbagfx/gbagfx graphics/items/icon_palettes/fairium_z.pal build/assets/graphics/items/icon_palettes/fairium_z.pal.gbapal 
tools/gbagfx/gbagfx graphics/items/icon_palettes/fairy_feather.pal build/assets/graphics/items/icon_palettes/fairy_feather.pal.gbapal 
tools/gbagfx/gbagfx graphics/items/icon_palettes/fairy_gem.pal build/assets/graphics/items/icon_palettes/fairy_gem.pal.gbapal 
tools/gbagfx/gbagfx graphics/items/icon_palettes/fairy_memory.pal build/assets/graphics/items/icon_palettes/fairy_memory.pal.gbapal 
tools/gbagfx/gbagfx graphics/items/icon_palettes/fairy_tera_shard.pal build/assets/graphics/items/icon_palettes/fairy_tera_shard.pal.gbapal 
tools/gbagfx/gbagfx graphics/items/icon_palettes/fairy_tm_hm.pal build/assets/graphics/items/icon_palettes/fairy_tm_hm.pal.gbapal 
tools/gbagfx/gbagfx graphics/items/icon_palettes/falinksite.pal build/assets/graphics/items/icon_palettes/falinksite.pal.gbapal 
tools/gbagfx/gbagfx graphics/items/icon_palettes/fame_checker.pal build/assets/graphics/items/icon_palettes/fame_checker.pal.gbapal 
tools/gbagfx/gbagfx graphics/items/icon_palettes/fast_ball.pal build/assets/graphics/items/icon_palettes/fast_ball.pal.gbapal 
tools/gbagfx/gbagfx graphics/items/icon_palettes/feraligite.pal build/assets/graphics/items/icon_palettes/feraligite.pal.gbapal 
tools/gbagfx/gbagfx graphics/items/icon_palettes/fighting_gem.pal build/assets/graphics/items/icon_palettes/fighting_gem.pal.gbapal 
tools/gbagfx/gbagfx graphics/items/icon_palettes/fighting_memory.pal build/assets/graphics/items/icon_palettes/fighting_memory.pal.gbapal 
tools/gbagfx/gbagfx graphics/items/icon_palettes/fighting_tera_shard.pal build/assets/graphics/items/icon_palettes/fighting_tera_shard.pal.gbapal 
tools/gbagfx/gbagfx graphics/items/icon_palettes/fighting_tm_hm.pal build/assets/graphics/items/icon_palettes/fighting_tm_hm.pal.gbapal 
tools/gbagfx/gbagfx graphics/items/icon_palettes/fightinium_z.pal build/assets/graphics/items/icon_palettes/fightinium_z.pal.gbapal 
tools/gbagfx/gbagfx graphics/items/icon_palettes/figy_berry.pal build/assets/graphics/items/icon_palettes/figy_berry.pal.gbapal 
tools/gbagfx/gbagfx graphics/items/icon_palettes/fine_remedy.pal build/assets/graphics/items/icon_palettes/fine_remedy.pal.gbapal 
tools/gbagfx/gbagfx graphics/items/icon_palettes/fire_gem.pal build/assets/graphics/items/icon_palettes/fire_gem.pal.gbapal 
tools/gbagfx/gbagfx graphics/items/icon_palettes/fire_memory.pal build/assets/graphics/items/icon_palettes/fire_memory.pal.gbapal 
tools/gbagfx/gbagfx graphics/items/icon_palettes/fire_stone.pal build/assets/graphics/items/icon_palettes/fire_stone.pal.gbapal 
tools/gbagfx/gbagfx graphics/items/icon_palettes/fire_tera_shard.pal build/assets/graphics/items/icon_palettes/fire_tera_shard.pal.gbapal 
tools/gbagfx/gbagfx graphics/items/icon_palettes/fire_tm_hm.pal build/assets/graphics/items/icon_palettes/fire_tm_hm.pal.gbapal 
tools/gbagfx/gbagfx graphics/items/icon_palettes/firium_z.pal build/assets/graphics/items/icon_palettes/firium_z.pal.gbapal 
tools/gbagfx/gbagfx graphics/items/icon_palettes/fist_plate.pal build/assets/graphics/items/icon_palettes/fist_plate.pal.gbapal 
tools/gbagfx/gbagfx graphics/items/icon_palettes/flame_orb.pal build/assets/graphics/items/icon_palettes/flame_orb.pal.gbapal 
tools/gbagfx/gbagfx graphics/items/icon_palettes/flame_plate.pal build/assets/graphics/items/icon_palettes/flame_plate.pal.gbapal 
tools/gbagfx/gbagfx graphics/items/icon_palettes/float_stone.pal build/assets/graphics/items/icon_palettes/float_stone.pal.gbapal 
tools/gbagfx/gbagfx graphics/items/icon_palettes/floettite.pal build/assets/graphics/items/icon_palettes/floettite.pal.gbapal 
tools/gbagfx/gbagfx graphics/items/icon_palettes/flower_sweet.pal build/assets/graphics/items/icon_palettes/flower_sweet.pal.gbapal 
tools/gbagfx/gbagfx graphics/items/icon_palettes/fluffy_tail.pal build/assets/graphics/items/icon_palettes/fluffy_tail.pal.gbapal 
tools/gbagfx/gbagfx graphics/items/icon_palettes/flying_gem.pal build/assets/graphics/items/icon_palettes/flying_gem.pal.gbapal 
tools/gbagfx/gbagfx graphics/items/icon_palettes/flying_memory.pal build/assets/graphics/items/icon_palettes/flying_memory.pal.gbapal 
tools/gbagfx/gbagfx graphics/items/icon_palettes/flying_tera_shard.pal build/assets/graphics/items/icon_palettes/flying_tera_shard.pal.gbapal 
tools/gbagfx/gbagfx graphics/items/icon_palettes/flying_tm_hm.pal build/assets/graphics/items/icon_palettes/flying_tm_hm.pal.gbapal 
tools/gbagfx/gbagfx graphics/items/icon_palettes/flyinium_z.pal build/assets/graphics/items/icon_palettes/flyinium_z.pal.gbapal 
tools/gbagfx/gbagfx graphics/items/icon_palettes/focus_band.pal build/assets/graphics/items/icon_palettes/focus_band.pal.gbapal 
tools/gbagfx/gbagfx graphics/items/icon_palettes/focus_sash.pal build/assets/graphics/items/icon_palettes/focus_sash.pal.gbapal 
tools/gbagfx/gbagfx graphics/items/icon_palettes/fossilized_bird.pal build/assets/graphics/items/icon_palettes/fossilized_bird.pal.gbapal 
tools/gbagfx/gbagfx graphics/items/icon_palettes/fossilized_dino.pal build/assets/graphics/items/icon_palettes/fossilized_dino.pal.gbapal 
tools/gbagfx/gbagfx graphics/items/icon_palettes/fossilized_drake.pal build/assets/graphics/items/icon_palettes/fossilized_drake.pal.gbapal 
tools/gbagfx/gbagfx graphics/items/icon_palettes/fossilized_fish.pal build/assets/graphics/items/icon_palettes/fossilized_fish.pal.gbapal 
tools/gbagfx/gbagfx graphics/items/icon_palettes/fresh_start_mochi.pal build/assets/graphics/items/icon_palettes/fresh_start_mochi.pal.gbapal 
tools/gbagfx/gbagfx graphics/items/icon_palettes/fresh_water.pal build/assets/graphics/items/icon_palettes/fresh_water.pal.gbapal 
tools/gbagfx/gbagfx graphics/items/icon_palettes/friend_ball.pal build/assets/graphics/items/icon_palettes/friend_ball.pal.gbapal 
tools/gbagfx/gbagfx graphics/items/icon_palettes/froslassite.pal build/assets/graphics/items/icon_palettes/froslassite.pal.gbapal 
tools/gbagfx/gbagfx graphics/items/icon_palettes/full_heal.pal build/assets/graphics/items/icon_palettes/full_heal.pal.gbapal 
tools/gbagfx/gbagfx graphics/items/icon_palettes/full_incense.pal build/assets/graphics/items/icon_palettes/full_incense.pal.gbapal 
tools/gbagfx/gbagfx graphics/items/icon_palettes/full_restore.pal build/assets/graphics/items/icon_palettes/full_restore.pal.gbapal 
tools/gbagfx/gbagfx graphics/items/icon_palettes/galarica_item.pal build/assets/graphics/items/icon_palettes/galarica_item.pal.gbapal 
tools/gbagfx/gbagfx graphics/items/icon_palettes/galladite.pal build/assets/graphics/items/icon_palettes/galladite.pal.gbapal 
tools/gbagfx/gbagfx graphics/items/icon_palettes/ganlon_berry.pal build/assets/graphics/items/icon_palettes/ganlon_berry.pal.gbapal 
tools/gbagfx/gbagfx graphics/items/icon_palettes/garchompite.pal build/assets/graphics/items/icon_palettes/garchompite.pal.gbapal 
tools/gbagfx/gbagfx graphics/items/icon_palettes/garchompite_z.pal build/assets/graphics/items/icon_palettes/garchompite_z.pal.gbapal 
tools/gbagfx/gbagfx graphics/items/icon_palettes/gardevoirite.pal build/assets/graphics/items/icon_palettes/gardevoirite.pal.gbapal 
tools/gbagfx/gbagfx graphics/items/icon_palettes/gengarite.pal build/assets/graphics/items/icon_palettes/gengarite.pal.gbapal 
tools/gbagfx/gbagfx graphics/items/icon_palettes/genius_feather.pal build/assets/graphics/items/icon_palettes/genius_feather.pal.gbapal 
tools/gbagfx/gbagfx graphics/items/icon_palettes/genius_mochi.pal build/assets/graphics/items/icon_palettes/genius_mochi.pal.gbapal 
tools/gbagfx/gbagfx graphics/items/icon_palettes/ghost_gem.pal build/assets/graphics/items/icon_palettes/ghost_gem.pal.gbapal 
tools/gbagfx/gbagfx graphics/items/icon_palettes/ghost_memory.pal build/assets/graphics/items/icon_palettes/ghost_memory.pal.gbapal 
tools/gbagfx/gbagfx graphics/items/icon_palettes/ghost_tera_shard.pal build/assets/graphics/items/icon_palettes/ghost_tera_shard.pal.gbapal 
tools/gbagfx/gbagfx graphics/items/icon_palettes/ghost_tm_hm.pal build/assets/graphics/items/icon_palettes/ghost_tm_hm.pal.gbapal 
tools/gbagfx/gbagfx graphics/items/icon_palettes/ghostium_z.pal build/assets/graphics/items/icon_palettes/ghostium_z.pal.gbapal 
tools/gbagfx/gbagfx graphics/items/icon_palettes/gimmighoul_coin.pal build/assets/graphics/items/icon_palettes/gimmighoul_coin.pal.gbapal 
tools/gbagfx/gbagfx graphics/items/icon_palettes/glalitite.pal build/assets/graphics/items/icon_palettes/glalitite.pal.gbapal 
tools/gbagfx/gbagfx graphics/items/icon_palettes/glimmering_charm.pal build/assets/graphics/items/icon_palettes/glimmering_charm.pal.gbapal 
tools/gbagfx/gbagfx graphics/items/icon_palettes/glimmoranite.pal build/assets/graphics/items/icon_palettes/glimmoranite.pal.gbapal 
tools/gbagfx/gbagfx graphics/items/icon_palettes/glitter_mail.pal build/assets/graphics/items/icon_palettes/glitter_mail.pal.gbapal 
tools/gbagfx/gbagfx graphics/items/icon_palettes/go_goggles.pal build/assets/graphics/items/icon_palettes/go_goggles.pal.gbapal 
tools/gbagfx/gbagfx graphics/items/icon_palettes/gold_bottle_cap.pal build/assets/graphics/items/icon_palettes/gold_bottle_cap.pal.gbapal 
tools/gbagfx/gbagfx graphics/items/icon_palettes/gold_teeth.pal build/assets/graphics/items/icon_palettes/gold_teeth.pal.gbapal 
tools/gbagfx/gbagfx graphics/items/icon_palettes/golisopite.pal build/assets/graphics/items/icon_palettes/golisopite.pal.gbapal 
tools/gbagfx/gbagfx graphics/items/icon_palettes/golurkite.pal build/assets/graphics/items/icon_palettes/golurkite.pal.gbapal 
tools/gbagfx/gbagfx graphics/items/icon_palettes/good_rod.pal build/assets/graphics/items/icon_palettes/good_rod.pal.gbapal 
tools/gbagfx/gbagfx graphics/items/icon_palettes/gooey_mulch.pal build/assets/graphics/items/icon_palettes/gooey_mulch.pal.gbapal 
tools/gbagfx/gbagfx graphics/items/icon_palettes/gracidea.pal build/assets/graphics/items/icon_palettes/gracidea.pal.gbapal 
tools/gbagfx/gbagfx graphics/items/icon_palettes/grass_gem.pal build/assets/graphics/items/icon_palettes/grass_gem.pal.gbapal 
tools/gbagfx/gbagfx graphics/items/icon_palettes/grass_memory.pal build/assets/graphics/items/icon_palettes/grass_memory.pal.gbapal 
tools/gbagfx/gbagfx graphics/items/icon_palettes/grass_tera_shard.pal build/assets/graphics/items/icon_palettes/grass_tera_shard.pal.gbapal 
tools/gbagfx/gbagfx graphics/items/icon_palettes/grass_tm_hm.pal build/assets/graphics/items/icon_palettes/grass_tm_hm.pal.gbapal 
tools/gbagfx/gbagfx graphics/items/icon_palettes/grassium_z.pal build/assets/graphics/items/icon_palettes/grassium_z.pal.gbapal 
tools/gbagfx/gbagfx graphics/items/icon_palettes/grassy_seed.pal build/assets/graphics/items/icon_palettes/grassy_seed.pal.gbapal 
tools/gbagfx/gbagfx graphics/items/icon_palettes/great_ball.pal build/assets/graphics/items/icon_palettes/great_ball.pal.gbapal 
tools/gbagfx/gbagfx graphics/items/icon_palettes/green_apricorn.pal build/assets/graphics/items/icon_palettes/green_apricorn.pal.gbapal 
tools/gbagfx/gbagfx graphics/items/icon_palettes/green_mint.pal build/assets/graphics/items/icon_palettes/green_mint.pal.gbapal 
tools/gbagfx/gbagfx graphics/items/icon_palettes/green_scarf.pal build/assets/graphics/items/icon_palettes/green_scarf.pal.gbapal 
tools/gbagfx/gbagfx graphics/items/icon_palettes/green_shard.pal build/assets/graphics/items/icon_palettes/green_shard.pal.gbapal 
tools/gbagfx/gbagfx graphics/items/icon_palettes/greninjite.pal build/assets/graphics/items/icon_palettes/greninjite.pal.gbapal 
tools/gbagfx/gbagfx graphics/items/icon_palettes/grepa_berry.pal build/assets/graphics/items/icon_palettes/grepa_berry.pal.gbapal 
tools/gbagfx/gbagfx graphics/items/icon_palettes/grip_claw.pal build/assets/graphics/items/icon_palettes/grip_claw.pal.gbapal 
tools/gbagfx/gbagfx graphics/items/icon_palettes/griseous_core.pal build/assets/graphics/items/icon_palettes/griseous_core.pal.gbapal 
tools/gbagfx/gbagfx graphics/items/icon_palettes/griseous_orb.pal build/assets/graphics/items/icon_palettes/griseous_orb.pal.gbapal 
tools/gbagfx/gbagfx graphics/items/icon_palettes/ground_gem.pal build/assets/graphics/items/icon_palettes/ground_gem.pal.gbapal 
tools/gbagfx/gbagfx graphics/items/icon_palettes/ground_memory.pal build/assets/graphics/items/icon_palettes/ground_memory.pal.gbapal 
tools/gbagfx/gbagfx graphics/items/icon_palettes/ground_tera_shard.pal build/assets/graphics/items/icon_palettes/ground_tera_shard.pal.gbapal 
tools/gbagfx/gbagfx graphics/items/icon_palettes/ground_tm_hm.pal build/assets/graphics/items/icon_palettes/ground_tm_hm.pal.gbapal 
tools/gbagfx/gbagfx graphics/items/icon_palettes/groundium_z.pal build/assets/graphics/items/icon_palettes/groundium_z.pal.gbapal 
tools/gbagfx/gbagfx graphics/items/icon_palettes/growth_mulch.pal build/assets/graphics/items/icon_palettes/growth_mulch.pal.gbapal 
tools/gbagfx/gbagfx graphics/items/icon_palettes/guard_spec.pal build/assets/graphics/items/icon_palettes/guard_spec.pal.gbapal 
tools/gbagfx/gbagfx graphics/items/icon_palettes/gyaradosite.pal build/assets/graphics/items/icon_palettes/gyaradosite.pal.gbapal 
tools/gbagfx/gbagfx graphics/items/icon_palettes/haban_berry.pal build/assets/graphics/items/icon_palettes/haban_berry.pal.gbapal 
tools/gbagfx/gbagfx graphics/items/icon_palettes/harbor_mail.pal build/assets/graphics/items/icon_palettes/harbor_mail.pal.gbapal 
tools/gbagfx/gbagfx graphics/items/icon_palettes/hard_stone.pal build/assets/graphics/items/icon_palettes/hard_stone.pal.gbapal 
tools/gbagfx/gbagfx graphics/items/icon_palettes/hawluchanite.pal build/assets/graphics/items/icon_palettes/hawluchanite.pal.gbapal 
tools/gbagfx/gbagfx graphics/items/icon_palettes/heal_ball.pal build/assets/graphics/items/icon_palettes/heal_ball.pal.gbapal 
tools/gbagfx/gbagfx graphics/items/icon_palettes/heal_powder.pal build/assets/graphics/items/icon_palettes/heal_powder.pal.gbapal 
tools/gbagfx/gbagfx graphics/items/icon_palettes/health_feather.pal build/assets/graphics/items/icon_palettes/health_feather.pal.gbapal 
tools/gbagfx/gbagfx graphics/items/icon_palettes/health_mochi.pal build/assets/graphics/items/icon_palettes/health_mochi.pal.gbapal 
tools/gbagfx/gbagfx graphics/items/icon_palettes/heart_scale.pal build/assets/graphics/items/icon_palettes/heart_scale.pal.gbapal 
tools/gbagfx/gbagfx graphics/items/icon_palettes/hearthflame_mask.pal build/assets/graphics/items/icon_palettes/hearthflame_mask.pal.gbapal 
tools/gbagfx/gbagfx graphics/items/icon_palettes/heat_rock.pal build/assets/graphics/items/icon_palettes/heat_rock.pal.gbapal 
tools/gbagfx/gbagfx graphics/items/icon_palettes/heatranite.pal build/assets/graphics/items/icon_palettes/heatranite.pal.gbapal 
tools/gbagfx/gbagfx graphics/items/icon_palettes/heavy_ball.pal build/assets/graphics/items/icon_palettes/heavy_ball.pal.gbapal 
tools/gbagfx/gbagfx graphics/items/icon_palettes/heavy_duty_boots.pal build/assets/graphics/items/icon_palettes/heavy_duty_boots.pal.gbapal 
tools/gbagfx/gbagfx graphics/items/icon_palettes/heracronite.pal build/assets/graphics/items/icon_palettes/heracronite.pal.gbapal 
tools/gbagfx/gbagfx graphics/items/icon_palettes/hoenn_fossil.pal build/assets/graphics/items/icon_palettes/hoenn_fossil.pal.gbapal 
tools/gbagfx/gbagfx graphics/items/icon_palettes/hondew_berry.pal build/assets/graphics/items/icon_palettes/hondew_berry.pal.gbapal 
tools/gbagfx/gbagfx graphics/items/icon_palettes/honey.pal build/assets/graphics/items/icon_palettes/honey.pal.gbapal 
tools/gbagfx/gbagfx graphics/items/icon_palettes/houndoominite.pal build/assets/graphics/items/icon_palettes/houndoominite.pal.gbapal 
tools/gbagfx/gbagfx graphics/items/icon_palettes/hp_up.pal build/assets/graphics/items/icon_palettes/hp_up.pal.gbapal 
tools/gbagfx/gbagfx graphics/items/icon_palettes/hyper_potion.pal build/assets/graphics/items/icon_palettes/hyper_potion.pal.gbapal 
tools/gbagfx/gbagfx graphics/items/icon_palettes/iapapa_berry.pal build/assets/graphics/items/icon_palettes/iapapa_berry.pal.gbapal 
tools/gbagfx/gbagfx graphics/items/icon_palettes/ice_gem.pal build/assets/graphics/items/icon_palettes/ice_gem.pal.gbapal 
tools/gbagfx/gbagfx graphics/items/icon_palettes/ice_heal.pal build/assets/graphics/items/icon_palettes/ice_heal.pal.gbapal 
tools/gbagfx/gbagfx graphics/items/icon_palettes/ice_memory.pal build/assets/graphics/items/icon_palettes/ice_memory.pal.gbapal 
tools/gbagfx/gbagfx graphics/items/icon_palettes/ice_stone.pal build/assets/graphics/items/icon_palettes/ice_stone.pal.gbapal 
tools/gbagfx/gbagfx graphics/items/icon_palettes/ice_tera_shard.pal build/assets/graphics/items/icon_palettes/ice_tera_shard.pal.gbapal 
tools/gbagfx/gbagfx graphics/items/icon_palettes/ice_tm_hm.pal build/assets/graphics/items/icon_palettes/ice_tm_hm.pal.gbapal 
tools/gbagfx/gbagfx graphics/items/icon_palettes/icicle_plate.pal build/assets/graphics/items/icon_palettes/icicle_plate.pal.gbapal 
tools/gbagfx/gbagfx graphics/items/icon_palettes/icium_z.pal build/assets/graphics/items/icon_palettes/icium_z.pal.gbapal 
tools/gbagfx/gbagfx graphics/items/icon_palettes/icy_rock.pal build/assets/graphics/items/icon_palettes/icy_rock.pal.gbapal 
tools/gbagfx/gbagfx graphics/items/icon_palettes/incinium_z.pal build/assets/graphics/items/icon_palettes/incinium_z.pal.gbapal 
tools/gbagfx/gbagfx graphics/items/icon_palettes/insect_plate.pal build/assets/graphics/items/icon_palettes/insect_plate.pal.gbapal 
tools/gbagfx/gbagfx graphics/items/icon_palettes/iron.pal build/assets/graphics/items/icon_palettes/iron.pal.gbapal 
tools/gbagfx/gbagfx graphics/items/icon_palettes/iron_ball.pal build/assets/graphics/items/icon_palettes/iron_ball.pal.gbapal 
tools/gbagfx/gbagfx graphics/items/icon_palettes/iron_plate.pal build/assets/graphics/items/icon_palettes/iron_plate.pal.gbapal 
tools/gbagfx/gbagfx graphics/items/icon_palettes/jaboca_berry.pal build/assets/graphics/items/icon_palettes/jaboca_berry.pal.gbapal 
tools/gbagfx/gbagfx graphics/items/icon_palettes/jaw_fossil.pal build/assets/graphics/items/icon_palettes/jaw_fossil.pal.gbapal 
tools/gbagfx/gbagfx graphics/items/icon_palettes/jubilife_muffin.pal build/assets/graphics/items/icon_palettes/jubilife_muffin.pal.gbapal 
tools/gbagfx/gbagfx graphics/items/icon_palettes/kangaskhanite.pal build/assets/graphics/items/icon_palettes/kangaskhanite.pal.gbapal 
tools/gbagfx/gbagfx graphics/items/icon_palettes/kanto_fossil.pal build/assets/graphics/items/icon_palettes/kanto_fossil.pal.gbapal 
tools/gbagfx/gbagfx graphics/items/icon_palettes/kasib_berry.pal build/assets/graphics/items/icon_palettes/kasib_berry.pal.gbapal 
tools/gbagfx/gbagfx graphics/items/icon_palettes/kebia_berry.pal build/assets/graphics/items/icon_palettes/kebia_berry.pal.gbapal 
tools/gbagfx/gbagfx graphics/items/icon_palettes/kee_berry.pal build/assets/graphics/items/icon_palettes/kee_berry.pal.gbapal 
tools/gbagfx/gbagfx graphics/items/icon_palettes/kelpsy_berry.pal build/assets/graphics/items/icon_palettes/kelpsy_berry.pal.gbapal 
tools/gbagfx/gbagfx graphics/items/icon_palettes/key.pal build/assets/graphics/items/icon_palettes/key.pal.gbapal 
tools/gbagfx/gbagfx graphics/items/icon_palettes/kings_rock.pal build/assets/graphics/items/icon_palettes/kings_rock.pal.gbapal 
tools/gbagfx/gbagfx graphics/items/icon_palettes/kommonium_z.pal build/assets/graphics/items/icon_palettes/kommonium_z.pal.gbapal 
tools/gbagfx/gbagfx graphics/items/icon_palettes/lagging_tail.pal build/assets/graphics/items/icon_palettes/lagging_tail.pal.gbapal 
tools/gbagfx/gbagfx graphics/items/icon_palettes/lansat_berry.pal build/assets/graphics/items/icon_palettes/lansat_berry.pal.gbapal 
tools/gbagfx/gbagfx graphics/items/icon_palettes/latiasite.pal build/assets/graphics/items/icon_palettes/latiasite.pal.gbapal 
tools/gbagfx/gbagfx graphics/items/icon_palettes/latiosite.pal build/assets/graphics/items/icon_palettes/latiosite.pal.gbapal 
tools/gbagfx/gbagfx graphics/items/icon_palettes/lava_cookie_and_letter.pal build/assets/graphics/items/icon_palettes/lava_cookie_and_letter.pal.gbapal 
tools/gbagfx/gbagfx graphics/items/icon_palettes/lax_incense.pal build/assets/graphics/items/icon_palettes/lax_incense.pal.gbapal 
tools/gbagfx/gbagfx graphics/items/icon_palettes/leaders_crest.pal build/assets/graphics/items/icon_palettes/leaders_crest.pal.gbapal 
tools/gbagfx/gbagfx graphics/items/icon_palettes/leaf_stone.pal build/assets/graphics/items/icon_palettes/leaf_stone.pal.gbapal 
tools/gbagfx/gbagfx graphics/items/icon_palettes/leek.pal build/assets/graphics/items/icon_palettes/leek.pal.gbapal 
tools/gbagfx/gbagfx graphics/items/icon_palettes/leftovers.pal build/assets/graphics/items/icon_palettes/leftovers.pal.gbapal 
tools/gbagfx/gbagfx graphics/items/icon_palettes/lemonade.pal build/assets/graphics/items/icon_palettes/lemonade.pal.gbapal 
tools/gbagfx/gbagfx graphics/items/icon_palettes/leppa_berry.pal build/assets/graphics/items/icon_palettes/leppa_berry.pal.gbapal 
tools/gbagfx/gbagfx graphics/items/icon_palettes/level_ball.pal build/assets/graphics/items/icon_palettes/level_ball.pal.gbapal 
tools/gbagfx/gbagfx graphics/items/icon_palettes/liechi_berry.pal build/assets/graphics/items/icon_palettes/liechi_berry.pal.gbapal 
tools/gbagfx/gbagfx graphics/items/icon_palettes/life_orb.pal build/assets/graphics/items/icon_palettes/life_orb.pal.gbapal 
tools/gbagfx/gbagfx graphics/items/icon_palettes/light_ball.pal build/assets/graphics/items/icon_palettes/light_ball.pal.gbapal 
tools/gbagfx/gbagfx graphics/items/icon_palettes/light_blue_mint.pal build/assets/graphics/items/icon_palettes/light_blue_mint.pal.gbapal 
tools/gbagfx/gbagfx graphics/items/icon_palettes/light_clay.pal build/assets/graphics/items/icon_palettes/light_clay.pal.gbapal 
tools/gbagfx/gbagfx graphics/items/icon_palettes/linking_cord.pal build/assets/graphics/items/icon_palettes/linking_cord.pal.gbapal 
tools/gbagfx/gbagfx graphics/items/icon_palettes/loaded_dice.pal build/assets/graphics/items/icon_palettes/loaded_dice.pal.gbapal 
tools/gbagfx/gbagfx graphics/items/icon_palettes/lopunnite.pal build/assets/graphics/items/icon_palettes/lopunnite.pal.gbapal 
tools/gbagfx/gbagfx graphics/items/icon_palettes/love_ball.pal build/assets/graphics/items/icon_palettes/love_ball.pal.gbapal 
tools/gbagfx/gbagfx graphics/items/icon_palettes/love_sweet.pal build/assets/graphics/items/icon_palettes/love_sweet.pal.gbapal 
tools/gbagfx/gbagfx graphics/items/icon_palettes/lucarionite.pal build/assets/graphics/items/icon_palettes/lucarionite.pal.gbapal 
tools/gbagfx/gbagfx graphics/items/icon_palettes/lucarionite_z.pal build/assets/graphics/items/icon_palettes/lucarionite_z.pal.gbapal 
tools/gbagfx/gbagfx graphics/items/icon_palettes/luck_incense.pal build/assets/graphics/items/icon_palettes/luck_incense.pal.gbapal 
tools/gbagfx/gbagfx graphics/items/icon_palettes/lucky_egg.pal build/assets/graphics/items/icon_palettes/lucky_egg.pal.gbapal 
tools/gbagfx/gbagfx graphics/items/icon_palettes/lucky_punch.pal build/assets/graphics/items/icon_palettes/lucky_punch.pal.gbapal 
tools/gbagfx/gbagfx graphics/items/icon_palettes/lum_berry.pal build/assets/graphics/items/icon_palettes/lum_berry.pal.gbapal 
tools/gbagfx/gbagfx graphics/items/icon_palettes/luminous_moss.pal build/assets/graphics/items/icon_palettes/luminous_moss.pal.gbapal 
tools/gbagfx/gbagfx graphics/items/icon_palettes/lumiose_galette.pal build/assets/graphics/items/icon_palettes/lumiose_galette.pal.gbapal 
tools/gbagfx/gbagfx graphics/items/icon_palettes/lunalium_z.pal build/assets/graphics/items/icon_palettes/lunalium_z.pal.gbapal 
tools/gbagfx/gbagfx graphics/items/icon_palettes/lure.pal build/assets/graphics/items/icon_palettes/lure.pal.gbapal 
tools/gbagfx/gbagfx graphics/items/icon_palettes/lure_ball.pal build/assets/graphics/items/icon_palettes/lure_ball.pal.gbapal 
tools/gbagfx/gbagfx graphics/items/icon_palettes/lustrous_globe.pal build/assets/graphics/items/icon_palettes/lustrous_globe.pal.gbapal 
tools/gbagfx/gbagfx graphics/items/icon_palettes/lustrous_orb.pal build/assets/graphics/items/icon_palettes/lustrous_orb.pal.gbapal 
tools/gbagfx/gbagfx graphics/items/icon_palettes/luxury_ball.pal build/assets/graphics/items/icon_palettes/luxury_ball.pal.gbapal 
tools/gbagfx/gbagfx graphics/items/icon_palettes/lycanium_z.pal build/assets/graphics/items/icon_palettes/lycanium_z.pal.gbapal 
tools/gbagfx/gbagfx graphics/items/icon_palettes/mach_bike.pal build/assets/graphics/items/icon_palettes/mach_bike.pal.gbapal 
tools/gbagfx/gbagfx graphics/items/icon_palettes/macho_brace.pal build/assets/graphics/items/icon_palettes/macho_brace.pal.gbapal 
tools/gbagfx/gbagfx graphics/items/icon_palettes/magearnite.pal build/assets/graphics/items/icon_palettes/magearnite.pal.gbapal 
tools/gbagfx/gbagfx graphics/items/icon_palettes/magma_emblem.pal build/assets/graphics/items/icon_palettes/magma_emblem.pal.gbapal 
tools/gbagfx/gbagfx graphics/items/icon_palettes/magmarizer.pal build/assets/graphics/items/icon_palettes/magmarizer.pal.gbapal 
tools/gbagfx/gbagfx graphics/items/icon_palettes/magnet.pal build/assets/graphics/items/icon_palettes/magnet.pal.gbapal 
tools/gbagfx/gbagfx graphics/items/icon_palettes/mago_berry.pal build/assets/graphics/items/icon_palettes/mago_berry.pal.gbapal 
tools/gbagfx/gbagfx graphics/items/icon_palettes/magost_berry.pal build/assets/graphics/items/icon_palettes/magost_berry.pal.gbapal 
tools/gbagfx/gbagfx graphics/items/icon_palettes/malamarite.pal build/assets/graphics/items/icon_palettes/malamarite.pal.gbapal 
tools/gbagfx/gbagfx graphics/items/icon_palettes/malicious_armor.pal build/assets/graphics/items/icon_palettes/malicious_armor.pal.gbapal 
tools/gbagfx/gbagfx graphics/items/icon_palettes/manectite.pal build/assets/graphics/items/icon_palettes/manectite.pal.gbapal 
tools/gbagfx/gbagfx graphics/items/icon_palettes/maranga_berry.pal build/assets/graphics/items/icon_palettes/maranga_berry.pal.gbapal 
tools/gbagfx/gbagfx graphics/items/icon_palettes/marshadium_z.pal build/assets/graphics/items/icon_palettes/marshadium_z.pal.gbapal 
tools/gbagfx/gbagfx graphics/items/icon_palettes/master_ball.pal build/assets/graphics/items/icon_palettes/master_ball.pal.gbapal 
tools/gbagfx/gbagfx graphics/items/icon_palettes/masterpiece_teacup.pal build/assets/graphics/items/icon_palettes/masterpiece_teacup.pal.gbapal 
tools/gbagfx/gbagfx graphics/items/icon_palettes/mawilite.pal build/assets/graphics/items/icon_palettes/mawilite.pal.gbapal 
tools/gbagfx/gbagfx graphics/items/icon_palettes/max_elixir.pal build/assets/graphics/items/icon_palettes/max_elixir.pal.gbapal 
tools/gbagfx/gbagfx graphics/items/icon_palettes/max_ether.pal build/assets/graphics/items/icon_palettes/max_ether.pal.gbapal 
tools/gbagfx/gbagfx graphics/items/icon_palettes/max_honey.pal build/assets/graphics/items/icon_palettes/max_honey.pal.gbapal 
tools/gbagfx/gbagfx graphics/items/icon_palettes/max_lure.pal build/assets/graphics/items/icon_palettes/max_lure.pal.gbapal 
tools/gbagfx/gbagfx graphics/items/icon_palettes/max_mushrooms.pal build/assets/graphics/items/icon_palettes/max_mushrooms.pal.gbapal 
tools/gbagfx/gbagfx graphics/items/icon_palettes/max_potion.pal build/assets/graphics/items/icon_palettes/max_potion.pal.gbapal 
tools/gbagfx/gbagfx graphics/items/icon_palettes/max_repel.pal build/assets/graphics/items/icon_palettes/max_repel.pal.gbapal 
tools/gbagfx/gbagfx graphics/items/icon_palettes/meadow_plate.pal build/assets/graphics/items/icon_palettes/meadow_plate.pal.gbapal 
tools/gbagfx/gbagfx graphics/items/icon_palettes/mech_mail.pal build/assets/graphics/items/icon_palettes/mech_mail.pal.gbapal 
tools/gbagfx/gbagfx graphics/items/icon_palettes/medichamite.pal build/assets/graphics/items/icon_palettes/medichamite.pal.gbapal 
tools/gbagfx/gbagfx graphics/items/icon_palettes/mega_ring.pal build/assets/graphics/items/icon_palettes/mega_ring.pal.gbapal 
tools/gbagfx/gbagfx graphics/items/icon_palettes/meganiumite.pal build/assets/graphics/items/icon_palettes/meganiumite.pal.gbapal 
tools/gbagfx/gbagfx graphics/items/icon_palettes/mental_herb.pal build/assets/graphics/items/icon_palettes/mental_herb.pal.gbapal 
tools/gbagfx/gbagfx graphics/items/icon_palettes/meowsticite.pal build/assets/graphics/items/icon_palettes/meowsticite.pal.gbapal 
tools/gbagfx/gbagfx graphics/items/icon_palettes/metagrossite.pal build/assets/graphics/items/icon_palettes/metagrossite.pal.gbapal 
tools/gbagfx/gbagfx graphics/items/icon_palettes/metal_alloy.pal build/assets/graphics/items/icon_palettes/metal_alloy.pal.gbapal 
tools/gbagfx/gbagfx graphics/items/icon_palettes/metal_coat.pal build/assets/graphics/items/icon_palettes/metal_coat.pal.gbapal 
tools/gbagfx/gbagfx graphics/items/icon_palettes/metal_powder.pal build/assets/graphics/items/icon_palettes/metal_powder.pal.gbapal 
tools/gbagfx/gbagfx graphics/items/icon_palettes/meteorite.pal build/assets/graphics/items/icon_palettes/meteorite.pal.gbapal 
tools/gbagfx/gbagfx graphics/items/icon_palettes/metronome.pal build/assets/graphics/items/icon_palettes/metronome.pal.gbapal 
tools/gbagfx/gbagfx graphics/items/icon_palettes/mewnium_z.pal build/assets/graphics/items/icon_palettes/mewnium_z.pal.gbapal 
tools/gbagfx/gbagfx graphics/items/icon_palettes/mewtwonite_x.pal build/assets/graphics/items/icon_palettes/mewtwonite_x.pal.gbapal 
tools/gbagfx/gbagfx graphics/items/icon_palettes/mewtwonite_y.pal build/assets/graphics/items/icon_palettes/mewtwonite_y.pal.gbapal 
tools/gbagfx/gbagfx graphics/items/icon_palettes/micle_berry.pal build/assets/graphics/items/icon_palettes/micle_berry.pal.gbapal 
tools/gbagfx/gbagfx graphics/items/icon_palettes/mimikium_z.pal build/assets/graphics/items/icon_palettes/mimikium_z.pal.gbapal 
tools/gbagfx/gbagfx graphics/items/icon_palettes/mind_plate.pal build/assets/graphics/items/icon_palettes/mind_plate.pal.gbapal 
tools/gbagfx/gbagfx graphics/items/icon_palettes/miracle_seed.pal build/assets/graphics/items/icon_palettes/miracle_seed.pal.gbapal 
tools/gbagfx/gbagfx graphics/items/icon_palettes/mirror_herb.pal build/assets/graphics/items/icon_palettes/mirror_herb.pal.gbapal 
tools/gbagfx/gbagfx graphics/items/icon_palettes/misty_seed.pal build/assets/graphics/items/icon_palettes/misty_seed.pal.gbapal 
tools/gbagfx/gbagfx graphics/items/icon_palettes/moomoo_milk.pal build/assets/graphics/items/icon_palettes/moomoo_milk.pal.gbapal 
tools/gbagfx/gbagfx graphics/items/icon_palettes/moon_ball.pal build/assets/graphics/items/icon_palettes/moon_ball.pal.gbapal 
tools/gbagfx/gbagfx graphics/items/icon_palettes/moon_stone.pal build/assets/graphics/items/icon_palettes/moon_stone.pal.gbapal 
tools/gbagfx/gbagfx graphics/items/icon_palettes/muscle_band.pal build/assets/graphics/items/icon_palettes/muscle_band.pal.gbapal 
tools/gbagfx/gbagfx graphics/items/icon_palettes/muscle_feather.pal build/assets/graphics/items/icon_palettes/muscle_feather.pal.gbapal 
tools/gbagfx/gbagfx graphics/items/icon_palettes/muscle_mochi.pal build/assets/graphics/items/icon_palettes/muscle_mochi.pal.gbapal 
tools/gbagfx/gbagfx graphics/items/icon_palettes/mushroom.pal build/assets/graphics/items/icon_palettes/mushroom.pal.gbapal 
tools/gbagfx/gbagfx graphics/items/icon_palettes/mystery_tm_hm.pal build/assets/graphics/items/icon_palettes/mystery_tm_hm.pal.gbapal 
tools/gbagfx/gbagfx graphics/items/icon_palettes/mystic_ticket.pal build/assets/graphics/items/icon_palettes/mystic_ticket.pal.gbapal 
tools/gbagfx/gbagfx graphics/items/icon_palettes/mystic_water.pal build/assets/graphics/items/icon_palettes/mystic_water.pal.gbapal 
tools/gbagfx/gbagfx graphics/items/icon_palettes/n_lunarizer.pal build/assets/graphics/items/icon_palettes/n_lunarizer.pal.gbapal 
tools/gbagfx/gbagfx graphics/items/icon_palettes/n_solarizer.pal build/assets/graphics/items/icon_palettes/n_solarizer.pal.gbapal 
tools/gbagfx/gbagfx graphics/items/icon_palettes/nanab_berry.pal build/assets/graphics/items/icon_palettes/nanab_berry.pal.gbapal 
tools/gbagfx/gbagfx graphics/items/icon_palettes/nest_ball.pal build/assets/graphics/items/icon_palettes/nest_ball.pal.gbapal 
tools/gbagfx/gbagfx graphics/items/icon_palettes/net_ball.pal build/assets/graphics/items/icon_palettes/net_ball.pal.gbapal 
tools/gbagfx/gbagfx graphics/items/icon_palettes/never_melt_ice.pal build/assets/graphics/items/icon_palettes/never_melt_ice.pal.gbapal 
tools/gbagfx/gbagfx graphics/items/icon_palettes/nomel_berry.pal build/assets/graphics/items/icon_palettes/nomel_berry.pal.gbapal 
tools/gbagfx/gbagfx graphics/items/icon_palettes/normal_gem.pal build/assets/graphics/items/icon_palettes/normal_gem.pal.gbapal 
tools/gbagfx/gbagfx graphics/items/icon_palettes/normal_tera_shard.pal build/assets/graphics/items/icon_palettes/normal_tera_shard.pal.gbapal 
tools/gbagfx/gbagfx graphics/items/icon_palettes/normal_tm_hm.pal build/assets/graphics/items/icon_palettes/normal_tm_hm.pal.gbapal 
tools/gbagfx/gbagfx graphics/items/icon_palettes/normalium_z.pal build/assets/graphics/items/icon_palettes/normalium_z.pal.gbapal 
tools/gbagfx/gbagfx graphics/items/icon_palettes/nugget.pal build/assets/graphics/items/icon_palettes/nugget.pal.gbapal 
tools/gbagfx/gbagfx graphics/items/icon_palettes/occa_berry.pal build/assets/graphics/items/icon_palettes/occa_berry.pal.gbapal 
tools/gbagfx/gbagfx graphics/items/icon_palettes/odd_incense.pal build/assets/graphics/items/icon_palettes/odd_incense.pal.gbapal 
tools/gbagfx/gbagfx graphics/items/icon_palettes/odd_keystone.pal build/assets/graphics/items/icon_palettes/odd_keystone.pal.gbapal 
tools/gbagfx/gbagfx graphics/items/icon_palettes/old_amber.pal build/assets/graphics/items/icon_palettes/old_amber.pal.gbapal 
tools/gbagfx/gbagfx graphics/items/icon_palettes/old_gateau.pal build/assets/graphics/items/icon_palettes/old_gateau.pal.gbapal 
tools/gbagfx/gbagfx graphics/items/icon_palettes/old_key.pal build/assets/graphics/items/icon_palettes/old_key.pal.gbapal 
tools/gbagfx/gbagfx graphics/items/icon_palettes/old_rod.pal build/assets/graphics/items/icon_palettes/old_rod.pal.gbapal 
tools/gbagfx/gbagfx graphics/items/icon_palettes/old_sea_map.pal build/assets/graphics/items/icon_palettes/old_sea_map.pal.gbapal 
tools/gbagfx/gbagfx graphics/items/icon_palettes/oran_berry.pal build/assets/graphics/items/icon_palettes/oran_berry.pal.gbapal 
tools/gbagfx/gbagfx graphics/items/icon_palettes/orange_mail.pal build/assets/graphics/items/icon_palettes/orange_mail.pal.gbapal 
tools/gbagfx/gbagfx graphics/items/icon_palettes/oval_charm.pal build/assets/graphics/items/icon_palettes/oval_charm.pal.gbapal 
tools/gbagfx/gbagfx graphics/items/icon_palettes/oval_stone.pal build/assets/graphics/items/icon_palettes/oval_stone.pal.gbapal 
tools/gbagfx/gbagfx graphics/items/icon_palettes/pamtre_berry.pal build/assets/graphics/items/icon_palettes/pamtre_berry.pal.gbapal 
tools/gbagfx/gbagfx graphics/items/icon_palettes/paralyze_heal.pal build/assets/graphics/items/icon_palettes/paralyze_heal.pal.gbapal 
tools/gbagfx/gbagfx graphics/items/icon_palettes/parcel.pal build/assets/graphics/items/icon_palettes/parcel.pal.gbapal 
tools/gbagfx/gbagfx graphics/items/icon_palettes/park_ball.pal build/assets/graphics/items/icon_palettes/park_ball.pal.gbapal 
tools/gbagfx/gbagfx graphics/items/icon_palettes/passho_berry.pal build/assets/graphics/items/icon_palettes/passho_berry.pal.gbapal 
tools/gbagfx/gbagfx graphics/items/icon_palettes/payapa_berry.pal build/assets/graphics/items/icon_palettes/payapa_berry.pal.gbapal 
tools/gbagfx/gbagfx graphics/items/icon_palettes/pearl.pal build/assets/graphics/items/icon_palettes/pearl.pal.gbapal 
tools/gbagfx/gbagfx graphics/items/icon_palettes/pearl_string.pal build/assets/graphics/items/icon_palettes/pearl_string.pal.gbapal 
tools/gbagfx/gbagfx graphics/items/icon_palettes/peat_block.pal build/assets/graphics/items/icon_palettes/peat_block.pal.gbapal 
tools/gbagfx/gbagfx graphics/items/icon_palettes/pecha_berry.pal build/assets/graphics/items/icon_palettes/pecha_berry.pal.gbapal 
tools/gbagfx/gbagfx graphics/items/icon_palettes/persim_berry.pal build/assets/graphics/items/icon_palettes/persim_berry.pal.gbapal 
tools/gbagfx/gbagfx graphics/items/icon_palettes/petaya_berry.pal build/assets/graphics/items/icon_palettes/petaya_berry.pal.gbapal 
tools/gbagfx/gbagfx graphics/items/icon_palettes/pewter_crunchies.pal build/assets/graphics/items/icon_palettes/pewter_crunchies.pal.gbapal 
tools/gbagfx/gbagfx graphics/items/icon_palettes/pidgeotite.pal build/assets/graphics/items/icon_palettes/pidgeotite.pal.gbapal 
tools/gbagfx/gbagfx graphics/items/icon_palettes/pikanium_z.pal build/assets/graphics/items/icon_palettes/pikanium_z.pal.gbapal 
tools/gbagfx/gbagfx graphics/items/icon_palettes/pikashunium_z.pal build/assets/graphics/items/icon_palettes/pikashunium_z.pal.gbapal 
tools/gbagfx/gbagfx graphics/items/icon_palettes/pinap_berry.pal build/assets/graphics/items/icon_palettes/pinap_berry.pal.gbapal 
tools/gbagfx/gbagfx graphics/items/icon_palettes/pink_apricorn.pal build/assets/graphics/items/icon_palettes/pink_apricorn.pal.gbapal 
tools/gbagfx/gbagfx graphics/items/icon_palettes/pink_mint.pal build/assets/graphics/items/icon_palettes/pink_mint.pal.gbapal 
tools/gbagfx/gbagfx graphics/items/icon_palettes/pink_nectar.pal build/assets/graphics/items/icon_palettes/pink_nectar.pal.gbapal 
tools/gbagfx/gbagfx graphics/items/icon_palettes/pink_scarf.pal build/assets/graphics/items/icon_palettes/pink_scarf.pal.gbapal 
tools/gbagfx/gbagfx graphics/items/icon_palettes/pinsirite.pal build/assets/graphics/items/icon_palettes/pinsirite.pal.gbapal 
tools/gbagfx/gbagfx graphics/items/icon_palettes/pixie_plate.pal build/assets/graphics/items/icon_palettes/pixie_plate.pal.gbapal 
tools/gbagfx/gbagfx graphics/items/icon_palettes/plume_fossil.pal build/assets/graphics/items/icon_palettes/plume_fossil.pal.gbapal 
tools/gbagfx/gbagfx graphics/items/icon_palettes/poison_barb.pal build/assets/graphics/items/icon_palettes/poison_barb.pal.gbapal 
tools/gbagfx/gbagfx graphics/items/icon_palettes/poison_gem.pal build/assets/graphics/items/icon_palettes/poison_gem.pal.gbapal 
tools/gbagfx/gbagfx graphics/items/icon_palettes/poison_memory.pal build/assets/graphics/items/icon_palettes/poison_memory.pal.gbapal 
tools/gbagfx/gbagfx graphics/items/icon_palettes/poison_tera_shard.pal build/assets/graphics/items/icon_palettes/poison_tera_shard.pal.gbapal 
tools/gbagfx/gbagfx graphics/items/icon_palettes/poison_tm_hm.pal build/assets/graphics/items/icon_palettes/poison_tm_hm.pal.gbapal 
tools/gbagfx/gbagfx graphics/items/icon_palettes/poisonium_z.pal build/assets/graphics/items/icon_palettes/poisonium_z.pal.gbapal 
tools/gbagfx/gbagfx graphics/items/icon_palettes/poke_ball.pal build/assets/graphics/items/icon_palettes/poke_ball.pal.gbapal 
tools/gbagfx/gbagfx graphics/items/icon_palettes/poke_doll.pal build/assets/graphics/items/icon_palettes/poke_doll.pal.gbapal 
tools/gbagfx/gbagfx graphics/items/icon_palettes/poke_flute.pal build/assets/graphics/items/icon_palettes/poke_flute.pal.gbapal 
tools/gbagfx/gbagfx graphics/items/icon_palettes/poke_radar.pal build/assets/graphics/items/icon_palettes/poke_radar.pal.gbapal 
tools/gbagfx/gbagfx graphics/items/icon_palettes/poke_toy.pal build/assets/graphics/items/icon_palettes/poke_toy.pal.gbapal 
tools/gbagfx/gbagfx graphics/items/icon_palettes/pokeblock_case.pal build/assets/graphics/items/icon_palettes/pokeblock_case.pal.gbapal 
tools/gbagfx/gbagfx graphics/items/icon_palettes/pokemon_box_link.pal build/assets/graphics/items/icon_palettes/pokemon_box_link.pal.gbapal 
tools/gbagfx/gbagfx graphics/items/icon_palettes/pokeshi_doll.pal build/assets/graphics/items/icon_palettes/pokeshi_doll.pal.gbapal 
tools/gbagfx/gbagfx graphics/items/icon_palettes/pomeg_berry.pal build/assets/graphics/items/icon_palettes/pomeg_berry.pal.gbapal 
tools/gbagfx/gbagfx graphics/items/icon_palettes/pot.pal build/assets/graphics/items/icon_palettes/pot.pal.gbapal 
tools/gbagfx/gbagfx graphics/items/icon_palettes/potion.pal build/assets/graphics/items/icon_palettes/potion.pal.gbapal 
tools/gbagfx/gbagfx graphics/items/icon_palettes/powder_jar.pal build/assets/graphics/items/icon_palettes/powder_jar.pal.gbapal 
tools/gbagfx/gbagfx graphics/items/icon_palettes/power_anklet.pal build/assets/graphics/items/icon_palettes/power_anklet.pal.gbapal 
tools/gbagfx/gbagfx graphics/items/icon_palettes/power_band.pal build/assets/graphics/items/icon_palettes/power_band.pal.gbapal 
tools/gbagfx/gbagfx graphics/items/icon_palettes/power_belt.pal build/assets/graphics/items/icon_palettes/power_belt.pal.gbapal 
tools/gbagfx/gbagfx graphics/items/icon_palettes/power_bracer.pal build/assets/graphics/items/icon_palettes/power_bracer.pal.gbapal 
tools/gbagfx/gbagfx graphics/items/icon_palettes/power_herb.pal build/assets/graphics/items/icon_palettes/power_herb.pal.gbapal 
tools/gbagfx/gbagfx graphics/items/icon_palettes/power_lens.pal build/assets/graphics/items/icon_palettes/power_lens.pal.gbapal 
tools/gbagfx/gbagfx graphics/items/icon_palettes/power_weight.pal build/assets/graphics/items/icon_palettes/power_weight.pal.gbapal 
tools/gbagfx/gbagfx graphics/items/icon_palettes/pp_max.pal build/assets/graphics/items/icon_palettes/pp_max.pal.gbapal 
tools/gbagfx/gbagfx graphics/items/icon_palettes/pp_up.pal build/assets/graphics/items/icon_palettes/pp_up.pal.gbapal 
tools/gbagfx/gbagfx graphics/items/icon_palettes/premier_ball.pal build/assets/graphics/items/icon_palettes/premier_ball.pal.gbapal 
tools/gbagfx/gbagfx graphics/items/icon_palettes/pretty_feather.pal build/assets/graphics/items/icon_palettes/pretty_feather.pal.gbapal 
tools/gbagfx/gbagfx graphics/items/icon_palettes/primarium_z.pal build/assets/graphics/items/icon_palettes/primarium_z.pal.gbapal 
tools/gbagfx/gbagfx graphics/items/icon_palettes/prism_scale.pal build/assets/graphics/items/icon_palettes/prism_scale.pal.gbapal 
tools/gbagfx/gbagfx graphics/items/icon_palettes/prison_bottle.pal build/assets/graphics/items/icon_palettes/prison_bottle.pal.gbapal 
tools/gbagfx/gbagfx graphics/items/icon_palettes/protective_pads.pal build/assets/graphics/items/icon_palettes/protective_pads.pal.gbapal 
tools/gbagfx/gbagfx graphics/items/icon_palettes/protector.pal build/assets/graphics/items/icon_palettes/protector.pal.gbapal 
tools/gbagfx/gbagfx graphics/items/icon_palettes/protein.pal build/assets/graphics/items/icon_palettes/protein.pal.gbapal 
tools/gbagfx/gbagfx graphics/items/icon_palettes/psychic_gem.pal build/assets/graphics/items/icon_palettes/psychic_gem.pal.gbapal 
tools/gbagfx/gbagfx graphics/items/icon_palettes/psychic_memory.pal build/assets/graphics/items/icon_palettes/psychic_memory.pal.gbapal 
tools/gbagfx/gbagfx graphics/items/icon_palettes/psychic_seed.pal build/assets/graphics/items/icon_palettes/psychic_seed.pal.gbapal 
tools/gbagfx/gbagfx graphics/items/icon_palettes/psychic_tera_shard.pal build/assets/graphics/items/icon_palettes/psychic_tera_shard.pal.gbapal 
tools/gbagfx/gbagfx graphics/items/icon_palettes/psychic_tm_hm.pal build/assets/graphics/items/icon_palettes/psychic_tm_hm.pal.gbapal 
tools/gbagfx/gbagfx graphics/items/icon_palettes/psychium_z.pal build/assets/graphics/items/icon_palettes/psychium_z.pal.gbapal 
tools/gbagfx/gbagfx graphics/items/icon_palettes/punching_glove.pal build/assets/graphics/items/icon_palettes/punching_glove.pal.gbapal 
tools/gbagfx/gbagfx graphics/items/icon_palettes/pure_incense.pal build/assets/graphics/items/icon_palettes/pure_incense.pal.gbapal 
tools/gbagfx/gbagfx graphics/items/icon_palettes/purple_nectar.pal build/assets/graphics/items/icon_palettes/purple_nectar.pal.gbapal 
tools/gbagfx/gbagfx graphics/items/icon_palettes/pyroarite.pal build/assets/graphics/items/icon_palettes/pyroarite.pal.gbapal 
tools/gbagfx/gbagfx graphics/items/icon_palettes/qualot_berry.pal build/assets/graphics/items/icon_palettes/qualot_berry.pal.gbapal 
tools/gbagfx/gbagfx graphics/items/icon_palettes/question_mark.pal build/assets/graphics/items/icon_palettes/question_mark.pal.gbapal 
tools/gbagfx/gbagfx graphics/items/icon_palettes/quick_ball.pal build/assets/graphics/items/icon_palettes/quick_ball.pal.gbapal 
tools/gbagfx/gbagfx graphics/items/icon_palettes/quick_claw.pal build/assets/graphics/items/icon_palettes/quick_claw.pal.gbapal 
tools/gbagfx/gbagfx graphics/items/icon_palettes/quick_powder.pal build/assets/graphics/items/icon_palettes/quick_powder.pal.gbapal 
tools/gbagfx/gbagfx graphics/items/icon_palettes/rabuta_berry.pal build/assets/graphics/items/icon_palettes/rabuta_berry.pal.gbapal 
tools/gbagfx/gbagfx graphics/items/icon_palettes/rage_candy_bar.pal build/assets/graphics/items/icon_palettes/rage_candy_bar.pal.gbapal 
tools/gbagfx/gbagfx graphics/items/icon_palettes/raichunite_x.pal build/assets/graphics/items/icon_palettes/raichunite_x.pal.gbapal 
tools/gbagfx/gbagfx graphics/items/icon_palettes/raichunite_y.pal build/assets/graphics/items/icon_palettes/raichunite_y.pal.gbapal 
tools/gbagfx/gbagfx graphics/items/icon_palettes/rainbow_pass.pal build/assets/graphics/items/icon_palettes/rainbow_pass.pal.gbapal 
tools/gbagfx/gbagfx graphics/items/icon_palettes/rare_candy.pal build/assets/graphics/items/icon_palettes/rare_candy.pal.gbapal 
tools/gbagfx/gbagfx graphics/items/icon_palettes/rawst_berry.pal build/assets/graphics/items/icon_palettes/rawst_berry.pal.gbapal 
tools/gbagfx/gbagfx graphics/items/icon_palettes/razor_claw.pal build/assets/graphics/items/icon_palettes/razor_claw.pal.gbapal 
tools/gbagfx/gbagfx graphics/items/icon_palettes/razor_fang.pal build/assets/graphics/items/icon_palettes/razor_fang.pal.gbapal 
tools/gbagfx/gbagfx graphics/items/icon_palettes/razz_berry.pal build/assets/graphics/items/icon_palettes/razz_berry.pal.gbapal 
tools/gbagfx/gbagfx graphics/items/icon_palettes/reaper_cloth.pal build/assets/graphics/items/icon_palettes/reaper_cloth.pal.gbapal 
tools/gbagfx/gbagfx graphics/items/icon_palettes/red_apricorn.pal build/assets/graphics/items/icon_palettes/red_apricorn.pal.gbapal 
tools/gbagfx/gbagfx graphics/items/icon_palettes/red_card.pal build/assets/graphics/items/icon_palettes/red_card.pal.gbapal 
tools/gbagfx/gbagfx graphics/items/icon_palettes/red_flute.pal build/assets/graphics/items/icon_palettes/red_flute.pal.gbapal 
tools/gbagfx/gbagfx graphics/items/icon_palettes/red_mint.pal build/assets/graphics/items/icon_palettes/red_mint.pal.gbapal 
tools/gbagfx/gbagfx graphics/items/icon_palettes/red_nectar.pal build/assets/graphics/items/icon_palettes/red_nectar.pal.gbapal 
tools/gbagfx/gbagfx graphics/items/icon_palettes/red_orb.pal build/assets/graphics/items/icon_palettes/red_orb.pal.gbapal 
tools/gbagfx/gbagfx graphics/items/icon_palettes/red_scarf.pal build/assets/graphics/items/icon_palettes/red_scarf.pal.gbapal 
tools/gbagfx/gbagfx graphics/items/icon_palettes/red_shard.pal build/assets/graphics/items/icon_palettes/red_shard.pal.gbapal 
tools/gbagfx/gbagfx graphics/items/icon_palettes/reins_of_unity.pal build/assets/graphics/items/icon_palettes/reins_of_unity.pal.gbapal 
tools/gbagfx/gbagfx graphics/items/icon_palettes/relic_copper.pal build/assets/graphics/items/icon_palettes/relic_copper.pal.gbapal 
tools/gbagfx/gbagfx graphics/items/icon_palettes/relic_gold.pal build/assets/graphics/items/icon_palettes/relic_gold.pal.gbapal 
tools/gbagfx/gbagfx graphics/items/icon_palettes/relic_silver.pal build/assets/graphics/items/icon_palettes/relic_silver.pal.gbapal 
tools/gbagfx/gbagfx graphics/items/icon_palettes/relics.pal build/assets/graphics/items/icon_palettes/relics.pal.gbapal 
tools/gbagfx/gbagfx graphics/items/icon_palettes/remedy.pal build/assets/graphics/items/icon_palettes/remedy.pal.gbapal 
tools/gbagfx/gbagfx graphics/items/icon_palettes/repeat_ball.pal build/assets/graphics/items/icon_palettes/repeat_ball.pal.gbapal 
tools/gbagfx/gbagfx graphics/items/icon_palettes/repel.pal build/assets/graphics/items/icon_palettes/repel.pal.gbapal 
tools/gbagfx/gbagfx graphics/items/icon_palettes/resist_feather.pal build/assets/graphics/items/icon_palettes/resist_feather.pal.gbapal 
tools/gbagfx/gbagfx graphics/items/icon_palettes/resist_mochi.pal build/assets/graphics/items/icon_palettes/resist_mochi.pal.gbapal 
tools/gbagfx/gbagfx graphics/items/icon_palettes/retro_mail.pal build/assets/graphics/items/icon_palettes/retro_mail.pal.gbapal 
tools/gbagfx/gbagfx graphics/items/icon_palettes/return_to_field_arrow.pal build/assets/graphics/items/icon_palettes/return_to_field_arrow.pal.gbapal 
tools/gbagfx/gbagfx graphics/items/icon_palettes/reveal_glass.pal build/assets/graphics/items/icon_palettes/reveal_glass.pal.gbapal 
tools/gbagfx/gbagfx graphics/items/icon_palettes/revival_herb.pal build/assets/graphics/items/icon_palettes/revival_herb.pal.gbapal 
tools/gbagfx/gbagfx graphics/items/icon_palettes/revive.pal build/assets/graphics/items/icon_palettes/revive.pal.gbapal 
tools/gbagfx/gbagfx graphics/items/icon_palettes/ribbon_sweet.pal build/assets/graphics/items/icon_palettes/ribbon_sweet.pal.gbapal 
tools/gbagfx/gbagfx graphics/items/icon_palettes/rich_mulch.pal build/assets/graphics/items/icon_palettes/rich_mulch.pal.gbapal 
tools/gbagfx/gbagfx graphics/items/icon_palettes/rindo_berry.pal build/assets/graphics/items/icon_palettes/rindo_berry.pal.gbapal 
tools/gbagfx/gbagfx graphics/items/icon_palettes/ring_target.pal build/assets/graphics/items/icon_palettes/ring_target.pal.gbapal 
tools/gbagfx/gbagfx graphics/items/icon_palettes/rock_gem.pal build/assets/graphics/items/icon_palettes/rock_gem.pal.gbapal 
tools/gbagfx/gbagfx graphics/items/icon_palettes/rock_incense.pal build/assets/graphics/items/icon_palettes/rock_incense.pal.gbapal 
tools/gbagfx/gbagfx graphics/items/icon_palettes/rock_memory.pal build/assets/graphics/items/icon_palettes/rock_memory.pal.gbapal 
tools/gbagfx/gbagfx graphics/items/icon_palettes/rock_tera_shard.pal build/assets/graphics/items/icon_palettes/rock_tera_shard.pal.gbapal 
tools/gbagfx/gbagfx graphics/items/icon_palettes/rock_tm_hm.pal build/assets/graphics/items/icon_palettes/rock_tm_hm.pal.gbapal 
tools/gbagfx/gbagfx graphics/items/icon_palettes/rockium_z.pal build/assets/graphics/items/icon_palettes/rockium_z.pal.gbapal 
tools/gbagfx/gbagfx graphics/items/icon_palettes/rocky_helmet.pal build/assets/graphics/items/icon_palettes/rocky_helmet.pal.gbapal 
tools/gbagfx/gbagfx graphics/items/icon_palettes/room_service.pal build/assets/graphics/items/icon_palettes/room_service.pal.gbapal 
tools/gbagfx/gbagfx graphics/items/icon_palettes/rose_incense.pal build/assets/graphics/items/icon_palettes/rose_incense.pal.gbapal 
tools/gbagfx/gbagfx graphics/items/icon_palettes/roseli_berry.pal build/assets/graphics/items/icon_palettes/roseli_berry.pal.gbapal 
tools/gbagfx/gbagfx graphics/items/icon_palettes/rotom_catalog.pal build/assets/graphics/items/icon_palettes/rotom_catalog.pal.gbapal 
tools/gbagfx/gbagfx graphics/items/icon_palettes/rowap_berry.pal build/assets/graphics/items/icon_palettes/rowap_berry.pal.gbapal 
tools/gbagfx/gbagfx graphics/items/icon_palettes/ruby.pal build/assets/graphics/items/icon_palettes/ruby.pal.gbapal 
tools/gbagfx/gbagfx graphics/items/icon_palettes/rusted_weapons.pal build/assets/graphics/items/icon_palettes/rusted_weapons.pal.gbapal 
tools/gbagfx/gbagfx graphics/items/icon_palettes/sablenite.pal build/assets/graphics/items/icon_palettes/sablenite.pal.gbapal 
tools/gbagfx/gbagfx graphics/items/icon_palettes/sachet.pal build/assets/graphics/items/icon_palettes/sachet.pal.gbapal 
tools/gbagfx/gbagfx graphics/items/icon_palettes/sacred_ash.pal build/assets/graphics/items/icon_palettes/sacred_ash.pal.gbapal 
tools/gbagfx/gbagfx graphics/items/icon_palettes/safari_ball.pal build/assets/graphics/items/icon_palettes/safari_ball.pal.gbapal 
tools/gbagfx/gbagfx graphics/items/icon_palettes/safety_goggles.pal build/assets/graphics/items/icon_palettes/safety_goggles.pal.gbapal 
tools/gbagfx/gbagfx graphics/items/icon_palettes/sail_fossil.pal build/assets/graphics/items/icon_palettes/sail_fossil.pal.gbapal 
tools/gbagfx/gbagfx graphics/items/icon_palettes/salac_berry.pal build/assets/graphics/items/icon_palettes/salac_berry.pal.gbapal 
tools/gbagfx/gbagfx graphics/items/icon_palettes/salamencite.pal build/assets/graphics/items/icon_palettes/salamencite.pal.gbapal 
tools/gbagfx/gbagfx graphics/items/icon_palettes/sapphire.pal build/assets/graphics/items/icon_palettes/sapphire.pal.gbapal 
tools/gbagfx/gbagfx graphics/items/icon_palettes/scanner.pal build/assets/graphics/items/icon_palettes/scanner.pal.gbapal 
tools/gbagfx/gbagfx graphics/items/icon_palettes/sceptilite.pal build/assets/graphics/items/icon_palettes/sceptilite.pal.gbapal 
tools/gbagfx/gbagfx graphics/items/icon_palettes/scizorite.pal build/assets/graphics/items/icon_palettes/scizorite.pal.gbapal 
tools/gbagfx/gbagfx graphics/items/icon_palettes/scolipite.pal build/assets/graphics/items/icon_palettes/scolipite.pal.gbapal 
tools/gbagfx/gbagfx graphics/items/icon_palettes/scope_lens.pal build/assets/graphics/items/icon_palettes/scope_lens.pal.gbapal 
tools/gbagfx/gbagfx graphics/items/icon_palettes/scovillainite.pal build/assets/graphics/items/icon_palettes/scovillainite.pal.gbapal 
tools/gbagfx/gbagfx graphics/items/icon_palettes/scraftinite.pal build/assets/graphics/items/icon_palettes/scraftinite.pal.gbapal 
tools/gbagfx/gbagfx graphics/items/icon_palettes/scroll_of_darkness.pal build/assets/graphics/items/icon_palettes/scroll_of_darkness.pal.gbapal 
tools/gbagfx/gbagfx graphics/items/icon_palettes/scroll_of_waters.pal build/assets/graphics/items/icon_palettes/scroll_of_waters.pal.gbapal 
tools/gbagfx/gbagfx graphics/items/icon_palettes/sea_incense.pal build/assets/graphics/items/icon_palettes/sea_incense.pal.gbapal 
tools/gbagfx/gbagfx graphics/items/icon_palettes/secret_key.pal build/assets/graphics/items/icon_palettes/secret_key.pal.gbapal 
tools/gbagfx/gbagfx graphics/items/icon_palettes/shadow_mail.pal build/assets/graphics/items/icon_palettes/shadow_mail.pal.gbapal 
tools/gbagfx/gbagfx graphics/items/icon_palettes/shalour_sable.pal build/assets/graphics/items/icon_palettes/shalour_sable.pal.gbapal 
tools/gbagfx/gbagfx graphics/items/icon_palettes/sharp_beak.pal build/assets/graphics/items/icon_palettes/sharp_beak.pal.gbapal 
tools/gbagfx/gbagfx graphics/items/icon_palettes/sharpedonite.pal build/assets/graphics/items/icon_palettes/sharpedonite.pal.gbapal 
tools/gbagfx/gbagfx graphics/items/icon_palettes/shed_shell.pal build/assets/graphics/items/icon_palettes/shed_shell.pal.gbapal 
tools/gbagfx/gbagfx graphics/items/icon_palettes/shell.pal build/assets/graphics/items/icon_palettes/shell.pal.gbapal 
tools/gbagfx/gbagfx graphics/items/icon_palettes/shiny_charm.pal build/assets/graphics/items/icon_palettes/shiny_charm.pal.gbapal 
tools/gbagfx/gbagfx graphics/items/icon_palettes/shiny_stone.pal build/assets/graphics/items/icon_palettes/shiny_stone.pal.gbapal 
tools/gbagfx/gbagfx graphics/items/icon_palettes/shoal_salt.pal build/assets/graphics/items/icon_palettes/shoal_salt.pal.gbapal 
tools/gbagfx/gbagfx graphics/items/icon_palettes/shock_drive.pal build/assets/graphics/items/icon_palettes/shock_drive.pal.gbapal 
tools/gbagfx/gbagfx graphics/items/icon_palettes/shuca_berry.pal build/assets/graphics/items/icon_palettes/shuca_berry.pal.gbapal 
tools/gbagfx/gbagfx graphics/items/icon_palettes/silk_scarf.pal build/assets/graphics/items/icon_palettes/silk_scarf.pal.gbapal 
tools/gbagfx/gbagfx graphics/items/icon_palettes/silph_scope.pal build/assets/graphics/items/icon_palettes/silph_scope.pal.gbapal 
tools/gbagfx/gbagfx graphics/items/icon_palettes/silver_powder.pal build/assets/graphics/items/icon_palettes/silver_powder.pal.gbapal 
tools/gbagfx/gbagfx graphics/items/icon_palettes/sitrus_berry.pal build/assets/graphics/items/icon_palettes/sitrus_berry.pal.gbapal 
tools/gbagfx/gbagfx graphics/items/icon_palettes/skarmorite.pal build/assets/graphics/items/icon_palettes/skarmorite.pal.gbapal 
tools/gbagfx/gbagfx graphics/items/icon_palettes/skull_fossil.pal build/assets/graphics/items/icon_palettes/skull_fossil.pal.gbapal 
tools/gbagfx/gbagfx graphics/items/icon_palettes/sky_plate.pal build/assets/graphics/items/icon_palettes/sky_plate.pal.gbapal 
tools/gbagfx/gbagfx graphics/items/icon_palettes/slowbronite.pal build/assets/graphics/items/icon_palettes/slowbronite.pal.gbapal 
tools/gbagfx/gbagfx graphics/items/icon_palettes/smoke_ball.pal build/assets/graphics/items/icon_palettes/smoke_ball.pal.gbapal 
tools/gbagfx/gbagfx graphics/items/icon_palettes/smooth_rock.pal build/assets/graphics/items/icon_palettes/smooth_rock.pal.gbapal 
tools/gbagfx/gbagfx graphics/items/icon_palettes/snorlium_z.pal build/assets/graphics/items/icon_palettes/snorlium_z.pal.gbapal 
tools/gbagfx/gbagfx graphics/items/icon_palettes/snowball.pal build/assets/graphics/items/icon_palettes/snowball.pal.gbapal 
tools/gbagfx/gbagfx graphics/items/icon_palettes/soda_pop.pal build/assets/graphics/items/icon_palettes/soda_pop.pal.gbapal 
tools/gbagfx/gbagfx graphics/items/icon_palettes/soft_sand.pal build/assets/graphics/items/icon_palettes/soft_sand.pal.gbapal 
tools/gbagfx/gbagfx graphics/items/icon_palettes/solganium_z.pal build/assets/graphics/items/icon_palettes/solganium_z.pal.gbapal 
tools/gbagfx/gbagfx graphics/items/icon_palettes/soot_sack.pal build/assets/graphics/items/icon_palettes/soot_sack.pal.gbapal 
tools/gbagfx/gbagfx graphics/items/icon_palettes/soothe_bell.pal build/assets/graphics/items/icon_palettes/soothe_bell.pal.gbapal 
tools/gbagfx/gbagfx graphics/items/icon_palettes/soul_dew.pal build/assets/graphics/items/icon_palettes/soul_dew.pal.gbapal 
tools/gbagfx/gbagfx graphics/items/icon_palettes/spell_tag.pal build/assets/graphics/items/icon_palettes/spell_tag.pal.gbapal 
tools/gbagfx/gbagfx graphics/items/icon_palettes/spelon_berry.pal build/assets/graphics/items/icon_palettes/spelon_berry.pal.gbapal 
tools/gbagfx/gbagfx graphics/items/icon_palettes/splash_plate.pal build/assets/graphics/items/icon_palettes/splash_plate.pal.gbapal 
tools/gbagfx/gbagfx graphics/items/icon_palettes/spooky_plate.pal build/assets/graphics/items/icon_palettes/spooky_plate.pal.gbapal 
tools/gbagfx/gbagfx graphics/items/icon_palettes/sport_ball.pal build/assets/graphics/items/icon_palettes/sport_ball.pal.gbapal 
tools/gbagfx/gbagfx graphics/items/icon_palettes/ss_ticket.pal build/assets/graphics/items/icon_palettes/ss_ticket.pal.gbapal 
tools/gbagfx/gbagfx graphics/items/icon_palettes/stable_mulch.pal build/assets/graphics/items/icon_palettes/stable_mulch.pal.gbapal 
tools/gbagfx/gbagfx graphics/items/icon_palettes/star.pal build/assets/graphics/items/icon_palettes/star.pal.gbapal 
tools/gbagfx/gbagfx graphics/items/icon_palettes/star_sweet.pal build/assets/graphics/items/icon_palettes/star_sweet.pal.gbapal 
tools/gbagfx/gbagfx graphics/items/icon_palettes/staraptite.pal build/assets/graphics/items/icon_palettes/staraptite.pal.gbapal 
tools/gbagfx/gbagfx graphics/items/icon_palettes/starf_berry.pal build/assets/graphics/items/icon_palettes/starf_berry.pal.gbapal 
tools/gbagfx/gbagfx graphics/items/icon_palettes/starminite.pal build/assets/graphics/items/icon_palettes/starminite.pal.gbapal 
tools/gbagfx/gbagfx graphics/items/icon_palettes/steel_gem.pal build/assets/graphics/items/icon_palettes/steel_gem.pal.gbapal 
tools/gbagfx/gbagfx graphics/items/icon_palettes/steel_memory.pal build/assets/graphics/items/icon_palettes/steel_memory.pal.gbapal 
tools/gbagfx/gbagfx graphics/items/icon_palettes/steel_tera_shard.pal build/assets/graphics/items/icon_palettes/steel_tera_shard.pal.gbapal 
tools/gbagfx/gbagfx graphics/items/icon_palettes/steel_tm_hm.pal build/assets/graphics/items/icon_palettes/steel_tm_hm.pal.gbapal 
tools/gbagfx/gbagfx graphics/items/icon_palettes/steelium_z.pal build/assets/graphics/items/icon_palettes/steelium_z.pal.gbapal 
tools/gbagfx/gbagfx graphics/items/icon_palettes/steelixite.pal build/assets/graphics/items/icon_palettes/steelixite.pal.gbapal 
tools/gbagfx/gbagfx graphics/items/icon_palettes/stellar_tera_shard.pal build/assets/graphics/items/icon_palettes/stellar_tera_shard.pal.gbapal 
tools/gbagfx/gbagfx graphics/items/icon_palettes/sticky_barb.pal build/assets/graphics/items/icon_palettes/sticky_barb.pal.gbapal 
tools/gbagfx/gbagfx graphics/items/icon_palettes/stone_plate.pal build/assets/graphics/items/icon_palettes/stone_plate.pal.gbapal 
tools/gbagfx/gbagfx graphics/items/icon_palettes/strange_ball.pal build/assets/graphics/items/icon_palettes/strange_ball.pal.gbapal 
tools/gbagfx/gbagfx graphics/items/icon_palettes/strange_souvenir.pal build/assets/graphics/items/icon_palettes/strange_souvenir.pal.gbapal 
tools/gbagfx/gbagfx graphics/items/icon_palettes/strawberry_sweet.pal build/assets/graphics/items/icon_palettes/strawberry_sweet.pal.gbapal 
tools/gbagfx/gbagfx graphics/items/icon_palettes/sun_stone.pal build/assets/graphics/items/icon_palettes/sun_stone.pal.gbapal 
tools/gbagfx/gbagfx graphics/items/icon_palettes/super_lure.pal build/assets/graphics/items/icon_palettes/super_lure.pal.gbapal 
tools/gbagfx/gbagfx graphics/items/icon_palettes/super_potion.pal build/assets/graphics/items/icon_palettes/super_potion.pal.gbapal 
tools/gbagfx/gbagfx graphics/items/icon_palettes/super_repel.pal build/assets/graphics/items/icon_palettes/super_repel.pal.gbapal 
tools/gbagfx/gbagfx graphics/items/icon_palettes/super_rod.pal build/assets/graphics/items/icon_palettes/super_rod.pal.gbapal 
tools/gbagfx/gbagfx graphics/items/icon_palettes/superb_remedy.pal build/assets/graphics/items/icon_palettes/superb_remedy.pal.gbapal 
tools/gbagfx/gbagfx graphics/items/icon_palettes/surprise_mulch.pal build/assets/graphics/items/icon_palettes/surprise_mulch.pal.gbapal 
tools/gbagfx/gbagfx graphics/items/icon_palettes/swampertite.pal build/assets/graphics/items/icon_palettes/swampertite.pal.gbapal 
tools/gbagfx/gbagfx graphics/items/icon_palettes/swap_snack.pal build/assets/graphics/items/icon_palettes/swap_snack.pal.gbapal 
tools/gbagfx/gbagfx graphics/items/icon_palettes/sweet_apple.pal build/assets/graphics/items/icon_palettes/sweet_apple.pal.gbapal 
tools/gbagfx/gbagfx graphics/items/icon_palettes/sweet_heart.pal build/assets/graphics/items/icon_palettes/sweet_heart.pal.gbapal 
tools/gbagfx/gbagfx graphics/items/icon_palettes/swift_feather.pal build/assets/graphics/items/icon_palettes/swift_feather.pal.gbapal 
tools/gbagfx/gbagfx graphics/items/icon_palettes/swift_mochi.pal build/assets/graphics/items/icon_palettes/swift_mochi.pal.gbapal 
tools/gbagfx/gbagfx graphics/items/icon_palettes/syrupy_apple.pal build/assets/graphics/items/icon_palettes/syrupy_apple.pal.gbapal 
tools/gbagfx/gbagfx graphics/items/icon_palettes/tamato_berry.pal build/assets/graphics/items/icon_palettes/tamato_berry.pal.gbapal 
tools/gbagfx/gbagfx graphics/items/icon_palettes/tanga_berry.pal build/assets/graphics/items/icon_palettes/tanga_berry.pal.gbapal 
tools/gbagfx/gbagfx graphics/items/icon_palettes/tapunium_z.pal build/assets/graphics/items/icon_palettes/tapunium_z.pal.gbapal 
tools/gbagfx/gbagfx graphics/items/icon_palettes/tart_apple.pal build/assets/graphics/items/icon_palettes/tart_apple.pal.gbapal 
tools/gbagfx/gbagfx graphics/items/icon_palettes/tatsugirinite.pal build/assets/graphics/items/icon_palettes/tatsugirinite.pal.gbapal 
tools/gbagfx/gbagfx graphics/items/icon_palettes/tea.pal build/assets/graphics/items/icon_palettes/tea.pal.gbapal 
tools/gbagfx/gbagfx graphics/items/icon_palettes/teachy_tv.pal build/assets/graphics/items/icon_palettes/teachy_tv.pal.gbapal 
tools/gbagfx/gbagfx graphics/items/icon_palettes/tera_orb.pal build/assets/graphics/items/icon_palettes/tera_orb.pal.gbapal 
tools/gbagfx/gbagfx graphics/items/icon_palettes/terrain_extender.pal build/assets/graphics/items/icon_palettes/terrain_extender.pal.gbapal 
tools/gbagfx/gbagfx graphics/items/icon_palettes/throat_spray.pal build/assets/graphics/items/icon_palettes/throat_spray.pal.gbapal 
tools/gbagfx/gbagfx graphics/items/icon_palettes/thunder_stone.pal build/assets/graphics/items/icon_palettes/thunder_stone.pal.gbapal 
tools/gbagfx/gbagfx graphics/items/icon_palettes/tiny_bamboo_shoot.pal build/assets/graphics/items/icon_palettes/tiny_bamboo_shoot.pal.gbapal 
tools/gbagfx/gbagfx graphics/items/icon_palettes/tm_case.pal build/assets/graphics/items/icon_palettes/tm_case.pal.gbapal 
tools/gbagfx/gbagfx graphics/items/icon_palettes/town_map.pal build/assets/graphics/items/icon_palettes/town_map.pal.gbapal 
tools/gbagfx/gbagfx graphics/items/icon_palettes/toxic_orb.pal build/assets/graphics/items/icon_palettes/toxic_orb.pal.gbapal 
tools/gbagfx/gbagfx graphics/items/icon_palettes/toxic_plate.pal build/assets/graphics/items/icon_palettes/toxic_plate.pal.gbapal 
tools/gbagfx/gbagfx graphics/items/icon_palettes/tri_pass.pal build/assets/graphics/items/icon_palettes/tri_pass.pal.gbapal 
tools/gbagfx/gbagfx graphics/items/icon_palettes/tropic_mail.pal build/assets/graphics/items/icon_palettes/tropic_mail.pal.gbapal 
tools/gbagfx/gbagfx graphics/items/icon_palettes/twice_spiced_radish.pal build/assets/graphics/items/icon_palettes/twice_spiced_radish.pal.gbapal 
tools/gbagfx/gbagfx graphics/items/icon_palettes/twisted_spoon.pal build/assets/graphics/items/icon_palettes/twisted_spoon.pal.gbapal 
tools/gbagfx/gbagfx graphics/items/icon_palettes/tyranitarite.pal build/assets/graphics/items/icon_palettes/tyranitarite.pal.gbapal 
tools/gbagfx/gbagfx graphics/items/icon_palettes/ultra_ball.pal build/assets/graphics/items/icon_palettes/ultra_ball.pal.gbapal 
tools/gbagfx/gbagfx graphics/items/icon_palettes/ultranecrozium_z.pal build/assets/graphics/items/icon_palettes/ultranecrozium_z.pal.gbapal 
tools/gbagfx/gbagfx graphics/items/icon_palettes/unremarkable_teacup.pal build/assets/graphics/items/icon_palettes/unremarkable_teacup.pal.gbapal 
tools/gbagfx/gbagfx graphics/items/icon_palettes/upgrade.pal build/assets/graphics/items/icon_palettes/upgrade.pal.gbapal 
tools/gbagfx/gbagfx graphics/items/icon_palettes/utility_umbrella.pal build/assets/graphics/items/icon_palettes/utility_umbrella.pal.gbapal 
tools/gbagfx/gbagfx graphics/items/icon_palettes/venusaurite.pal build/assets/graphics/items/icon_palettes/venusaurite.pal.gbapal 
tools/gbagfx/gbagfx graphics/items/icon_palettes/victreebelite.pal build/assets/graphics/items/icon_palettes/victreebelite.pal.gbapal 
tools/gbagfx/gbagfx graphics/items/icon_palettes/vs_seeker.pal build/assets/graphics/items/icon_palettes/vs_seeker.pal.gbapal 
tools/gbagfx/gbagfx graphics/items/icon_palettes/wacan_berry.pal build/assets/graphics/items/icon_palettes/wacan_berry.pal.gbapal 
tools/gbagfx/gbagfx graphics/items/icon_palettes/wailmer_pail.pal build/assets/graphics/items/icon_palettes/wailmer_pail.pal.gbapal 
tools/gbagfx/gbagfx graphics/items/icon_palettes/water_gem.pal build/assets/graphics/items/icon_palettes/water_gem.pal.gbapal 
tools/gbagfx/gbagfx graphics/items/icon_palettes/water_memory.pal build/assets/graphics/items/icon_palettes/water_memory.pal.gbapal 
tools/gbagfx/gbagfx graphics/items/icon_palettes/water_stone.pal build/assets/graphics/items/icon_palettes/water_stone.pal.gbapal 
tools/gbagfx/gbagfx graphics/items/icon_palettes/water_tera_shard.pal build/assets/graphics/items/icon_palettes/water_tera_shard.pal.gbapal 
tools/gbagfx/gbagfx graphics/items/icon_palettes/water_tm_hm.pal build/assets/graphics/items/icon_palettes/water_tm_hm.pal.gbapal 
tools/gbagfx/gbagfx graphics/items/icon_palettes/waterium_z.pal build/assets/graphics/items/icon_palettes/waterium_z.pal.gbapal 
tools/gbagfx/gbagfx graphics/items/icon_palettes/watmel_berry.pal build/assets/graphics/items/icon_palettes/watmel_berry.pal.gbapal 
tools/gbagfx/gbagfx graphics/items/icon_palettes/wave_incense.pal build/assets/graphics/items/icon_palettes/wave_incense.pal.gbapal 
tools/gbagfx/gbagfx graphics/items/icon_palettes/wave_mail.pal build/assets/graphics/items/icon_palettes/wave_mail.pal.gbapal 
tools/gbagfx/gbagfx graphics/items/icon_palettes/weakness_policy.pal build/assets/graphics/items/icon_palettes/weakness_policy.pal.gbapal 
tools/gbagfx/gbagfx graphics/items/icon_palettes/wellspring_mask.pal build/assets/graphics/items/icon_palettes/wellspring_mask.pal.gbapal 
tools/gbagfx/gbagfx graphics/items/icon_palettes/wepear_berry.pal build/assets/graphics/items/icon_palettes/wepear_berry.pal.gbapal 
tools/gbagfx/gbagfx graphics/items/icon_palettes/whipped_dream.pal build/assets/graphics/items/icon_palettes/whipped_dream.pal.gbapal 
tools/gbagfx/gbagfx graphics/items/icon_palettes/white_apricorn.pal build/assets/graphics/items/icon_palettes/white_apricorn.pal.gbapal 
tools/gbagfx/gbagfx graphics/items/icon_palettes/white_flute.pal build/assets/graphics/items/icon_palettes/white_flute.pal.gbapal 
tools/gbagfx/gbagfx graphics/items/icon_palettes/white_herb.pal build/assets/graphics/items/icon_palettes/white_herb.pal.gbapal 
tools/gbagfx/gbagfx graphics/items/icon_palettes/wide_lens.pal build/assets/graphics/items/icon_palettes/wide_lens.pal.gbapal 
tools/gbagfx/gbagfx graphics/items/icon_palettes/wiki_berry.pal build/assets/graphics/items/icon_palettes/wiki_berry.pal.gbapal 
tools/gbagfx/gbagfx graphics/items/icon_palettes/wise_glasses.pal build/assets/graphics/items/icon_palettes/wise_glasses.pal.gbapal 
tools/gbagfx/gbagfx graphics/items/icon_palettes/wishing_piece.pal build/assets/graphics/items/icon_palettes/wishing_piece.pal.gbapal 
tools/gbagfx/gbagfx graphics/items/icon_palettes/wood_mail.pal build/assets/graphics/items/icon_palettes/wood_mail.pal.gbapal 
tools/gbagfx/gbagfx graphics/items/icon_palettes/x_accuracy.pal build/assets/graphics/items/icon_palettes/x_accuracy.pal.gbapal 
tools/gbagfx/gbagfx graphics/items/icon_palettes/x_attack.pal build/assets/graphics/items/icon_palettes/x_attack.pal.gbapal 
tools/gbagfx/gbagfx graphics/items/icon_palettes/x_defend.pal build/assets/graphics/items/icon_palettes/x_defend.pal.gbapal 
tools/gbagfx/gbagfx graphics/items/icon_palettes/x_special.pal build/assets/graphics/items/icon_palettes/x_special.pal.gbapal 
tools/gbagfx/gbagfx graphics/items/icon_palettes/x_special_defense.pal build/assets/graphics/items/icon_palettes/x_special_defense.pal.gbapal 
tools/gbagfx/gbagfx graphics/items/icon_palettes/x_speed.pal build/assets/graphics/items/icon_palettes/x_speed.pal.gbapal 
tools/gbagfx/gbagfx graphics/items/icon_palettes/yache_berry.pal build/assets/graphics/items/icon_palettes/yache_berry.pal.gbapal 
tools/gbagfx/gbagfx graphics/items/icon_palettes/yellow_apricorn.pal build/assets/graphics/items/icon_palettes/yellow_apricorn.pal.gbapal 
tools/gbagfx/gbagfx graphics/items/icon_palettes/yellow_flute.pal build/assets/graphics/items/icon_palettes/yellow_flute.pal.gbapal 
tools/gbagfx/gbagfx graphics/items/icon_palettes/yellow_mint.pal build/assets/graphics/items/icon_palettes/yellow_mint.pal.gbapal 
tools/gbagfx/gbagfx graphics/items/icon_palettes/yellow_nectar.pal build/assets/graphics/items/icon_palettes/yellow_nectar.pal.gbapal 
tools/gbagfx/gbagfx graphics/items/icon_palettes/yellow_scarf.pal build/assets/graphics/items/icon_palettes/yellow_scarf.pal.gbapal 
tools/gbagfx/gbagfx graphics/items/icon_palettes/yellow_shard.pal build/assets/graphics/items/icon_palettes/yellow_shard.pal.gbapal 
tools/gbagfx/gbagfx graphics/items/icon_palettes/z_power_ring.pal build/assets/graphics/items/icon_palettes/z_power_ring.pal.gbapal 
tools/gbagfx/gbagfx graphics/items/icon_palettes/z_ring.pal build/assets/graphics/items/icon_palettes/z_ring.pal.gbapal 
tools/gbagfx/gbagfx graphics/items/icon_palettes/zap_plate.pal build/assets/graphics/items/icon_palettes/zap_plate.pal.gbapal 
tools/gbagfx/gbagfx graphics/items/icon_palettes/zeraorite.pal build/assets/graphics/items/icon_palettes/zeraorite.pal.gbapal 
tools/gbagfx/gbagfx graphics/items/icon_palettes/zinc.pal build/assets/graphics/items/icon_palettes/zinc.pal.gbapal 
tools/gbagfx/gbagfx graphics/items/icon_palettes/zoom_lens.pal build/assets/graphics/items/icon_palettes/zoom_lens.pal.gbapal 
tools/gbagfx/gbagfx graphics/items/icon_palettes/zygarde_cube.pal build/assets/graphics/items/icon_palettes/zygarde_cube.pal.gbapal 
tools/gbagfx/gbagfx graphics/items/icon_palettes/zygardite.pal build/assets/graphics/items/icon_palettes/zygardite.pal.gbapal 
tools/gbagfx/gbagfx graphics/items/icons/ability_capsule.png build/assets/graphics/items/icons/ability_capsule.png.4bpp 
tools/gbagfx/gbagfx graphics/items/icons/ability_patch.png build/assets/graphics/items/icons/ability_patch.png.4bpp 
tools/gbagfx/gbagfx graphics/items/icons/ability_shield.png build/assets/graphics/items/icons/ability_shield.png.4bpp 
tools/gbagfx/gbagfx graphics/items/icons/abomasite.png build/assets/graphics/items/icons/abomasite.png.4bpp 
tools/gbagfx/gbagfx graphics/items/icons/absolite.png build/assets/graphics/items/icons/absolite.png.4bpp 
tools/gbagfx/gbagfx graphics/items/icons/absolite_z.png build/assets/graphics/items/icons/absolite_z.png.4bpp 
tools/gbagfx/gbagfx graphics/items/icons/absorb_bulb.png build/assets/graphics/items/icons/absorb_bulb.png.4bpp 
tools/gbagfx/gbagfx graphics/items/icons/acro_bike.png build/assets/graphics/items/icons/acro_bike.png.4bpp 
tools/gbagfx/gbagfx graphics/items/icons/adamant_crystal.png build/assets/graphics/items/icons/adamant_crystal.png.4bpp 
tools/gbagfx/gbagfx graphics/items/icons/adamant_orb.png build/assets/graphics/items/icons/adamant_orb.png.4bpp 
tools/gbagfx/gbagfx graphics/items/icons/adrenaline_orb.png build/assets/graphics/items/icons/adrenaline_orb.png.4bpp 
tools/gbagfx/gbagfx graphics/items/icons/aerodactylite.png build/assets/graphics/items/icons/aerodactylite.png.4bpp 
tools/gbagfx/gbagfx graphics/items/icons/aggronite.png build/assets/graphics/items/icons/aggronite.png.4bpp 
tools/gbagfx/gbagfx graphics/items/icons/aguav_berry.png build/assets/graphics/items/icons/aguav_berry.png.4bpp 
tools/gbagfx/gbagfx graphics/items/icons/air_balloon.png build/assets/graphics/items/icons/air_balloon.png.4bpp 
tools/gbagfx/gbagfx graphics/items/icons/alakazite.png build/assets/graphics/items/icons/alakazite.png.4bpp 
tools/gbagfx/gbagfx graphics/items/icons/aloraichium_z.png build/assets/graphics/items/icons/aloraichium_z.png.4bpp 
tools/gbagfx/gbagfx graphics/items/icons/altarianite.png build/assets/graphics/items/icons/altarianite.png.4bpp 
tools/gbagfx/gbagfx graphics/items/icons/ampharosite.png build/assets/graphics/items/icons/ampharosite.png.4bpp 
tools/gbagfx/gbagfx graphics/items/icons/amulet_coin.png build/assets/graphics/items/icons/amulet_coin.png.4bpp 
tools/gbagfx/gbagfx graphics/items/icons/apicot_berry.png build/assets/graphics/items/icons/apicot_berry.png.4bpp 
tools/gbagfx/gbagfx graphics/items/icons/apricorn.png build/assets/graphics/items/icons/apricorn.png.4bpp 
tools/gbagfx/gbagfx graphics/items/icons/armor_fossil.png build/assets/graphics/items/icons/armor_fossil.png.4bpp 
tools/gbagfx/gbagfx graphics/items/icons/armorite_ore.png build/assets/graphics/items/icons/armorite_ore.png.4bpp 
tools/gbagfx/gbagfx graphics/items/icons/aspear_berry.png build/assets/graphics/items/icons/aspear_berry.png.4bpp 
tools/gbagfx/gbagfx graphics/items/icons/assault_vest.png build/assets/graphics/items/icons/assault_vest.png.4bpp 
tools/gbagfx/gbagfx graphics/items/icons/audinite.png build/assets/graphics/items/icons/audinite.png.4bpp 
tools/gbagfx/gbagfx graphics/items/icons/aurora_ticket.png build/assets/graphics/items/icons/aurora_ticket.png.4bpp 
tools/gbagfx/gbagfx graphics/items/icons/auspicious_armor.png build/assets/graphics/items/icons/auspicious_armor.png.4bpp 
tools/gbagfx/gbagfx graphics/items/icons/aux_bottle.png build/assets/graphics/items/icons/aux_bottle.png.4bpp 
tools/gbagfx/gbagfx graphics/items/icons/aux_powerguard.png build/assets/graphics/items/icons/aux_powerguard.png.4bpp 
tools/gbagfx/gbagfx graphics/items/icons/babiri_berry.png build/assets/graphics/items/icons/babiri_berry.png.4bpp 
libpng warning: bKGD: invalid index
tools/gbagfx/gbagfx graphics/items/icons/balm_mushroom.png build/assets/graphics/items/icons/balm_mushroom.png.4bpp 
libpng warning: bKGD: invalid index
tools/gbagfx/gbagfx graphics/items/icons/banettite.png build/assets/graphics/items/icons/banettite.png.4bpp 
tools/gbagfx/gbagfx graphics/items/icons/barbaracite.png build/assets/graphics/items/icons/barbaracite.png.4bpp 
tools/gbagfx/gbagfx graphics/items/icons/basement_key.png build/assets/graphics/items/icons/basement_key.png.4bpp 
tools/gbagfx/gbagfx graphics/items/icons/battle_stat_item.png build/assets/graphics/items/icons/battle_stat_item.png.4bpp 
tools/gbagfx/gbagfx graphics/items/icons/baxcalibrite.png build/assets/graphics/items/icons/baxcalibrite.png.4bpp 
tools/gbagfx/gbagfx graphics/items/icons/bead_mail.png build/assets/graphics/items/icons/bead_mail.png.4bpp 
tools/gbagfx/gbagfx graphics/items/icons/beast_ball.png build/assets/graphics/items/icons/beast_ball.png.4bpp 
tools/gbagfx/gbagfx graphics/items/icons/beedrillite.png build/assets/graphics/items/icons/beedrillite.png.4bpp 
tools/gbagfx/gbagfx graphics/items/icons/belue_berry.png build/assets/graphics/items/icons/belue_berry.png.4bpp 
tools/gbagfx/gbagfx graphics/items/icons/berry_juice.png build/assets/graphics/items/icons/berry_juice.png.4bpp 
tools/gbagfx/gbagfx graphics/items/icons/berry_pouch.png build/assets/graphics/items/icons/berry_pouch.png.4bpp 
tools/gbagfx/gbagfx graphics/items/icons/berry_sweet.png build/assets/graphics/items/icons/berry_sweet.png.4bpp 
tools/gbagfx/gbagfx graphics/items/icons/berserk_gene.png build/assets/graphics/items/icons/berserk_gene.png.4bpp 
tools/gbagfx/gbagfx graphics/items/icons/bicycle.png build/assets/graphics/items/icons/bicycle.png.4bpp 
tools/gbagfx/gbagfx graphics/items/icons/big_bamboo_shoot.png build/assets/graphics/items/icons/big_bamboo_shoot.png.4bpp 
tools/gbagfx/gbagfx graphics/items/icons/big_malasada.png build/assets/graphics/items/icons/big_malasada.png.4bpp 
tools/gbagfx/gbagfx graphics/items/icons/big_mushroom.png build/assets/graphics/items/icons/big_mushroom.png.4bpp 
tools/gbagfx/gbagfx graphics/items/icons/big_nugget.png build/assets/graphics/items/icons/big_nugget.png.4bpp 
tools/gbagfx/gbagfx graphics/items/icons/big_pearl.png build/assets/graphics/items/icons/big_pearl.png.4bpp 
tools/gbagfx/gbagfx graphics/items/icons/big_root.png build/assets/graphics/items/icons/big_root.png.4bpp 
tools/gbagfx/gbagfx graphics/items/icons/bike_voucher.png build/assets/graphics/items/icons/bike_voucher.png.4bpp 
tools/gbagfx/gbagfx graphics/items/icons/binding_band.png build/assets/graphics/items/icons/binding_band.png.4bpp 
tools/gbagfx/gbagfx graphics/items/icons/black_augurite.png build/assets/graphics/items/icons/black_augurite.png.4bpp 
tools/gbagfx/gbagfx graphics/items/icons/black_belt.png build/assets/graphics/items/icons/black_belt.png.4bpp 
tools/gbagfx/gbagfx graphics/items/icons/black_glasses.png build/assets/graphics/items/icons/black_glasses.png.4bpp 
tools/gbagfx/gbagfx graphics/items/icons/black_sludge.png build/assets/graphics/items/icons/black_sludge.png.4bpp 
tools/gbagfx/gbagfx graphics/items/icons/blastoisinite.png build/assets/graphics/items/icons/blastoisinite.png.4bpp 
tools/gbagfx/gbagfx graphics/items/icons/blazikenite.png build/assets/graphics/items/icons/blazikenite.png.4bpp 
tools/gbagfx/gbagfx graphics/items/icons/blue_orb.png build/assets/graphics/items/icons/blue_orb.png.4bpp 
tools/gbagfx/gbagfx graphics/items/icons/bluk_berry.png build/assets/graphics/items/icons/bluk_berry.png.4bpp 
tools/gbagfx/gbagfx graphics/items/icons/blunder_policy.png build/assets/graphics/items/icons/blunder_policy.png.4bpp 
tools/gbagfx/gbagfx graphics/items/icons/bone.png build/assets/graphics/items/icons/bone.png.4bpp 
tools/gbagfx/gbagfx graphics/items/icons/booster_energy.png build/assets/graphics/items/icons/booster_energy.png.4bpp 
tools/gbagfx/gbagfx graphics/items/icons/bottle_cap.png build/assets/graphics/items/icons/bottle_cap.png.4bpp 
tools/gbagfx/gbagfx graphics/items/icons/bright_powder.png build/assets/graphics/items/icons/bright_powder.png.4bpp 
tools/gbagfx/gbagfx graphics/items/icons/bug_memory.png build/assets/graphics/items/icons/bug_memory.png.4bpp 
libpng warning: bKGD: invalid index
tools/gbagfx/gbagfx graphics/items/icons/buginium_z.png build/assets/graphics/items/icons/buginium_z.png.4bpp 
tools/gbagfx/gbagfx graphics/items/icons/cameruptite.png build/assets/graphics/items/icons/cameruptite.png.4bpp 
tools/gbagfx/gbagfx graphics/items/icons/card_key.png build/assets/graphics/items/icons/card_key.png.4bpp 
tools/gbagfx/gbagfx graphics/items/icons/casteliacone.png build/assets/graphics/items/icons/casteliacone.png.4bpp 
tools/gbagfx/gbagfx graphics/items/icons/catching_charm.png build/assets/graphics/items/icons/catching_charm.png.4bpp 
tools/gbagfx/gbagfx graphics/items/icons/cell_battery.png build/assets/graphics/items/icons/cell_battery.png.4bpp 
tools/gbagfx/gbagfx graphics/items/icons/chandelurite.png build/assets/graphics/items/icons/chandelurite.png.4bpp 
tools/gbagfx/gbagfx graphics/items/icons/charcoal.png build/assets/graphics/items/icons/charcoal.png.4bpp 
tools/gbagfx/gbagfx graphics/items/icons/charizardite_x.png build/assets/graphics/items/icons/charizardite_x.png.4bpp 
tools/gbagfx/gbagfx graphics/items/icons/charizardite_y.png build/assets/graphics/items/icons/charizardite_y.png.4bpp 
tools/gbagfx/gbagfx graphics/items/icons/charti_berry.png build/assets/graphics/items/icons/charti_berry.png.4bpp 
tools/gbagfx/gbagfx graphics/items/icons/cheri_berry.png build/assets/graphics/items/icons/cheri_berry.png.4bpp 
tools/gbagfx/gbagfx graphics/items/icons/cherish_ball.png build/assets/graphics/items/icons/cherish_ball.png.4bpp 
tools/gbagfx/gbagfx graphics/items/icons/chesnaughtite.png build/assets/graphics/items/icons/chesnaughtite.png.4bpp 
tools/gbagfx/gbagfx graphics/items/icons/chesto_berry.png build/assets/graphics/items/icons/chesto_berry.png.4bpp 
tools/gbagfx/gbagfx graphics/items/icons/chilan_berry.png build/assets/graphics/items/icons/chilan_berry.png.4bpp 
tools/gbagfx/gbagfx graphics/items/icons/chimechite.png build/assets/graphics/items/icons/chimechite.png.4bpp 
tools/gbagfx/gbagfx graphics/items/icons/chipped_pot.png build/assets/graphics/items/icons/chipped_pot.png.4bpp 
tools/gbagfx/gbagfx graphics/items/icons/choice_band.png build/assets/graphics/items/icons/choice_band.png.4bpp 
tools/gbagfx/gbagfx graphics/items/icons/choice_dumpling.png build/assets/graphics/items/icons/choice_dumpling.png.4bpp 
tools/gbagfx/gbagfx graphics/items/icons/choice_scarf.png build/assets/graphics/items/icons/choice_scarf.png.4bpp 
tools/gbagfx/gbagfx graphics/items/icons/choice_specs.png build/assets/graphics/items/icons/choice_specs.png.4bpp 
tools/gbagfx/gbagfx graphics/items/icons/chople_berry.png build/assets/graphics/items/icons/chople_berry.png.4bpp 
tools/gbagfx/gbagfx graphics/items/icons/claw_fossil.png build/assets/graphics/items/icons/claw_fossil.png.4bpp 
tools/gbagfx/gbagfx graphics/items/icons/cleanse_tag.png build/assets/graphics/items/icons/cleanse_tag.png.4bpp 
tools/gbagfx/gbagfx graphics/items/icons/clear_amulet.png build/assets/graphics/items/icons/clear_amulet.png.4bpp 
tools/gbagfx/gbagfx graphics/items/icons/clefablite.png build/assets/graphics/items/icons/clefablite.png.4bpp 
tools/gbagfx/gbagfx graphics/items/icons/clover_sweet.png build/assets/graphics/items/icons/clover_sweet.png.4bpp 
tools/gbagfx/gbagfx graphics/items/icons/coba_berry.png build/assets/graphics/items/icons/coba_berry.png.4bpp 
tools/gbagfx/gbagfx graphics/items/icons/coin_case.png build/assets/graphics/items/icons/coin_case.png.4bpp 
tools/gbagfx/gbagfx graphics/items/icons/colbur_berry.png build/assets/graphics/items/icons/colbur_berry.png.4bpp 
tools/gbagfx/gbagfx graphics/items/icons/contest_pass.png build/assets/graphics/items/icons/contest_pass.png.4bpp 
tools/gbagfx/gbagfx graphics/items/icons/cornerstone_mask.png build/assets/graphics/items/icons/cornerstone_mask.png.4bpp 
tools/gbagfx/gbagfx graphics/items/icons/cornn_berry.png build/assets/graphics/items/icons/cornn_berry.png.4bpp 
tools/gbagfx/gbagfx graphics/items/icons/cover_fossil.png build/assets/graphics/items/icons/cover_fossil.png.4bpp 
tools/gbagfx/gbagfx graphics/items/icons/covert_cloak.png build/assets/graphics/items/icons/covert_cloak.png.4bpp 
tools/gbagfx/gbagfx graphics/items/icons/crabominite.png build/assets/graphics/items/icons/crabominite.png.4bpp 
tools/gbagfx/gbagfx graphics/items/icons/cracked_pot.png build/assets/graphics/items/icons/cracked_pot.png.4bpp 
tools/gbagfx/gbagfx graphics/items/icons/custap_berry.png build/assets/graphics/items/icons/custap_berry.png.4bpp 
tools/gbagfx/gbagfx graphics/items/icons/damp_rock.png build/assets/graphics/items/icons/damp_rock.png.4bpp 
tools/gbagfx/gbagfx graphics/items/icons/dark_memory.png build/assets/graphics/items/icons/dark_memory.png.4bpp 
tools/gbagfx/gbagfx graphics/items/icons/darkinium_z.png build/assets/graphics/items/icons/darkinium_z.png.4bpp 
tools/gbagfx/gbagfx graphics/items/icons/darkranite.png build/assets/graphics/items/icons/darkranite.png.4bpp 
tools/gbagfx/gbagfx graphics/items/icons/dawn_stone.png build/assets/graphics/items/icons/dawn_stone.png.4bpp 
tools/gbagfx/gbagfx graphics/items/icons/decidium_z.png build/assets/graphics/items/icons/decidium_z.png.4bpp 
tools/gbagfx/gbagfx graphics/items/icons/deep_sea_scale.png build/assets/graphics/items/icons/deep_sea_scale.png.4bpp 
tools/gbagfx/gbagfx graphics/items/icons/deep_sea_tooth.png build/assets/graphics/items/icons/deep_sea_tooth.png.4bpp 
tools/gbagfx/gbagfx graphics/items/icons/delphoxite.png build/assets/graphics/items/icons/delphoxite.png.4bpp 
tools/gbagfx/gbagfx graphics/items/icons/destiny_knot.png build/assets/graphics/items/icons/destiny_knot.png.4bpp 
tools/gbagfx/gbagfx graphics/items/icons/devon_parts.png build/assets/graphics/items/icons/devon_parts.png.4bpp 
tools/gbagfx/gbagfx graphics/items/icons/devon_scope.png build/assets/graphics/items/icons/devon_scope.png.4bpp 
tools/gbagfx/gbagfx graphics/items/icons/diancite.png build/assets/graphics/items/icons/diancite.png.4bpp 
tools/gbagfx/gbagfx graphics/items/icons/ditto_powder.png build/assets/graphics/items/icons/ditto_powder.png.4bpp 
tools/gbagfx/gbagfx graphics/items/icons/dive_ball.png build/assets/graphics/items/icons/dive_ball.png.4bpp 
tools/gbagfx/gbagfx graphics/items/icons/dna_splicers.png build/assets/graphics/items/icons/dna_splicers.png.4bpp 
tools/gbagfx/gbagfx graphics/items/icons/dome_fossil.png build/assets/graphics/items/icons/dome_fossil.png.4bpp 
tools/gbagfx/gbagfx graphics/items/icons/dowsing_machine.png build/assets/graphics/items/icons/dowsing_machine.png.4bpp 
tools/gbagfx/gbagfx graphics/items/icons/dragalgite.png build/assets/graphics/items/icons/dragalgite.png.4bpp 
tools/gbagfx/gbagfx graphics/items/icons/dragon_fang.png build/assets/graphics/items/icons/dragon_fang.png.4bpp 
tools/gbagfx/gbagfx graphics/items/icons/dragon_memory.png build/assets/graphics/items/icons/dragon_memory.png.4bpp 
tools/gbagfx/gbagfx graphics/items/icons/dragon_scale.png build/assets/graphics/items/icons/dragon_scale.png.4bpp 
tools/gbagfx/gbagfx graphics/items/icons/dragoninite.png build/assets/graphics/items/icons/dragoninite.png.4bpp 
tools/gbagfx/gbagfx graphics/items/icons/dragonium_z.png build/assets/graphics/items/icons/dragonium_z.png.4bpp 
tools/gbagfx/gbagfx graphics/items/icons/drampanite.png build/assets/graphics/items/icons/drampanite.png.4bpp 
tools/gbagfx/gbagfx graphics/items/icons/dream_ball.png build/assets/graphics/items/icons/dream_ball.png.4bpp 
tools/gbagfx/gbagfx graphics/items/icons/dream_mail.png build/assets/graphics/items/icons/dream_mail.png.4bpp 
tools/gbagfx/gbagfx graphics/items/icons/drive.png build/assets/graphics/items/icons/drive.png.4bpp 
tools/gbagfx/gbagfx graphics/items/icons/dubious_disc.png build/assets/graphics/items/icons/dubious_disc.png.4bpp 
tools/gbagfx/gbagfx graphics/items/icons/durin_berry.png build/assets/graphics/items/icons/durin_berry.png.4bpp 
tools/gbagfx/gbagfx graphics/items/icons/dusk_ball.png build/assets/graphics/items/icons/dusk_ball.png.4bpp 
tools/gbagfx/gbagfx graphics/items/icons/dusk_stone.png build/assets/graphics/items/icons/dusk_stone.png.4bpp 
tools/gbagfx/gbagfx graphics/items/icons/dynamax_band.png build/assets/graphics/items/icons/dynamax_band.png.4bpp 
tools/gbagfx/gbagfx graphics/items/icons/dynamax_candy.png build/assets/graphics/items/icons/dynamax_candy.png.4bpp 
tools/gbagfx/gbagfx graphics/items/icons/dynite_ore.png build/assets/graphics/items/icons/dynite_ore.png.4bpp 
tools/gbagfx/gbagfx graphics/items/icons/eelektrossite.png build/assets/graphics/items/icons/eelektrossite.png.4bpp 
tools/gbagfx/gbagfx graphics/items/icons/eevium_z.png build/assets/graphics/items/icons/eevium_z.png.4bpp 
tools/gbagfx/gbagfx graphics/items/icons/eject_button.png build/assets/graphics/items/icons/eject_button.png.4bpp 
tools/gbagfx/gbagfx graphics/items/icons/eject_pack.png build/assets/graphics/items/icons/eject_pack.png.4bpp 
tools/gbagfx/gbagfx graphics/items/icons/electirizer.png build/assets/graphics/items/icons/electirizer.png.4bpp 
tools/gbagfx/gbagfx graphics/items/icons/electric_memory.png build/assets/graphics/items/icons/electric_memory.png.4bpp 
tools/gbagfx/gbagfx graphics/items/icons/electrium_z.png build/assets/graphics/items/icons/electrium_z.png.4bpp 
tools/gbagfx/gbagfx graphics/items/icons/emboarite.png build/assets/graphics/items/icons/emboarite.png.4bpp 
tools/gbagfx/gbagfx graphics/items/icons/energy_root.png build/assets/graphics/items/icons/energy_root.png.4bpp 
tools/gbagfx/gbagfx graphics/items/icons/enigma_berry.png build/assets/graphics/items/icons/enigma_berry.png.4bpp 
tools/gbagfx/gbagfx graphics/items/icons/eon_ticket.png build/assets/graphics/items/icons/eon_ticket.png.4bpp 
tools/gbagfx/gbagfx graphics/items/icons/escape_rope.png build/assets/graphics/items/icons/escape_rope.png.4bpp 
tools/gbagfx/gbagfx graphics/items/icons/ether.png build/assets/graphics/items/icons/ether.png.4bpp 
tools/gbagfx/gbagfx graphics/items/icons/ev_feather.png build/assets/graphics/items/icons/ev_feather.png.4bpp 
tools/gbagfx/gbagfx graphics/items/icons/everstone.png build/assets/graphics/items/icons/everstone.png.4bpp 
tools/gbagfx/gbagfx graphics/items/icons/eviolite.png build/assets/graphics/items/icons/eviolite.png.4bpp 
libpng warning: bKGD: invalid index
tools/gbagfx/gbagfx graphics/items/icons/excadrite.png build/assets/graphics/items/icons/excadrite.png.4bpp 
tools/gbagfx/gbagfx graphics/items/icons/exp_candy_l.png build/assets/graphics/items/icons/exp_candy_l.png.4bpp 
tools/gbagfx/gbagfx graphics/items/icons/exp_candy_m.png build/assets/graphics/items/icons/exp_candy_m.png.4bpp 
tools/gbagfx/gbagfx graphics/items/icons/exp_candy_s.png build/assets/graphics/items/icons/exp_candy_s.png.4bpp 
tools/gbagfx/gbagfx graphics/items/icons/exp_candy_xl.png build/assets/graphics/items/icons/exp_candy_xl.png.4bpp 
tools/gbagfx/gbagfx graphics/items/icons/exp_candy_xs.png build/assets/graphics/items/icons/exp_candy_xs.png.4bpp 
tools/gbagfx/gbagfx graphics/items/icons/exp_charm.png build/assets/graphics/items/icons/exp_charm.png.4bpp 
tools/gbagfx/gbagfx graphics/items/icons/exp_share.png build/assets/graphics/items/icons/exp_share.png.4bpp 
tools/gbagfx/gbagfx graphics/items/icons/expert_belt.png build/assets/graphics/items/icons/expert_belt.png.4bpp 
tools/gbagfx/gbagfx graphics/items/icons/fab_mail.png build/assets/graphics/items/icons/fab_mail.png.4bpp 
tools/gbagfx/gbagfx graphics/items/icons/fairium_z.png build/assets/graphics/items/icons/fairium_z.png.4bpp 
tools/gbagfx/gbagfx graphics/items/icons/fairy_feather.png build/assets/graphics/items/icons/fairy_feather.png.4bpp 
tools/gbagfx/gbagfx graphics/items/icons/fairy_memory.png build/assets/graphics/items/icons/fairy_memory.png.4bpp 
tools/gbagfx/gbagfx graphics/items/icons/falinksite.png build/assets/graphics/items/icons/falinksite.png.4bpp 
tools/gbagfx/gbagfx graphics/items/icons/fame_checker.png build/assets/graphics/items/icons/fame_checker.png.4bpp 
tools/gbagfx/gbagfx graphics/items/icons/fast_ball.png build/assets/graphics/items/icons/fast_ball.png.4bpp 
tools/gbagfx/gbagfx graphics/items/icons/feraligite.png build/assets/graphics/items/icons/feraligite.png.4bpp 
tools/gbagfx/gbagfx graphics/items/icons/fighting_memory.png build/assets/graphics/items/icons/fighting_memory.png.4bpp 
tools/gbagfx/gbagfx graphics/items/icons/fightinium_z.png build/assets/graphics/items/icons/fightinium_z.png.4bpp 
tools/gbagfx/gbagfx graphics/items/icons/figy_berry.png build/assets/graphics/items/icons/figy_berry.png.4bpp 
tools/gbagfx/gbagfx graphics/items/icons/fine_remedy.png build/assets/graphics/items/icons/fine_remedy.png.4bpp 
tools/gbagfx/gbagfx graphics/items/icons/fire_memory.png build/assets/graphics/items/icons/fire_memory.png.4bpp 
tools/gbagfx/gbagfx graphics/items/icons/fire_stone.png build/assets/graphics/items/icons/fire_stone.png.4bpp 
tools/gbagfx/gbagfx graphics/items/icons/firium_z.png build/assets/graphics/items/icons/firium_z.png.4bpp 
tools/gbagfx/gbagfx graphics/items/icons/flame_orb.png build/assets/graphics/items/icons/flame_orb.png.4bpp 
tools/gbagfx/gbagfx graphics/items/icons/float_stone.png build/assets/graphics/items/icons/float_stone.png.4bpp 
tools/gbagfx/gbagfx graphics/items/icons/floettite.png build/assets/graphics/items/icons/floettite.png.4bpp 
tools/gbagfx/gbagfx graphics/items/icons/flower_sweet.png build/assets/graphics/items/icons/flower_sweet.png.4bpp 
tools/gbagfx/gbagfx graphics/items/icons/fluffy_tail.png build/assets/graphics/items/icons/fluffy_tail.png.4bpp 
tools/gbagfx/gbagfx graphics/items/icons/flute.png build/assets/graphics/items/icons/flute.png.4bpp 
tools/gbagfx/gbagfx graphics/items/icons/flying_memory.png build/assets/graphics/items/icons/flying_memory.png.4bpp 
tools/gbagfx/gbagfx graphics/items/icons/flyinium_z.png build/assets/graphics/items/icons/flyinium_z.png.4bpp 
tools/gbagfx/gbagfx graphics/items/icons/focus_band.png build/assets/graphics/items/icons/focus_band.png.4bpp 
tools/gbagfx/gbagfx graphics/items/icons/focus_sash.png build/assets/graphics/items/icons/focus_sash.png.4bpp 
tools/gbagfx/gbagfx graphics/items/icons/fossilized_bird.png build/assets/graphics/items/icons/fossilized_bird.png.4bpp 
tools/gbagfx/gbagfx graphics/items/icons/fossilized_dino.png build/assets/graphics/items/icons/fossilized_dino.png.4bpp 
tools/gbagfx/gbagfx graphics/items/icons/fossilized_drake.png build/assets/graphics/items/icons/fossilized_drake.png.4bpp 
tools/gbagfx/gbagfx graphics/items/icons/fossilized_fish.png build/assets/graphics/items/icons/fossilized_fish.png.4bpp 
tools/gbagfx/gbagfx graphics/items/icons/fresh_water.png build/assets/graphics/items/icons/fresh_water.png.4bpp 
tools/gbagfx/gbagfx graphics/items/icons/friend_ball.png build/assets/graphics/items/icons/friend_ball.png.4bpp 
tools/gbagfx/gbagfx graphics/items/icons/froslassite.png build/assets/graphics/items/icons/froslassite.png.4bpp 
tools/gbagfx/gbagfx graphics/items/icons/full_heal.png build/assets/graphics/items/icons/full_heal.png.4bpp 
tools/gbagfx/gbagfx graphics/items/icons/full_incense.png build/assets/graphics/items/icons/full_incense.png.4bpp 
tools/gbagfx/gbagfx graphics/items/icons/galarica_cuff.png build/assets/graphics/items/icons/galarica_cuff.png.4bpp 
tools/gbagfx/gbagfx graphics/items/icons/galarica_twig.png build/assets/graphics/items/icons/galarica_twig.png.4bpp 
tools/gbagfx/gbagfx graphics/items/icons/galarica_wreath.png build/assets/graphics/items/icons/galarica_wreath.png.4bpp 
tools/gbagfx/gbagfx graphics/items/icons/galladite.png build/assets/graphics/items/icons/galladite.png.4bpp 
tools/gbagfx/gbagfx graphics/items/icons/ganlon_berry.png build/assets/graphics/items/icons/ganlon_berry.png.4bpp 
tools/gbagfx/gbagfx graphics/items/icons/garchompite.png build/assets/graphics/items/icons/garchompite.png.4bpp 
tools/gbagfx/gbagfx graphics/items/icons/garchompite_z.png build/assets/graphics/items/icons/garchompite_z.png.4bpp 
tools/gbagfx/gbagfx graphics/items/icons/gardevoirite.png build/assets/graphics/items/icons/gardevoirite.png.4bpp 
tools/gbagfx/gbagfx graphics/items/icons/gem.png build/assets/graphics/items/icons/gem.png.4bpp 
tools/gbagfx/gbagfx graphics/items/icons/gengarite.png build/assets/graphics/items/icons/gengarite.png.4bpp 
tools/gbagfx/gbagfx graphics/items/icons/ghost_memory.png build/assets/graphics/items/icons/ghost_memory.png.4bpp 
tools/gbagfx/gbagfx graphics/items/icons/ghostium_z.png build/assets/graphics/items/icons/ghostium_z.png.4bpp 
tools/gbagfx/gbagfx graphics/items/icons/gimmighoul_coin.png build/assets/graphics/items/icons/gimmighoul_coin.png.4bpp 
tools/gbagfx/gbagfx graphics/items/icons/glalitite.png build/assets/graphics/items/icons/glalitite.png.4bpp 
tools/gbagfx/gbagfx graphics/items/icons/glimmering_charm.png build/assets/graphics/items/icons/glimmering_charm.png.4bpp 
tools/gbagfx/gbagfx graphics/items/icons/glimmoranite.png build/assets/graphics/items/icons/glimmoranite.png.4bpp 
tools/gbagfx/gbagfx graphics/items/icons/glitter_mail.png build/assets/graphics/items/icons/glitter_mail.png.4bpp 
tools/gbagfx/gbagfx graphics/items/icons/go_goggles.png build/assets/graphics/items/icons/go_goggles.png.4bpp 
tools/gbagfx/gbagfx graphics/items/icons/gold_teeth.png build/assets/graphics/items/icons/gold_teeth.png.4bpp 
tools/gbagfx/gbagfx graphics/items/icons/golisopite.png build/assets/graphics/items/icons/golisopite.png.4bpp 
tools/gbagfx/gbagfx graphics/items/icons/golurkite.png build/assets/graphics/items/icons/golurkite.png.4bpp 
tools/gbagfx/gbagfx graphics/items/icons/good_rod.png build/assets/graphics/items/icons/good_rod.png.4bpp 
tools/gbagfx/gbagfx graphics/items/icons/gracidea.png build/assets/graphics/items/icons/gracidea.png.4bpp 
tools/gbagfx/gbagfx graphics/items/icons/grass_memory.png build/assets/graphics/items/icons/grass_memory.png.4bpp 
tools/gbagfx/gbagfx graphics/items/icons/grassium_z.png build/assets/graphics/items/icons/grassium_z.png.4bpp 
tools/gbagfx/gbagfx graphics/items/icons/great_ball.png build/assets/graphics/items/icons/great_ball.png.4bpp 
tools/gbagfx/gbagfx graphics/items/icons/greninjite.png build/assets/graphics/items/icons/greninjite.png.4bpp 
tools/gbagfx/gbagfx graphics/items/icons/grepa_berry.png build/assets/graphics/items/icons/grepa_berry.png.4bpp 
tools/gbagfx/gbagfx graphics/items/icons/grip_claw.png build/assets/graphics/items/icons/grip_claw.png.4bpp 
tools/gbagfx/gbagfx graphics/items/icons/griseous_core.png build/assets/graphics/items/icons/griseous_core.png.4bpp 
tools/gbagfx/gbagfx graphics/items/icons/griseous_orb.png build/assets/graphics/items/icons/griseous_orb.png.4bpp 
tools/gbagfx/gbagfx graphics/items/icons/ground_memory.png build/assets/graphics/items/icons/ground_memory.png.4bpp 
tools/gbagfx/gbagfx graphics/items/icons/groundium_z.png build/assets/graphics/items/icons/groundium_z.png.4bpp 
tools/gbagfx/gbagfx graphics/items/icons/gyaradosite.png build/assets/graphics/items/icons/gyaradosite.png.4bpp 
tools/gbagfx/gbagfx graphics/items/icons/haban_berry.png build/assets/graphics/items/icons/haban_berry.png.4bpp 
tools/gbagfx/gbagfx graphics/items/icons/harbor_mail.png build/assets/graphics/items/icons/harbor_mail.png.4bpp 
tools/gbagfx/gbagfx graphics/items/icons/hard_stone.png build/assets/graphics/items/icons/hard_stone.png.4bpp 
tools/gbagfx/gbagfx graphics/items/icons/hawluchanite.png build/assets/graphics/items/icons/hawluchanite.png.4bpp 
tools/gbagfx/gbagfx graphics/items/icons/heal_ball.png build/assets/graphics/items/icons/heal_ball.png.4bpp 
tools/gbagfx/gbagfx graphics/items/icons/heart_scale.png build/assets/graphics/items/icons/heart_scale.png.4bpp 
tools/gbagfx/gbagfx graphics/items/icons/hearthflame_mask.png build/assets/graphics/items/icons/hearthflame_mask.png.4bpp 
tools/gbagfx/gbagfx graphics/items/icons/heat_rock.png build/assets/graphics/items/icons/heat_rock.png.4bpp 
tools/gbagfx/gbagfx graphics/items/icons/heatranite.png build/assets/graphics/items/icons/heatranite.png.4bpp 
tools/gbagfx/gbagfx graphics/items/icons/heavy_ball.png build/assets/graphics/items/icons/heavy_ball.png.4bpp 
tools/gbagfx/gbagfx graphics/items/icons/heavy_duty_boots.png build/assets/graphics/items/icons/heavy_duty_boots.png.4bpp 
tools/gbagfx/gbagfx graphics/items/icons/helix_fossil.png build/assets/graphics/items/icons/helix_fossil.png.4bpp 
tools/gbagfx/gbagfx graphics/items/icons/heracronite.png build/assets/graphics/items/icons/heracronite.png.4bpp 
tools/gbagfx/gbagfx graphics/items/icons/hm.png build/assets/graphics/items/icons/hm.png.4bpp 
tools/gbagfx/gbagfx graphics/items/icons/hondew_berry.png build/assets/graphics/items/icons/hondew_berry.png.4bpp 
tools/gbagfx/gbagfx graphics/items/icons/honey.png build/assets/graphics/items/icons/honey.png.4bpp 
tools/gbagfx/gbagfx graphics/items/icons/houndoominite.png build/assets/graphics/items/icons/houndoominite.png.4bpp 
tools/gbagfx/gbagfx graphics/items/icons/hp_up.png build/assets/graphics/items/icons/hp_up.png.4bpp 
tools/gbagfx/gbagfx graphics/items/icons/iapapa_berry.png build/assets/graphics/items/icons/iapapa_berry.png.4bpp 
tools/gbagfx/gbagfx graphics/items/icons/ice_memory.png build/assets/graphics/items/icons/ice_memory.png.4bpp 
tools/gbagfx/gbagfx graphics/items/icons/ice_stone.png build/assets/graphics/items/icons/ice_stone.png.4bpp 
tools/gbagfx/gbagfx graphics/items/icons/icium_z.png build/assets/graphics/items/icons/icium_z.png.4bpp 
tools/gbagfx/gbagfx graphics/items/icons/icy_rock.png build/assets/graphics/items/icons/icy_rock.png.4bpp 
tools/gbagfx/gbagfx graphics/items/icons/in_battle_herb.png build/assets/graphics/items/icons/in_battle_herb.png.4bpp 
tools/gbagfx/gbagfx graphics/items/icons/incinium_z.png build/assets/graphics/items/icons/incinium_z.png.4bpp 
tools/gbagfx/gbagfx graphics/items/icons/iron_ball.png build/assets/graphics/items/icons/iron_ball.png.4bpp 
tools/gbagfx/gbagfx graphics/items/icons/jaboca_berry.png build/assets/graphics/items/icons/jaboca_berry.png.4bpp 
tools/gbagfx/gbagfx graphics/items/icons/jaw_fossil.png build/assets/graphics/items/icons/jaw_fossil.png.4bpp 
tools/gbagfx/gbagfx graphics/items/icons/jubilife_muffin.png build/assets/graphics/items/icons/jubilife_muffin.png.4bpp 
tools/gbagfx/gbagfx graphics/items/icons/kangaskhanite.png build/assets/graphics/items/icons/kangaskhanite.png.4bpp 
tools/gbagfx/gbagfx graphics/items/icons/kasib_berry.png build/assets/graphics/items/icons/kasib_berry.png.4bpp 
tools/gbagfx/gbagfx graphics/items/icons/kebia_berry.png build/assets/graphics/items/icons/kebia_berry.png.4bpp 
tools/gbagfx/gbagfx graphics/items/icons/kee_berry.png build/assets/graphics/items/icons/kee_berry.png.4bpp 
tools/gbagfx/gbagfx graphics/items/icons/kelpsy_berry.png build/assets/graphics/items/icons/kelpsy_berry.png.4bpp 
tools/gbagfx/gbagfx graphics/items/icons/key_to_room_1.png build/assets/graphics/items/icons/key_to_room_1.png.4bpp 
tools/gbagfx/gbagfx graphics/items/icons/key_to_room_2.png build/assets/graphics/items/icons/key_to_room_2.png.4bpp 
tools/gbagfx/gbagfx graphics/items/icons/key_to_room_4.png build/assets/graphics/items/icons/key_to_room_4.png.4bpp 
tools/gbagfx/gbagfx graphics/items/icons/key_to_room_6.png build/assets/graphics/items/icons/key_to_room_6.png.4bpp 
tools/gbagfx/gbagfx graphics/items/icons/kings_rock.png build/assets/graphics/items/icons/kings_rock.png.4bpp 
tools/gbagfx/gbagfx graphics/items/icons/kommonium_z.png build/assets/graphics/items/icons/kommonium_z.png.4bpp 
tools/gbagfx/gbagfx graphics/items/icons/lagging_tail.png build/assets/graphics/items/icons/lagging_tail.png.4bpp 
tools/gbagfx/gbagfx graphics/items/icons/lansat_berry.png build/assets/graphics/items/icons/lansat_berry.png.4bpp 
tools/gbagfx/gbagfx graphics/items/icons/large_potion.png build/assets/graphics/items/icons/large_potion.png.4bpp 
tools/gbagfx/gbagfx graphics/items/icons/latiasite.png build/assets/graphics/items/icons/latiasite.png.4bpp 
tools/gbagfx/gbagfx graphics/items/icons/latiosite.png build/assets/graphics/items/icons/latiosite.png.4bpp 
tools/gbagfx/gbagfx graphics/items/icons/lava_cookie.png build/assets/graphics/items/icons/lava_cookie.png.4bpp 
tools/gbagfx/gbagfx graphics/items/icons/lax_incense.png build/assets/graphics/items/icons/lax_incense.png.4bpp 
tools/gbagfx/gbagfx graphics/items/icons/leaders_crest.png build/assets/graphics/items/icons/leaders_crest.png.4bpp 
tools/gbagfx/gbagfx graphics/items/icons/leaf_stone.png build/assets/graphics/items/icons/leaf_stone.png.4bpp 
tools/gbagfx/gbagfx graphics/items/icons/leek.png build/assets/graphics/items/icons/leek.png.4bpp 
tools/gbagfx/gbagfx graphics/items/icons/leftovers.png build/assets/graphics/items/icons/leftovers.png.4bpp 
tools/gbagfx/gbagfx graphics/items/icons/lemonade.png build/assets/graphics/items/icons/lemonade.png.4bpp 
tools/gbagfx/gbagfx graphics/items/icons/leppa_berry.png build/assets/graphics/items/icons/leppa_berry.png.4bpp 
tools/gbagfx/gbagfx graphics/items/icons/letter.png build/assets/graphics/items/icons/letter.png.4bpp 
tools/gbagfx/gbagfx graphics/items/icons/level_ball.png build/assets/graphics/items/icons/level_ball.png.4bpp 
tools/gbagfx/gbagfx graphics/items/icons/liechi_berry.png build/assets/graphics/items/icons/liechi_berry.png.4bpp 
tools/gbagfx/gbagfx graphics/items/icons/life_orb.png build/assets/graphics/items/icons/life_orb.png.4bpp 
tools/gbagfx/gbagfx graphics/items/icons/lift_key.png build/assets/graphics/items/icons/lift_key.png.4bpp 
tools/gbagfx/gbagfx graphics/items/icons/light_ball.png build/assets/graphics/items/icons/light_ball.png.4bpp 
tools/gbagfx/gbagfx graphics/items/icons/light_clay.png build/assets/graphics/items/icons/light_clay.png.4bpp 
tools/gbagfx/gbagfx graphics/items/icons/linking_cord.png build/assets/graphics/items/icons/linking_cord.png.4bpp 
tools/gbagfx/gbagfx graphics/items/icons/loaded_dice.png build/assets/graphics/items/icons/loaded_dice.png.4bpp 
tools/gbagfx/gbagfx graphics/items/icons/lopunnite.png build/assets/graphics/items/icons/lopunnite.png.4bpp 
tools/gbagfx/gbagfx graphics/items/icons/love_ball.png build/assets/graphics/items/icons/love_ball.png.4bpp 
tools/gbagfx/gbagfx graphics/items/icons/love_sweet.png build/assets/graphics/items/icons/love_sweet.png.4bpp 
tools/gbagfx/gbagfx graphics/items/icons/lucarionite.png build/assets/graphics/items/icons/lucarionite.png.4bpp 
tools/gbagfx/gbagfx graphics/items/icons/lucarionite_z.png build/assets/graphics/items/icons/lucarionite_z.png.4bpp 
tools/gbagfx/gbagfx graphics/items/icons/luck_incense.png build/assets/graphics/items/icons/luck_incense.png.4bpp 
tools/gbagfx/gbagfx graphics/items/icons/lucky_egg.png build/assets/graphics/items/icons/lucky_egg.png.4bpp 
tools/gbagfx/gbagfx graphics/items/icons/lucky_punch.png build/assets/graphics/items/icons/lucky_punch.png.4bpp 
tools/gbagfx/gbagfx graphics/items/icons/lum_berry.png build/assets/graphics/items/icons/lum_berry.png.4bpp 
tools/gbagfx/gbagfx graphics/items/icons/luminous_moss.png build/assets/graphics/items/icons/luminous_moss.png.4bpp 
tools/gbagfx/gbagfx graphics/items/icons/lumiose_galette.png build/assets/graphics/items/icons/lumiose_galette.png.4bpp 
tools/gbagfx/gbagfx graphics/items/icons/lunalium_z.png build/assets/graphics/items/icons/lunalium_z.png.4bpp 
tools/gbagfx/gbagfx graphics/items/icons/lure.png build/assets/graphics/items/icons/lure.png.4bpp 
tools/gbagfx/gbagfx graphics/items/icons/lure_ball.png build/assets/graphics/items/icons/lure_ball.png.4bpp 
tools/gbagfx/gbagfx graphics/items/icons/lustrous_globe.png build/assets/graphics/items/icons/lustrous_globe.png.4bpp 
tools/gbagfx/gbagfx graphics/items/icons/lustrous_orb.png build/assets/graphics/items/icons/lustrous_orb.png.4bpp 
tools/gbagfx/gbagfx graphics/items/icons/luxury_ball.png build/assets/graphics/items/icons/luxury_ball.png.4bpp 
tools/gbagfx/gbagfx graphics/items/icons/lycanium_z.png build/assets/graphics/items/icons/lycanium_z.png.4bpp 
tools/gbagfx/gbagfx graphics/items/icons/mach_bike.png build/assets/graphics/items/icons/mach_bike.png.4bpp 
tools/gbagfx/gbagfx graphics/items/icons/macho_brace.png build/assets/graphics/items/icons/macho_brace.png.4bpp 
tools/gbagfx/gbagfx graphics/items/icons/magearnite.png build/assets/graphics/items/icons/magearnite.png.4bpp 
tools/gbagfx/gbagfx graphics/items/icons/magma_emblem.png build/assets/graphics/items/icons/magma_emblem.png.4bpp 
tools/gbagfx/gbagfx graphics/items/icons/magmarizer.png build/assets/graphics/items/icons/magmarizer.png.4bpp 
tools/gbagfx/gbagfx graphics/items/icons/magnet.png build/assets/graphics/items/icons/magnet.png.4bpp 
tools/gbagfx/gbagfx graphics/items/icons/mago_berry.png build/assets/graphics/items/icons/mago_berry.png.4bpp 
tools/gbagfx/gbagfx graphics/items/icons/magost_berry.png build/assets/graphics/items/icons/magost_berry.png.4bpp 
tools/gbagfx/gbagfx graphics/items/icons/malamarite.png build/assets/graphics/items/icons/malamarite.png.4bpp 
tools/gbagfx/gbagfx graphics/items/icons/malicious_armor.png build/assets/graphics/items/icons/malicious_armor.png.4bpp 
tools/gbagfx/gbagfx graphics/items/icons/manectite.png build/assets/graphics/items/icons/manectite.png.4bpp 
tools/gbagfx/gbagfx graphics/items/icons/maranga_berry.png build/assets/graphics/items/icons/maranga_berry.png.4bpp 
tools/gbagfx/gbagfx graphics/items/icons/marshadium_z.png build/assets/graphics/items/icons/marshadium_z.png.4bpp 
tools/gbagfx/gbagfx graphics/items/icons/master_ball.png build/assets/graphics/items/icons/master_ball.png.4bpp 
tools/gbagfx/gbagfx graphics/items/icons/masterpiece_teacup.png build/assets/graphics/items/icons/masterpiece_teacup.png.4bpp 
tools/gbagfx/gbagfx graphics/items/icons/mawilite.png build/assets/graphics/items/icons/mawilite.png.4bpp 
tools/gbagfx/gbagfx graphics/items/icons/max_honey.png build/assets/graphics/items/icons/max_honey.png.4bpp 
tools/gbagfx/gbagfx graphics/items/icons/max_mushrooms.png build/assets/graphics/items/icons/max_mushrooms.png.4bpp 
tools/gbagfx/gbagfx graphics/items/icons/max_revive.png build/assets/graphics/items/icons/max_revive.png.4bpp 
tools/gbagfx/gbagfx graphics/items/icons/mech_mail.png build/assets/graphics/items/icons/mech_mail.png.4bpp 
tools/gbagfx/gbagfx graphics/items/icons/medichamite.png build/assets/graphics/items/icons/medichamite.png.4bpp 
tools/gbagfx/gbagfx graphics/items/icons/mega_ring.png build/assets/graphics/items/icons/mega_ring.png.4bpp 
tools/gbagfx/gbagfx graphics/items/icons/meganiumite.png build/assets/graphics/items/icons/meganiumite.png.4bpp 
tools/gbagfx/gbagfx graphics/items/icons/meowsticite.png build/assets/graphics/items/icons/meowsticite.png.4bpp 
tools/gbagfx/gbagfx graphics/items/icons/metagrossite.png build/assets/graphics/items/icons/metagrossite.png.4bpp 
tools/gbagfx/gbagfx graphics/items/icons/metal_alloy.png build/assets/graphics/items/icons/metal_alloy.png.4bpp 
tools/gbagfx/gbagfx graphics/items/icons/metal_coat.png build/assets/graphics/items/icons/metal_coat.png.4bpp 
tools/gbagfx/gbagfx graphics/items/icons/meteorite.png build/assets/graphics/items/icons/meteorite.png.4bpp 
tools/gbagfx/gbagfx graphics/items/icons/metronome.png build/assets/graphics/items/icons/metronome.png.4bpp 
tools/gbagfx/gbagfx graphics/items/icons/mewnium_z.png build/assets/graphics/items/icons/mewnium_z.png.4bpp 
tools/gbagfx/gbagfx graphics/items/icons/mewtwonite_x.png build/assets/graphics/items/icons/mewtwonite_x.png.4bpp 
tools/gbagfx/gbagfx graphics/items/icons/mewtwonite_y.png build/assets/graphics/items/icons/mewtwonite_y.png.4bpp 
tools/gbagfx/gbagfx graphics/items/icons/micle_berry.png build/assets/graphics/items/icons/micle_berry.png.4bpp 
tools/gbagfx/gbagfx graphics/items/icons/mimikium_z.png build/assets/graphics/items/icons/mimikium_z.png.4bpp 
tools/gbagfx/gbagfx graphics/items/icons/mint.png build/assets/graphics/items/icons/mint.png.4bpp 
tools/gbagfx/gbagfx graphics/items/icons/miracle_seed.png build/assets/graphics/items/icons/miracle_seed.png.4bpp 
tools/gbagfx/gbagfx graphics/items/icons/mirror_herb.png build/assets/graphics/items/icons/mirror_herb.png.4bpp 
tools/gbagfx/gbagfx graphics/items/icons/mochi.png build/assets/graphics/items/icons/mochi.png.4bpp 
tools/gbagfx/gbagfx graphics/items/icons/moomoo_milk.png build/assets/graphics/items/icons/moomoo_milk.png.4bpp 
tools/gbagfx/gbagfx graphics/items/icons/moon_ball.png build/assets/graphics/items/icons/moon_ball.png.4bpp 
tools/gbagfx/gbagfx graphics/items/icons/moon_stone.png build/assets/graphics/items/icons/moon_stone.png.4bpp 
tools/gbagfx/gbagfx graphics/items/icons/mulch.png build/assets/graphics/items/icons/mulch.png.4bpp 
tools/gbagfx/gbagfx graphics/items/icons/muscle_band.png build/assets/graphics/items/icons/muscle_band.png.4bpp 
tools/gbagfx/gbagfx graphics/items/icons/mystic_ticket.png build/assets/graphics/items/icons/mystic_ticket.png.4bpp 
libpng warning: bKGD: invalid index
tools/gbagfx/gbagfx graphics/items/icons/mystic_water.png build/assets/graphics/items/icons/mystic_water.png.4bpp 
tools/gbagfx/gbagfx graphics/items/icons/nanab_berry.png build/assets/graphics/items/icons/nanab_berry.png.4bpp 
tools/gbagfx/gbagfx graphics/items/icons/necrozma_fuser.png build/assets/graphics/items/icons/necrozma_fuser.png.4bpp 
tools/gbagfx/gbagfx graphics/items/icons/nectar.png build/assets/graphics/items/icons/nectar.png.4bpp 
tools/gbagfx/gbagfx graphics/items/icons/nest_ball.png build/assets/graphics/items/icons/nest_ball.png.4bpp 
tools/gbagfx/gbagfx graphics/items/icons/net_ball.png build/assets/graphics/items/icons/net_ball.png.4bpp 
tools/gbagfx/gbagfx graphics/items/icons/never_melt_ice.png build/assets/graphics/items/icons/never_melt_ice.png.4bpp 
tools/gbagfx/gbagfx graphics/items/icons/nomel_berry.png build/assets/graphics/items/icons/nomel_berry.png.4bpp 
tools/gbagfx/gbagfx graphics/items/icons/normalium_z.png build/assets/graphics/items/icons/normalium_z.png.4bpp 
tools/gbagfx/gbagfx graphics/items/icons/nugget.png build/assets/graphics/items/icons/nugget.png.4bpp 
tools/gbagfx/gbagfx graphics/items/icons/occa_berry.png build/assets/graphics/items/icons/occa_berry.png.4bpp 
tools/gbagfx/gbagfx graphics/items/icons/odd_incense.png build/assets/graphics/items/icons/odd_incense.png.4bpp 
tools/gbagfx/gbagfx graphics/items/icons/odd_keystone.png build/assets/graphics/items/icons/odd_keystone.png.4bpp 
tools/gbagfx/gbagfx graphics/items/icons/old_amber.png build/assets/graphics/items/icons/old_amber.png.4bpp 
tools/gbagfx/gbagfx graphics/items/icons/old_gateau.png build/assets/graphics/items/icons/old_gateau.png.4bpp 
tools/gbagfx/gbagfx graphics/items/icons/old_rod.png build/assets/graphics/items/icons/old_rod.png.4bpp 
tools/gbagfx/gbagfx graphics/items/icons/old_sea_map.png build/assets/graphics/items/icons/old_sea_map.png.4bpp 
tools/gbagfx/gbagfx graphics/items/icons/oran_berry.png build/assets/graphics/items/icons/oran_berry.png.4bpp 
tools/gbagfx/gbagfx graphics/items/icons/orange_mail.png build/assets/graphics/items/icons/orange_mail.png.4bpp 
tools/gbagfx/gbagfx graphics/items/icons/oval_charm.png build/assets/graphics/items/icons/oval_charm.png.4bpp 
tools/gbagfx/gbagfx graphics/items/icons/oval_stone.png build/assets/graphics/items/icons/oval_stone.png.4bpp 
tools/gbagfx/gbagfx graphics/items/icons/pamtre_berry.png build/assets/graphics/items/icons/pamtre_berry.png.4bpp 
tools/gbagfx/gbagfx graphics/items/icons/parcel.png build/assets/graphics/items/icons/parcel.png.4bpp 
tools/gbagfx/gbagfx graphics/items/icons/park_ball.png build/assets/graphics/items/icons/park_ball.png.4bpp 
tools/gbagfx/gbagfx graphics/items/icons/passho_berry.png build/assets/graphics/items/icons/passho_berry.png.4bpp 
tools/gbagfx/gbagfx graphics/items/icons/payapa_berry.png build/assets/graphics/items/icons/payapa_berry.png.4bpp 
tools/gbagfx/gbagfx graphics/items/icons/pearl.png build/assets/graphics/items/icons/pearl.png.4bpp 
tools/gbagfx/gbagfx graphics/items/icons/pearl_string.png build/assets/graphics/items/icons/pearl_string.png.4bpp 
tools/gbagfx/gbagfx graphics/items/icons/peat_block.png build/assets/graphics/items/icons/peat_block.png.4bpp 
tools/gbagfx/gbagfx graphics/items/icons/pecha_berry.png build/assets/graphics/items/icons/pecha_berry.png.4bpp 
tools/gbagfx/gbagfx graphics/items/icons/persim_berry.png build/assets/graphics/items/icons/persim_berry.png.4bpp 
tools/gbagfx/gbagfx graphics/items/icons/petaya_berry.png build/assets/graphics/items/icons/petaya_berry.png.4bpp 
tools/gbagfx/gbagfx graphics/items/icons/pewter_crunchies.png build/assets/graphics/items/icons/pewter_crunchies.png.4bpp 
tools/gbagfx/gbagfx graphics/items/icons/pidgeotite.png build/assets/graphics/items/icons/pidgeotite.png.4bpp 
tools/gbagfx/gbagfx graphics/items/icons/pikanium_z.png build/assets/graphics/items/icons/pikanium_z.png.4bpp 
tools/gbagfx/gbagfx graphics/items/icons/pikashunium_z.png build/assets/graphics/items/icons/pikashunium_z.png.4bpp 
tools/gbagfx/gbagfx graphics/items/icons/pinap_berry.png build/assets/graphics/items/icons/pinap_berry.png.4bpp 
tools/gbagfx/gbagfx graphics/items/icons/pinsirite.png build/assets/graphics/items/icons/pinsirite.png.4bpp 
tools/gbagfx/gbagfx graphics/items/icons/plate.png build/assets/graphics/items/icons/plate.png.4bpp 
tools/gbagfx/gbagfx graphics/items/icons/plume_fossil.png build/assets/graphics/items/icons/plume_fossil.png.4bpp 
tools/gbagfx/gbagfx graphics/items/icons/poison_barb.png build/assets/graphics/items/icons/poison_barb.png.4bpp 
tools/gbagfx/gbagfx graphics/items/icons/poison_memory.png build/assets/graphics/items/icons/poison_memory.png.4bpp 
tools/gbagfx/gbagfx graphics/items/icons/poisonium_z.png build/assets/graphics/items/icons/poisonium_z.png.4bpp 
tools/gbagfx/gbagfx graphics/items/icons/poke_ball.png build/assets/graphics/items/icons/poke_ball.png.4bpp 
tools/gbagfx/gbagfx graphics/items/icons/poke_doll.png build/assets/graphics/items/icons/poke_doll.png.4bpp 
tools/gbagfx/gbagfx graphics/items/icons/poke_flute.png build/assets/graphics/items/icons/poke_flute.png.4bpp 
tools/gbagfx/gbagfx graphics/items/icons/poke_radar.png build/assets/graphics/items/icons/poke_radar.png.4bpp 
tools/gbagfx/gbagfx graphics/items/icons/poke_toy.png build/assets/graphics/items/icons/poke_toy.png.4bpp 
tools/gbagfx/gbagfx graphics/items/icons/pokeblock_case.png build/assets/graphics/items/icons/pokeblock_case.png.4bpp 
tools/gbagfx/gbagfx graphics/items/icons/pokemon_box_link.png build/assets/graphics/items/icons/pokemon_box_link.png.4bpp 
tools/gbagfx/gbagfx graphics/items/icons/pokeshi_doll.png build/assets/graphics/items/icons/pokeshi_doll.png.4bpp 
tools/gbagfx/gbagfx graphics/items/icons/pomeg_berry.png build/assets/graphics/items/icons/pomeg_berry.png.4bpp 
tools/gbagfx/gbagfx graphics/items/icons/potion.png build/assets/graphics/items/icons/potion.png.4bpp 
tools/gbagfx/gbagfx graphics/items/icons/powder.png build/assets/graphics/items/icons/powder.png.4bpp 
tools/gbagfx/gbagfx graphics/items/icons/powder_jar.png build/assets/graphics/items/icons/powder_jar.png.4bpp 
tools/gbagfx/gbagfx graphics/items/icons/power_anklet.png build/assets/graphics/items/icons/power_anklet.png.4bpp 
tools/gbagfx/gbagfx graphics/items/icons/power_band.png build/assets/graphics/items/icons/power_band.png.4bpp 
tools/gbagfx/gbagfx graphics/items/icons/power_belt.png build/assets/graphics/items/icons/power_belt.png.4bpp 
tools/gbagfx/gbagfx graphics/items/icons/power_bracer.png build/assets/graphics/items/icons/power_bracer.png.4bpp 
tools/gbagfx/gbagfx graphics/items/icons/power_herb.png build/assets/graphics/items/icons/power_herb.png.4bpp 
tools/gbagfx/gbagfx graphics/items/icons/power_lens.png build/assets/graphics/items/icons/power_lens.png.4bpp 
tools/gbagfx/gbagfx graphics/items/icons/power_weight.png build/assets/graphics/items/icons/power_weight.png.4bpp 
tools/gbagfx/gbagfx graphics/items/icons/pp_max.png build/assets/graphics/items/icons/pp_max.png.4bpp 
tools/gbagfx/gbagfx graphics/items/icons/pp_up.png build/assets/graphics/items/icons/pp_up.png.4bpp 
tools/gbagfx/gbagfx graphics/items/icons/premier_ball.png build/assets/graphics/items/icons/premier_ball.png.4bpp 
tools/gbagfx/gbagfx graphics/items/icons/pretty_feather.png build/assets/graphics/items/icons/pretty_feather.png.4bpp 
tools/gbagfx/gbagfx graphics/items/icons/primarium_z.png build/assets/graphics/items/icons/primarium_z.png.4bpp 
tools/gbagfx/gbagfx graphics/items/icons/prism_scale.png build/assets/graphics/items/icons/prism_scale.png.4bpp 
tools/gbagfx/gbagfx graphics/items/icons/prison_bottle.png build/assets/graphics/items/icons/prison_bottle.png.4bpp 
tools/gbagfx/gbagfx graphics/items/icons/protective_pads.png build/assets/graphics/items/icons/protective_pads.png.4bpp 
tools/gbagfx/gbagfx graphics/items/icons/protector.png build/assets/graphics/items/icons/protector.png.4bpp 
tools/gbagfx/gbagfx graphics/items/icons/psychic_memory.png build/assets/graphics/items/icons/psychic_memory.png.4bpp 
tools/gbagfx/gbagfx graphics/items/icons/psychium_z.png build/assets/graphics/items/icons/psychium_z.png.4bpp 
tools/gbagfx/gbagfx graphics/items/icons/punching_glove.png build/assets/graphics/items/icons/punching_glove.png.4bpp 
tools/gbagfx/gbagfx graphics/items/icons/pure_incense.png build/assets/graphics/items/icons/pure_incense.png.4bpp 
tools/gbagfx/gbagfx graphics/items/icons/pyroarite.png build/assets/graphics/items/icons/pyroarite.png.4bpp 
tools/gbagfx/gbagfx graphics/items/icons/qualot_berry.png build/assets/graphics/items/icons/qualot_berry.png.4bpp 
tools/gbagfx/gbagfx graphics/items/icons/question_mark.png build/assets/graphics/items/icons/question_mark.png.4bpp 
tools/gbagfx/gbagfx graphics/items/icons/quick_ball.png build/assets/graphics/items/icons/quick_ball.png.4bpp 
tools/gbagfx/gbagfx graphics/items/icons/quick_claw.png build/assets/graphics/items/icons/quick_claw.png.4bpp 
tools/gbagfx/gbagfx graphics/items/icons/rabuta_berry.png build/assets/graphics/items/icons/rabuta_berry.png.4bpp 
tools/gbagfx/gbagfx graphics/items/icons/rage_candy_bar.png build/assets/graphics/items/icons/rage_candy_bar.png.4bpp 
tools/gbagfx/gbagfx graphics/items/icons/raichunite_x.png build/assets/graphics/items/icons/raichunite_x.png.4bpp 
tools/gbagfx/gbagfx graphics/items/icons/raichunite_y.png build/assets/graphics/items/icons/raichunite_y.png.4bpp 
tools/gbagfx/gbagfx graphics/items/icons/rainbow_pass.png build/assets/graphics/items/icons/rainbow_pass.png.4bpp 
tools/gbagfx/gbagfx graphics/items/icons/rare_candy.png build/assets/graphics/items/icons/rare_candy.png.4bpp 
tools/gbagfx/gbagfx graphics/items/icons/rawst_berry.png build/assets/graphics/items/icons/rawst_berry.png.4bpp 
tools/gbagfx/gbagfx graphics/items/icons/razor_claw.png build/assets/graphics/items/icons/razor_claw.png.4bpp 
tools/gbagfx/gbagfx graphics/items/icons/razor_fang.png build/assets/graphics/items/icons/razor_fang.png.4bpp 
tools/gbagfx/gbagfx graphics/items/icons/razz_berry.png build/assets/graphics/items/icons/razz_berry.png.4bpp 
tools/gbagfx/gbagfx graphics/items/icons/reaper_cloth.png build/assets/graphics/items/icons/reaper_cloth.png.4bpp 
tools/gbagfx/gbagfx graphics/items/icons/red_card.png build/assets/graphics/items/icons/red_card.png.4bpp 
tools/gbagfx/gbagfx graphics/items/icons/red_orb.png build/assets/graphics/items/icons/red_orb.png.4bpp 
tools/gbagfx/gbagfx graphics/items/icons/reins_of_unity.png build/assets/graphics/items/icons/reins_of_unity.png.4bpp 
tools/gbagfx/gbagfx graphics/items/icons/relic_band.png build/assets/graphics/items/icons/relic_band.png.4bpp 
tools/gbagfx/gbagfx graphics/items/icons/relic_coin.png build/assets/graphics/items/icons/relic_coin.png.4bpp 
tools/gbagfx/gbagfx graphics/items/icons/relic_crown.png build/assets/graphics/items/icons/relic_crown.png.4bpp 
libpng warning: bKGD: invalid index
tools/gbagfx/gbagfx graphics/items/icons/relic_statue.png build/assets/graphics/items/icons/relic_statue.png.4bpp 
tools/gbagfx/gbagfx graphics/items/icons/relic_vase.png build/assets/graphics/items/icons/relic_vase.png.4bpp 
libpng warning: bKGD: invalid index
tools/gbagfx/gbagfx graphics/items/icons/remedy.png build/assets/graphics/items/icons/remedy.png.4bpp 
tools/gbagfx/gbagfx graphics/items/icons/repeat_ball.png build/assets/graphics/items/icons/repeat_ball.png.4bpp 
libpng warning: bKGD: invalid index
tools/gbagfx/gbagfx graphics/items/icons/repel.png build/assets/graphics/items/icons/repel.png.4bpp 
tools/gbagfx/gbagfx graphics/items/icons/retro_mail.png build/assets/graphics/items/icons/retro_mail.png.4bpp 
tools/gbagfx/gbagfx graphics/items/icons/return_to_field_arrow.png build/assets/graphics/items/icons/return_to_field_arrow.png.4bpp 
tools/gbagfx/gbagfx graphics/items/icons/reveal_glass.png build/assets/graphics/items/icons/reveal_glass.png.4bpp 
tools/gbagfx/gbagfx graphics/items/icons/revival_herb.png build/assets/graphics/items/icons/revival_herb.png.4bpp 
tools/gbagfx/gbagfx graphics/items/icons/revive.png build/assets/graphics/items/icons/revive.png.4bpp 
tools/gbagfx/gbagfx graphics/items/icons/ribbon_sweet.png build/assets/graphics/items/icons/ribbon_sweet.png.4bpp 
tools/gbagfx/gbagfx graphics/items/icons/rindo_berry.png build/assets/graphics/items/icons/rindo_berry.png.4bpp 
tools/gbagfx/gbagfx graphics/items/icons/ring_target.png build/assets/graphics/items/icons/ring_target.png.4bpp 
tools/gbagfx/gbagfx graphics/items/icons/rock_incense.png build/assets/graphics/items/icons/rock_incense.png.4bpp 
tools/gbagfx/gbagfx graphics/items/icons/rock_memory.png build/assets/graphics/items/icons/rock_memory.png.4bpp 
tools/gbagfx/gbagfx graphics/items/icons/rockium_z.png build/assets/graphics/items/icons/rockium_z.png.4bpp 
tools/gbagfx/gbagfx graphics/items/icons/rocky_helmet.png build/assets/graphics/items/icons/rocky_helmet.png.4bpp 
tools/gbagfx/gbagfx graphics/items/icons/room_service.png build/assets/graphics/items/icons/room_service.png.4bpp 
tools/gbagfx/gbagfx graphics/items/icons/root_fossil.png build/assets/graphics/items/icons/root_fossil.png.4bpp 
tools/gbagfx/gbagfx graphics/items/icons/rose_incense.png build/assets/graphics/items/icons/rose_incense.png.4bpp 
tools/gbagfx/gbagfx graphics/items/icons/roseli_berry.png build/assets/graphics/items/icons/roseli_berry.png.4bpp 
tools/gbagfx/gbagfx graphics/items/icons/rotom_catalog.png build/assets/graphics/items/icons/rotom_catalog.png.4bpp 
tools/gbagfx/gbagfx graphics/items/icons/rowap_berry.png build/assets/graphics/items/icons/rowap_berry.png.4bpp 
tools/gbagfx/gbagfx graphics/items/icons/rusted_shield.png build/assets/graphics/items/icons/rusted_shield.png.4bpp 
tools/gbagfx/gbagfx graphics/items/icons/rusted_sword.png build/assets/graphics/items/icons/rusted_sword.png.4bpp 
tools/gbagfx/gbagfx graphics/items/icons/sablenite.png build/assets/graphics/items/icons/sablenite.png.4bpp 
tools/gbagfx/gbagfx graphics/items/icons/sachet.png build/assets/graphics/items/icons/sachet.png.4bpp 
tools/gbagfx/gbagfx graphics/items/icons/safari_ball.png build/assets/graphics/items/icons/safari_ball.png.4bpp 
tools/gbagfx/gbagfx graphics/items/icons/safety_goggles.png build/assets/graphics/items/icons/safety_goggles.png.4bpp 
tools/gbagfx/gbagfx graphics/items/icons/sail_fossil.png build/assets/graphics/items/icons/sail_fossil.png.4bpp 
tools/gbagfx/gbagfx graphics/items/icons/salac_berry.png build/assets/graphics/items/icons/salac_berry.png.4bpp 
tools/gbagfx/gbagfx graphics/items/icons/salamencite.png build/assets/graphics/items/icons/salamencite.png.4bpp 
tools/gbagfx/gbagfx graphics/items/icons/sand.png build/assets/graphics/items/icons/sand.png.4bpp 
tools/gbagfx/gbagfx graphics/items/icons/scanner.png build/assets/graphics/items/icons/scanner.png.4bpp 
tools/gbagfx/gbagfx graphics/items/icons/scarf.png build/assets/graphics/items/icons/scarf.png.4bpp 
tools/gbagfx/gbagfx graphics/items/icons/sceptilite.png build/assets/graphics/items/icons/sceptilite.png.4bpp 
tools/gbagfx/gbagfx graphics/items/icons/scizorite.png build/assets/graphics/items/icons/scizorite.png.4bpp 
tools/gbagfx/gbagfx graphics/items/icons/scolipite.png build/assets/graphics/items/icons/scolipite.png.4bpp 
libpng warning: bKGD: invalid index
tools/gbagfx/gbagfx graphics/items/icons/scope_lens.png build/assets/graphics/items/icons/scope_lens.png.4bpp 
tools/gbagfx/gbagfx graphics/items/icons/scovillainite.png build/assets/graphics/items/icons/scovillainite.png.4bpp 
tools/gbagfx/gbagfx graphics/items/icons/scraftinite.png build/assets/graphics/items/icons/scraftinite.png.4bpp 
tools/gbagfx/gbagfx graphics/items/icons/scroll_of_darkness.png build/assets/graphics/items/icons/scroll_of_darkness.png.4bpp 
tools/gbagfx/gbagfx graphics/items/icons/scroll_of_waters.png build/assets/graphics/items/icons/scroll_of_waters.png.4bpp 
tools/gbagfx/gbagfx graphics/items/icons/sea_incense.png build/assets/graphics/items/icons/sea_incense.png.4bpp 
tools/gbagfx/gbagfx graphics/items/icons/secret_key.png build/assets/graphics/items/icons/secret_key.png.4bpp 
tools/gbagfx/gbagfx graphics/items/icons/shadow_mail.png build/assets/graphics/items/icons/shadow_mail.png.4bpp 
tools/gbagfx/gbagfx graphics/items/icons/shalour_sable.png build/assets/graphics/items/icons/shalour_sable.png.4bpp 
tools/gbagfx/gbagfx graphics/items/icons/shard.png build/assets/graphics/items/icons/shard.png.4bpp 
tools/gbagfx/gbagfx graphics/items/icons/sharp_beak.png build/assets/graphics/items/icons/sharp_beak.png.4bpp 
tools/gbagfx/gbagfx graphics/items/icons/sharpedonite.png build/assets/graphics/items/icons/sharpedonite.png.4bpp 
tools/gbagfx/gbagfx graphics/items/icons/shed_shell.png build/assets/graphics/items/icons/shed_shell.png.4bpp 
tools/gbagfx/gbagfx graphics/items/icons/shell_bell.png build/assets/graphics/items/icons/shell_bell.png.4bpp 
tools/gbagfx/gbagfx graphics/items/icons/shiny_charm.png build/assets/graphics/items/icons/shiny_charm.png.4bpp 
tools/gbagfx/gbagfx graphics/items/icons/shiny_stone.png build/assets/graphics/items/icons/shiny_stone.png.4bpp 
tools/gbagfx/gbagfx graphics/items/icons/shoal_shell.png build/assets/graphics/items/icons/shoal_shell.png.4bpp 
tools/gbagfx/gbagfx graphics/items/icons/shuca_berry.png build/assets/graphics/items/icons/shuca_berry.png.4bpp 
tools/gbagfx/gbagfx graphics/items/icons/silk_scarf.png build/assets/graphics/items/icons/silk_scarf.png.4bpp 
tools/gbagfx/gbagfx graphics/items/icons/silph_scope.png build/assets/graphics/items/icons/silph_scope.png.4bpp 
tools/gbagfx/gbagfx graphics/items/icons/silver_powder.png build/assets/graphics/items/icons/silver_powder.png.4bpp 
tools/gbagfx/gbagfx graphics/items/icons/sitrus_berry.png build/assets/graphics/items/icons/sitrus_berry.png.4bpp 
tools/gbagfx/gbagfx graphics/items/icons/skarmorite.png build/assets/graphics/items/icons/skarmorite.png.4bpp 
tools/gbagfx/gbagfx graphics/items/icons/skull_fossil.png build/assets/graphics/items/icons/skull_fossil.png.4bpp 
tools/gbagfx/gbagfx graphics/items/icons/slowbronite.png build/assets/graphics/items/icons/slowbronite.png.4bpp 
tools/gbagfx/gbagfx graphics/items/icons/smoke_ball.png build/assets/graphics/items/icons/smoke_ball.png.4bpp 
tools/gbagfx/gbagfx graphics/items/icons/smooth_rock.png build/assets/graphics/items/icons/smooth_rock.png.4bpp 
tools/gbagfx/gbagfx graphics/items/icons/snorlium_z.png build/assets/graphics/items/icons/snorlium_z.png.4bpp 
tools/gbagfx/gbagfx graphics/items/icons/snowball.png build/assets/graphics/items/icons/snowball.png.4bpp 
tools/gbagfx/gbagfx graphics/items/icons/soda_pop.png build/assets/graphics/items/icons/soda_pop.png.4bpp 
tools/gbagfx/gbagfx graphics/items/icons/solganium_z.png build/assets/graphics/items/icons/solganium_z.png.4bpp 
tools/gbagfx/gbagfx graphics/items/icons/soot_sack.png build/assets/graphics/items/icons/soot_sack.png.4bpp 
tools/gbagfx/gbagfx graphics/items/icons/soothe_bell.png build/assets/graphics/items/icons/soothe_bell.png.4bpp 
tools/gbagfx/gbagfx graphics/items/icons/soul_dew.png build/assets/graphics/items/icons/soul_dew.png.4bpp 
tools/gbagfx/gbagfx graphics/items/icons/spell_tag.png build/assets/graphics/items/icons/spell_tag.png.4bpp 
tools/gbagfx/gbagfx graphics/items/icons/spelon_berry.png build/assets/graphics/items/icons/spelon_berry.png.4bpp 
tools/gbagfx/gbagfx graphics/items/icons/sport_ball.png build/assets/graphics/items/icons/sport_ball.png.4bpp 
tools/gbagfx/gbagfx graphics/items/icons/ss_ticket.png build/assets/graphics/items/icons/ss_ticket.png.4bpp 
tools/gbagfx/gbagfx graphics/items/icons/stable_mulch.png build/assets/graphics/items/icons/stable_mulch.png.4bpp 
tools/gbagfx/gbagfx graphics/items/icons/star_piece.png build/assets/graphics/items/icons/star_piece.png.4bpp 
tools/gbagfx/gbagfx graphics/items/icons/star_sweet.png build/assets/graphics/items/icons/star_sweet.png.4bpp 
tools/gbagfx/gbagfx graphics/items/icons/staraptite.png build/assets/graphics/items/icons/staraptite.png.4bpp 
tools/gbagfx/gbagfx graphics/items/icons/starf_berry.png build/assets/graphics/items/icons/starf_berry.png.4bpp 
tools/gbagfx/gbagfx graphics/items/icons/starminite.png build/assets/graphics/items/icons/starminite.png.4bpp 
tools/gbagfx/gbagfx graphics/items/icons/status_heal.png build/assets/graphics/items/icons/status_heal.png.4bpp 
tools/gbagfx/gbagfx graphics/items/icons/steel_memory.png build/assets/graphics/items/icons/steel_memory.png.4bpp 
tools/gbagfx/gbagfx graphics/items/icons/steelium_z.png build/assets/graphics/items/icons/steelium_z.png.4bpp 
tools/gbagfx/gbagfx graphics/items/icons/steelixite.png build/assets/graphics/items/icons/steelixite.png.4bpp 
tools/gbagfx/gbagfx graphics/items/icons/stellar_tera_shard.png build/assets/graphics/items/icons/stellar_tera_shard.png.4bpp 
tools/gbagfx/gbagfx graphics/items/icons/sticky_barb.png build/assets/graphics/items/icons/sticky_barb.png.4bpp 
tools/gbagfx/gbagfx graphics/items/icons/storage_key.png build/assets/graphics/items/icons/storage_key.png.4bpp 
tools/gbagfx/gbagfx graphics/items/icons/strange_ball.png build/assets/graphics/items/icons/strange_ball.png.4bpp 
tools/gbagfx/gbagfx graphics/items/icons/strange_souvenir.png build/assets/graphics/items/icons/strange_souvenir.png.4bpp 
tools/gbagfx/gbagfx graphics/items/icons/strawberry_sweet.png build/assets/graphics/items/icons/strawberry_sweet.png.4bpp 
tools/gbagfx/gbagfx graphics/items/icons/sun_stone.png build/assets/graphics/items/icons/sun_stone.png.4bpp 
tools/gbagfx/gbagfx graphics/items/icons/super_rod.png build/assets/graphics/items/icons/super_rod.png.4bpp 
tools/gbagfx/gbagfx graphics/items/icons/superb_remedy.png build/assets/graphics/items/icons/superb_remedy.png.4bpp 
tools/gbagfx/gbagfx graphics/items/icons/swampertite.png build/assets/graphics/items/icons/swampertite.png.4bpp 
tools/gbagfx/gbagfx graphics/items/icons/swap_snack.png build/assets/graphics/items/icons/swap_snack.png.4bpp 
tools/gbagfx/gbagfx graphics/items/icons/sweet_apple.png build/assets/graphics/items/icons/sweet_apple.png.4bpp 
tools/gbagfx/gbagfx graphics/items/icons/sweet_heart.png build/assets/graphics/items/icons/sweet_heart.png.4bpp 
tools/gbagfx/gbagfx graphics/items/icons/syrupy_apple.png build/assets/graphics/items/icons/syrupy_apple.png.4bpp 
tools/gbagfx/gbagfx graphics/items/icons/tamato_berry.png build/assets/graphics/items/icons/tamato_berry.png.4bpp 
tools/gbagfx/gbagfx graphics/items/icons/tanga_berry.png build/assets/graphics/items/icons/tanga_berry.png.4bpp 
tools/gbagfx/gbagfx graphics/items/icons/tapunium_z.png build/assets/graphics/items/icons/tapunium_z.png.4bpp 
tools/gbagfx/gbagfx graphics/items/icons/tart_apple.png build/assets/graphics/items/icons/tart_apple.png.4bpp 
tools/gbagfx/gbagfx graphics/items/icons/tatsugirinite.png build/assets/graphics/items/icons/tatsugirinite.png.4bpp 
tools/gbagfx/gbagfx graphics/items/icons/tea.png build/assets/graphics/items/icons/tea.png.4bpp 
tools/gbagfx/gbagfx graphics/items/icons/teachy_tv.png build/assets/graphics/items/icons/teachy_tv.png.4bpp 
tools/gbagfx/gbagfx graphics/items/icons/tera_orb.png build/assets/graphics/items/icons/tera_orb.png.4bpp 
tools/gbagfx/gbagfx graphics/items/icons/tera_shard.png build/assets/graphics/items/icons/tera_shard.png.4bpp 
tools/gbagfx/gbagfx graphics/items/icons/terrain_extender.png build/assets/graphics/items/icons/terrain_extender.png.4bpp 
tools/gbagfx/gbagfx graphics/items/icons/terrain_seed.png build/assets/graphics/items/icons/terrain_seed.png.4bpp 
tools/gbagfx/gbagfx graphics/items/icons/throat_spray.png build/assets/graphics/items/icons/throat_spray.png.4bpp 
tools/gbagfx/gbagfx graphics/items/icons/thunder_stone.png build/assets/graphics/items/icons/thunder_stone.png.4bpp 
tools/gbagfx/gbagfx graphics/items/icons/timer_ball.png build/assets/graphics/items/icons/timer_ball.png.4bpp 
tools/gbagfx/gbagfx graphics/items/icons/tiny_bamboo_shoot.png build/assets/graphics/items/icons/tiny_bamboo_shoot.png.4bpp 
tools/gbagfx/gbagfx graphics/items/icons/tiny_mushroom.png build/assets/graphics/items/icons/tiny_mushroom.png.4bpp 
tools/gbagfx/gbagfx graphics/items/icons/tm.png build/assets/graphics/items/icons/tm.png.4bpp 
tools/gbagfx/gbagfx graphics/items/icons/tm_case.png build/assets/graphics/items/icons/tm_case.png.4bpp 
tools/gbagfx/gbagfx graphics/items/icons/town_map.png build/assets/graphics/items/icons/town_map.png.4bpp 
tools/gbagfx/gbagfx graphics/items/icons/toxic_orb.png build/assets/graphics/items/icons/toxic_orb.png.4bpp 
tools/gbagfx/gbagfx graphics/items/icons/tri_pass.png build/assets/graphics/items/icons/tri_pass.png.4bpp 
tools/gbagfx/gbagfx graphics/items/icons/tropic_mail.png build/assets/graphics/items/icons/tropic_mail.png.4bpp 
tools/gbagfx/gbagfx graphics/items/icons/twice_spiced_radish.png build/assets/graphics/items/icons/twice_spiced_radish.png.4bpp 
tools/gbagfx/gbagfx graphics/items/icons/twisted_spoon.png build/assets/graphics/items/icons/twisted_spoon.png.4bpp 
tools/gbagfx/gbagfx graphics/items/icons/type_gem.png build/assets/graphics/items/icons/type_gem.png.4bpp 
tools/gbagfx/gbagfx graphics/items/icons/tyranitarite.png build/assets/graphics/items/icons/tyranitarite.png.4bpp 
tools/gbagfx/gbagfx graphics/items/icons/ultra_ball.png build/assets/graphics/items/icons/ultra_ball.png.4bpp 
tools/gbagfx/gbagfx graphics/items/icons/ultranecrozium_z.png build/assets/graphics/items/icons/ultranecrozium_z.png.4bpp 
tools/gbagfx/gbagfx graphics/items/icons/unremarkable_teacup.png build/assets/graphics/items/icons/unremarkable_teacup.png.4bpp 
tools/gbagfx/gbagfx graphics/items/icons/upgrade.png build/assets/graphics/items/icons/upgrade.png.4bpp 
tools/gbagfx/gbagfx graphics/items/icons/utility_umbrella.png build/assets/graphics/items/icons/utility_umbrella.png.4bpp 
tools/gbagfx/gbagfx graphics/items/icons/venusaurite.png build/assets/graphics/items/icons/venusaurite.png.4bpp 
tools/gbagfx/gbagfx graphics/items/icons/victreebelite.png build/assets/graphics/items/icons/victreebelite.png.4bpp 
tools/gbagfx/gbagfx graphics/items/icons/vitamin.png build/assets/graphics/items/icons/vitamin.png.4bpp 
tools/gbagfx/gbagfx graphics/items/icons/vs_seeker.png build/assets/graphics/items/icons/vs_seeker.png.4bpp 
tools/gbagfx/gbagfx graphics/items/icons/wacan_berry.png build/assets/graphics/items/icons/wacan_berry.png.4bpp 
tools/gbagfx/gbagfx graphics/items/icons/wailmer_pail.png build/assets/graphics/items/icons/wailmer_pail.png.4bpp 
tools/gbagfx/gbagfx graphics/items/icons/water_memory.png build/assets/graphics/items/icons/water_memory.png.4bpp 
tools/gbagfx/gbagfx graphics/items/icons/water_stone.png build/assets/graphics/items/icons/water_stone.png.4bpp 
tools/gbagfx/gbagfx graphics/items/icons/waterium_z.png build/assets/graphics/items/icons/waterium_z.png.4bpp 
tools/gbagfx/gbagfx graphics/items/icons/watmel_berry.png build/assets/graphics/items/icons/watmel_berry.png.4bpp 
tools/gbagfx/gbagfx graphics/items/icons/wave_incense.png build/assets/graphics/items/icons/wave_incense.png.4bpp 
tools/gbagfx/gbagfx graphics/items/icons/wave_mail.png build/assets/graphics/items/icons/wave_mail.png.4bpp 
tools/gbagfx/gbagfx graphics/items/icons/weakness_policy.png build/assets/graphics/items/icons/weakness_policy.png.4bpp 
tools/gbagfx/gbagfx graphics/items/icons/wellspring_mask.png build/assets/graphics/items/icons/wellspring_mask.png.4bpp 
tools/gbagfx/gbagfx graphics/items/icons/wepear_berry.png build/assets/graphics/items/icons/wepear_berry.png.4bpp 
tools/gbagfx/gbagfx graphics/items/icons/whipped_dream.png build/assets/graphics/items/icons/whipped_dream.png.4bpp 
tools/gbagfx/gbagfx graphics/items/icons/wide_lens.png build/assets/graphics/items/icons/wide_lens.png.4bpp 
tools/gbagfx/gbagfx graphics/items/icons/wiki_berry.png build/assets/graphics/items/icons/wiki_berry.png.4bpp 
tools/gbagfx/gbagfx graphics/items/icons/wise_glasses.png build/assets/graphics/items/icons/wise_glasses.png.4bpp 
tools/gbagfx/gbagfx graphics/items/icons/wishing_piece.png build/assets/graphics/items/icons/wishing_piece.png.4bpp 
tools/gbagfx/gbagfx graphics/items/icons/wood_mail.png build/assets/graphics/items/icons/wood_mail.png.4bpp 
tools/gbagfx/gbagfx graphics/items/icons/yache_berry.png build/assets/graphics/items/icons/yache_berry.png.4bpp 
tools/gbagfx/gbagfx graphics/items/icons/z_power_ring.png build/assets/graphics/items/icons/z_power_ring.png.4bpp 
tools/gbagfx/gbagfx graphics/items/icons/z_ring.png build/assets/graphics/items/icons/z_ring.png.4bpp 
tools/gbagfx/gbagfx graphics/items/icons/zeraorite.png build/assets/graphics/items/icons/zeraorite.png.4bpp 
tools/gbagfx/gbagfx graphics/items/icons/zoom_lens.png build/assets/graphics/items/icons/zoom_lens.png.4bpp 
tools/gbagfx/gbagfx graphics/items/icons/zygarde_cube.png build/assets/graphics/items/icons/zygarde_cube.png.4bpp 
tools/gbagfx/gbagfx graphics/items/icons/zygardite.png build/assets/graphics/items/icons/zygardite.png.4bpp 
tools/compresSmol/compresSmolTilemap graphics/mail/bead/map.bin build/assets/graphics/mail/bead/map.bin.smolTM 
tools/gbagfx/gbagfx graphics/mail/bead/palette.pal build/assets/graphics/mail/bead/palette.pal.gbapal 
tools/gbagfx/gbagfx graphics/mail/bead/tiles.png build/assets/graphics/mail/bead/tiles.png.4bpp 
tools/compresSmol/compresSmolTilemap graphics/mail/dream/map.bin build/assets/graphics/mail/dream/map.bin.smolTM 
tools/gbagfx/gbagfx graphics/mail/dream/palette.pal build/assets/graphics/mail/dream/palette.pal.gbapal 
tools/gbagfx/gbagfx graphics/mail/dream/tiles.png build/assets/graphics/mail/dream/tiles.png.4bpp 
tools/compresSmol/compresSmolTilemap graphics/mail/fab/map.bin build/assets/graphics/mail/fab/map.bin.smolTM 
tools/gbagfx/gbagfx graphics/mail/fab/palette.pal build/assets/graphics/mail/fab/palette.pal.gbapal 
tools/gbagfx/gbagfx graphics/mail/fab/tiles.png build/assets/graphics/mail/fab/tiles.png.4bpp 
tools/compresSmol/compresSmolTilemap graphics/mail/glitter/map.bin build/assets/graphics/mail/glitter/map.bin.smolTM 
tools/gbagfx/gbagfx graphics/mail/glitter/palette.pal build/assets/graphics/mail/glitter/palette.pal.gbapal 
tools/gbagfx/gbagfx graphics/mail/glitter/tiles.png build/assets/graphics/mail/glitter/tiles.png.4bpp 
tools/compresSmol/compresSmolTilemap graphics/mail/harbor/map.bin build/assets/graphics/mail/harbor/map.bin.smolTM 
tools/gbagfx/gbagfx graphics/mail/harbor/palette.pal build/assets/graphics/mail/harbor/palette.pal.gbapal 
tools/gbagfx/gbagfx graphics/mail/harbor/tiles.png build/assets/graphics/mail/harbor/tiles.png.4bpp 
tools/compresSmol/compresSmolTilemap graphics/mail/mech/map.bin build/assets/graphics/mail/mech/map.bin.smolTM 
tools/gbagfx/gbagfx graphics/mail/mech/palette.pal build/assets/graphics/mail/mech/palette.pal.gbapal 
tools/gbagfx/gbagfx graphics/mail/mech/tiles.png build/assets/graphics/mail/mech/tiles.png.4bpp 
tools/compresSmol/compresSmolTilemap graphics/mail/orange/map.bin build/assets/graphics/mail/orange/map.bin.smolTM 
tools/gbagfx/gbagfx graphics/mail/orange/palette.pal build/assets/graphics/mail/orange/palette.pal.gbapal 
tools/gbagfx/gbagfx graphics/mail/orange/tiles.png build/assets/graphics/mail/orange/tiles.png.4bpp 
tools/compresSmol/compresSmolTilemap graphics/mail/retro/map.bin build/assets/graphics/mail/retro/map.bin.smolTM 
tools/gbagfx/gbagfx graphics/mail/retro/palette.pal build/assets/graphics/mail/retro/palette.pal.gbapal 
tools/gbagfx/gbagfx graphics/mail/retro/tiles.png build/assets/graphics/mail/retro/tiles.png.4bpp 
tools/compresSmol/compresSmolTilemap graphics/mail/shadow/map.bin build/assets/graphics/mail/shadow/map.bin.smolTM 
tools/gbagfx/gbagfx graphics/mail/shadow/palette.pal build/assets/graphics/mail/shadow/palette.pal.gbapal 
tools/gbagfx/gbagfx graphics/mail/shadow/tiles.png build/assets/graphics/mail/shadow/tiles.png.4bpp 
tools/compresSmol/compresSmolTilemap graphics/mail/tropic/map.bin build/assets/graphics/mail/tropic/map.bin.smolTM 
tools/gbagfx/gbagfx graphics/mail/tropic/palette.pal build/assets/graphics/mail/tropic/palette.pal.gbapal 
tools/gbagfx/gbagfx graphics/mail/tropic/tiles.png build/assets/graphics/mail/tropic/tiles.png.4bpp 
tools/compresSmol/compresSmolTilemap graphics/mail/wave/map.bin build/assets/graphics/mail/wave/map.bin.smolTM 
tools/gbagfx/gbagfx graphics/mail/wave/palette.pal build/assets/graphics/mail/wave/palette.pal.gbapal 
tools/gbagfx/gbagfx graphics/mail/wave/tiles.png build/assets/graphics/mail/wave/tiles.png.4bpp 
tools/compresSmol/compresSmolTilemap graphics/mail/wood/map.bin build/assets/graphics/mail/wood/map.bin.smolTM 
tools/gbagfx/gbagfx graphics/mail/wood/palette.pal build/assets/graphics/mail/wood/palette.pal.gbapal 
tools/gbagfx/gbagfx graphics/mail/wood/tiles.png build/assets/graphics/mail/wood/tiles.png.4bpp 
tools/gbagfx/gbagfx graphics/misc/confetti.png build/assets/graphics/misc/confetti.png.4bpp 
tools/gbagfx/gbagfx graphics/misc/confetti.png build/assets/graphics/misc/confetti.png.gbapal 
tools/gbagfx/gbagfx graphics/naming_screen/back_button.png build/assets/graphics/naming_screen/back_button.png.4bpp 
tools/compresSmol/compresSmolTilemap graphics/naming_screen/background.bin build/assets/graphics/naming_screen/background.bin.smolTM 
tools/gbagfx/gbagfx graphics/naming_screen/buttons.pal build/assets/graphics/naming_screen/buttons.pal.gbapal 
tools/gbagfx/gbagfx graphics/naming_screen/cursor.pal build/assets/graphics/naming_screen/cursor.pal.gbapal 
tools/gbagfx/gbagfx graphics/naming_screen/cursor.png build/assets/graphics/naming_screen/cursor.png_num_tiles_5__Wnum_tiles.4bpp -num_tiles 5 -Wnum_tiles
tools/gbagfx/gbagfx graphics/naming_screen/cursor_filled.png build/assets/graphics/naming_screen/cursor_filled.png_num_tiles_5__Wnum_tiles.4bpp -num_tiles 5 -Wnum_tiles
tools/gbagfx/gbagfx graphics/naming_screen/cursor_squished.png build/assets/graphics/naming_screen/cursor_squished.png_num_tiles_5__Wnum_tiles.4bpp -num_tiles 5 -Wnum_tiles
tools/gbagfx/gbagfx graphics/naming_screen/input_arrow.png build/assets/graphics/naming_screen/input_arrow.png.4bpp 
tools/compresSmol/compresSmolTilemap graphics/naming_screen/keyboard_lower.bin build/assets/graphics/naming_screen/keyboard_lower.bin.smolTM 
tools/compresSmol/compresSmolTilemap graphics/naming_screen/keyboard_symbols.bin build/assets/graphics/naming_screen/keyboard_symbols.bin.smolTM 
tools/compresSmol/compresSmolTilemap graphics/naming_screen/keyboard_upper.bin build/assets/graphics/naming_screen/keyboard_upper.bin.smolTM 
tools/gbagfx/gbagfx graphics/naming_screen/menu.pal build/assets/graphics/naming_screen/menu.pal.gbapal 
tools/gbagfx/gbagfx graphics/naming_screen/menu.png build/assets/graphics/naming_screen/menu.png.4bpp 
tools/gbagfx/gbagfx graphics/naming_screen/ok_button.png build/assets/graphics/naming_screen/ok_button.png.4bpp 
tools/gbagfx/gbagfx graphics/naming_screen/page_swap_button.png build/assets/graphics/naming_screen/page_swap_button.png.4bpp 
tools/gbagfx/gbagfx graphics/naming_screen/page_swap_frame.png build/assets/graphics/naming_screen/page_swap_frame.png.4bpp 
tools/gbagfx/gbagfx graphics/naming_screen/page_swap_lower.pal build/assets/graphics/naming_screen/page_swap_lower.pal.gbapal 
tools/gbagfx/gbagfx graphics/naming_screen/page_swap_lower.png build/assets/graphics/naming_screen/page_swap_lower.png.4bpp 
tools/gbagfx/gbagfx graphics/naming_screen/page_swap_others.pal build/assets/graphics/naming_screen/page_swap_others.pal.gbapal 
tools/gbagfx/gbagfx graphics/naming_screen/page_swap_others.png build/assets/graphics/naming_screen/page_swap_others.png.4bpp 
tools/gbagfx/gbagfx graphics/naming_screen/page_swap_upper.pal build/assets/graphics/naming_screen/page_swap_upper.pal.gbapal 
tools/gbagfx/gbagfx graphics/naming_screen/page_swap_upper.png build/assets/graphics/naming_screen/page_swap_upper.png.4bpp 
tools/gbagfx/gbagfx graphics/naming_screen/underscore.png build/assets/graphics/naming_screen/underscore.png.4bpp 
tools/compresSmol/compresSmolTilemap graphics/party_menu/bg.bin build/assets/graphics/party_menu/bg.bin.smolTM 
tools/gbagfx/gbagfx graphics/party_menu/bg.png build/assets/graphics/party_menu/bg.png.gbapal 
tools/gbagfx/gbagfx graphics/party_menu/bg.png build/assets/graphics/party_menu/bg.png_num_tiles_62__Wnum_tiles.4bpp -num_tiles 62 -Wnum_tiles
tools/gbagfx/gbagfx graphics/party_menu/pokeball.png build/assets/graphics/party_menu/pokeball.png.4bpp 
tools/gbagfx/gbagfx graphics/party_menu/pokeball.png build/assets/graphics/party_menu/pokeball.png.gbapal 
tools/gbagfx/gbagfx graphics/party_menu/pokeball_small.png build/assets/graphics/party_menu/pokeball_small.png.4bpp 
tools/gbagfx/gbagfx graphics/pokeblock/black.pal build/assets/graphics/pokeblock/black.pal.gbapal 
tools/gbagfx/gbagfx graphics/pokeblock/blue.pal build/assets/graphics/pokeblock/blue.pal.gbapal 
tools/gbagfx/gbagfx graphics/pokeblock/brown.pal build/assets/graphics/pokeblock/brown.pal.gbapal 
tools/gbagfx/gbagfx graphics/pokeblock/device.png build/assets/graphics/pokeblock/device.png.4bpp 
tools/gbagfx/gbagfx graphics/pokeblock/device.png build/assets/graphics/pokeblock/device.png.gbapal 
tools/compresSmol/compresSmolTilemap graphics/pokeblock/feeding_bg.bin build/assets/graphics/pokeblock/feeding_bg.bin.smolTM 
tools/gbagfx/gbagfx graphics/pokeblock/gold.pal build/assets/graphics/pokeblock/gold.pal.gbapal 
tools/gbagfx/gbagfx graphics/pokeblock/gray.pal build/assets/graphics/pokeblock/gray.pal.gbapal 
tools/gbagfx/gbagfx graphics/pokeblock/green.pal build/assets/graphics/pokeblock/green.pal.gbapal 
tools/gbagfx/gbagfx graphics/pokeblock/indigo.pal build/assets/graphics/pokeblock/indigo.pal.gbapal 
tools/gbagfx/gbagfx graphics/pokeblock/liteblue.pal build/assets/graphics/pokeblock/liteblue.pal.gbapal 
tools/compresSmol/compresSmolTilemap graphics/pokeblock/menu.bin build/assets/graphics/pokeblock/menu.bin.smolTM 
tools/gbagfx/gbagfx graphics/pokeblock/menu.pal build/assets/graphics/pokeblock/menu.pal.gbapal 
tools/gbagfx/gbagfx graphics/pokeblock/menu.png build/assets/graphics/pokeblock/menu.png.4bpp 
tools/gbagfx/gbagfx graphics/pokeblock/olive.pal build/assets/graphics/pokeblock/olive.pal.gbapal 
tools/gbagfx/gbagfx graphics/pokeblock/pink.pal build/assets/graphics/pokeblock/pink.pal.gbapal 
tools/gbagfx/gbagfx graphics/pokeblock/pokeblock.png build/assets/graphics/pokeblock/pokeblock.png.4bpp 
tools/gbagfx/gbagfx graphics/pokeblock/purple.pal build/assets/graphics/pokeblock/purple.pal.gbapal 
tools/gbagfx/gbagfx graphics/pokeblock/red.pal build/assets/graphics/pokeblock/red.pal.gbapal 
tools/gbagfx/gbagfx graphics/pokeblock/use_screen/condition.png build/assets/graphics/pokeblock/use_screen/condition.png.4bpp 
tools/gbagfx/gbagfx graphics/pokeblock/use_screen/condition.png build/assets/graphics/pokeblock/use_screen/condition.png.gbapal 
tools/compresSmol/compresSmolTilemap graphics/pokeblock/use_screen/graph.bin build/assets/graphics/pokeblock/use_screen/graph.bin.smolTM 
tools/gbagfx/gbagfx graphics/pokeblock/use_screen/graph.png build/assets/graphics/pokeblock/use_screen/graph.png.4bpp 
tools/gbagfx/gbagfx graphics/pokeblock/use_screen/graph.png build/assets/graphics/pokeblock/use_screen/graph.png.gbapal 
tools/gbagfx/gbagfx graphics/pokeblock/use_screen/nature.pal build/assets/graphics/pokeblock/use_screen/nature.pal.gbapal 
tools/gbagfx/gbagfx graphics/pokeblock/use_screen/updown.png build/assets/graphics/pokeblock/use_screen/updown.png.4bpp 
tools/gbagfx/gbagfx graphics/pokeblock/use_screen/updown.png build/assets/graphics/pokeblock/use_screen/updown.png.gbapal 
tools/gbagfx/gbagfx graphics/pokeblock/white.pal build/assets/graphics/pokeblock/white.pal.gbapal 
tools/gbagfx/gbagfx graphics/pokeblock/yellow.pal build/assets/graphics/pokeblock/yellow.pal.gbapal 
tools/gbagfx/gbagfx graphics/pokedex/area_unknown.png build/assets/graphics/pokedex/area_unknown.png.4bpp 
tools/gbagfx/gbagfx graphics/pokedex/area_unknown.png build/assets/graphics/pokedex/area_unknown.png.gbapal 
tools/gbagfx/gbagfx graphics/pokedex/bg_hoenn.pal build/assets/graphics/pokedex/bg_hoenn.pal.gbapal 
tools/gbagfx/gbagfx graphics/pokedex/bg_national.pal build/assets/graphics/pokedex/bg_national.pal.gbapal 
tools/compresSmol/compresSmolTilemap graphics/pokedex/cry_screen.bin build/assets/graphics/pokedex/cry_screen.bin.smolTM 
tools/compresSmol/compresSmolTilemap graphics/pokedex/info_screen.bin build/assets/graphics/pokedex/info_screen.bin.smolTM 
tools/gbagfx/gbagfx graphics/pokedex/interface.png build/assets/graphics/pokedex/interface.png.4bpp 
tools/compresSmol/compresSmolTilemap graphics/pokedex/list.bin build/assets/graphics/pokedex/list.bin.smolTM 
tools/compresSmol/compresSmolTilemap graphics/pokedex/list_underlay.bin build/assets/graphics/pokedex/list_underlay.bin.smolTM 
tools/gbagfx/gbagfx graphics/pokedex/menu.png build/assets/graphics/pokedex/menu.png.4bpp 
tools/gbagfx/gbagfx graphics/pokedex/noball_unused.png build/assets/graphics/pokedex/noball_unused.png.4bpp 
tools/compresSmol/compresSmolTilemap graphics/pokedex/screen_select_bar_main.bin build/assets/graphics/pokedex/screen_select_bar_main.bin.smolTM 
tools/compresSmol/compresSmolTilemap graphics/pokedex/screen_select_bar_submenu.bin build/assets/graphics/pokedex/screen_select_bar_submenu.bin.smolTM 
tools/gbagfx/gbagfx graphics/pokedex/search_menu.pal build/assets/graphics/pokedex/search_menu.pal.gbapal 
tools/gbagfx/gbagfx graphics/pokedex/search_menu.png build/assets/graphics/pokedex/search_menu.png.4bpp 
tools/compresSmol/compresSmolTilemap graphics/pokedex/search_menu_hoenn.bin build/assets/graphics/pokedex/search_menu_hoenn.bin.smolTM 
tools/compresSmol/compresSmolTilemap graphics/pokedex/search_menu_national.bin build/assets/graphics/pokedex/search_menu_national.bin.smolTM 
tools/gbagfx/gbagfx graphics/pokedex/search_results_bg.pal build/assets/graphics/pokedex/search_results_bg.pal.gbapal 
tools/compresSmol/compresSmolTilemap graphics/pokedex/size_screen.bin build/assets/graphics/pokedex/size_screen.bin.smolTM 
tools/compresSmol/compresSmolTilemap graphics/pokedex/start_menu_main.bin build/assets/graphics/pokedex/start_menu_main.bin.smolTM 
tools/compresSmol/compresSmolTilemap graphics/pokedex/start_menu_search_results.bin build/assets/graphics/pokedex/start_menu_search_results.bin.smolTM 
tools/gbagfx/gbagfx graphics/pokemon/ghost/front.png build/assets/graphics/pokemon/ghost/front.png.4bpp 
tools/gbagfx/gbagfx graphics/pokemon/ghost/front.png build/assets/graphics/pokemon/ghost/front.png.gbapal 
tools/gbagfx/gbagfx graphics/pokemon/icon_palettes/pal0.pal build/assets/graphics/pokemon/icon_palettes/pal0.pal.gbapal 
tools/gbagfx/gbagfx graphics/pokemon/icon_palettes/pal1.pal build/assets/graphics/pokemon/icon_palettes/pal1.pal.gbapal 
tools/gbagfx/gbagfx graphics/pokemon/icon_palettes/pal2.pal build/assets/graphics/pokemon/icon_palettes/pal2.pal.gbapal 
tools/gbagfx/gbagfx graphics/pokemon/icon_palettes/pal3.pal build/assets/graphics/pokemon/icon_palettes/pal3.pal.gbapal 
tools/gbagfx/gbagfx graphics/pokemon/icon_palettes/pal4.pal build/assets/graphics/pokemon/icon_palettes/pal4.pal.gbapal 
tools/gbagfx/gbagfx graphics/pokemon/icon_palettes/pal5.pal build/assets/graphics/pokemon/icon_palettes/pal5.pal.gbapal 
tools/gbagfx/gbagfx graphics/pokemon/ogerpon/cornerstone/normal.pal build/assets/graphics/pokemon/ogerpon/cornerstone/normal.pal.gbapal 
tools/gbagfx/gbagfx graphics/pokemon/ogerpon/hearthflame/normal.pal build/assets/graphics/pokemon/ogerpon/hearthflame/normal.pal.gbapal 
tools/gbagfx/gbagfx graphics/pokemon/ogerpon/normal.pal build/assets/graphics/pokemon/ogerpon/normal.pal.gbapal 
tools/gbagfx/gbagfx graphics/pokemon/ogerpon/wellspring/normal.pal build/assets/graphics/pokemon/ogerpon/wellspring/normal.pal.gbapal 
tools/gbagfx/gbagfx graphics/pokemon_storage/menu.png build/assets/graphics/pokemon_storage/menu.png.4bpp 
tools/compresSmol/compresSmolTilemap graphics/pokemon_storage/party_menu.bin build/assets/graphics/pokemon_storage/party_menu.bin.smolTM 
tools/gbagfx/gbagfx graphics/pokemon_storage/party_menu.pal build/assets/graphics/pokemon_storage/party_menu.pal.gbapal 
tools/gbagfx/gbagfx graphics/pokemon_storage/wallpapers/friends_frame1.png graphics/pokemon_storage/wallpapers/friends_frame1.4bpp -num_tiles 57 -Wnum_tiles
tools/gbagfx/gbagfx graphics/pokemon_storage/wallpapers/friends_frame2.png build/assets/graphics/pokemon_storage/wallpapers/friends_frame2.png.gbapal 
tools/gbagfx/gbagfx graphics/pokemon_storage/wallpapers/horizontal/bg.png graphics/pokemon_storage/wallpapers/horizontal/bg.4bpp
tools/gbagfx/gbagfx graphics/pokemon_storage/wallpapers/horizontal/bg.png build/assets/graphics/pokemon_storage/wallpapers/horizontal/bg.png.gbapal 
tools/compresSmol/compresSmolTilemap graphics/pokemon_storage/wallpapers/horizontal/tilemap.bin build/assets/graphics/pokemon_storage/wallpapers/horizontal/tilemap.bin.smolTM 
tools/gbagfx/gbagfx graphics/pokemon_storage/wallpapers/icons/cross.png build/assets/graphics/pokemon_storage/wallpapers/icons/cross.png.4bpp 
tools/gbagfx/gbagfx graphics/pokemon_storage/wallpapers/icons/bolt.png build/assets/graphics/pokemon_storage/wallpapers/icons/bolt.png.4bpp 
tools/gbagfx/gbagfx graphics/pokemon_storage/wallpapers/icons/plusle.png build/assets/graphics/pokemon_storage/wallpapers/icons/plusle.png.4bpp 
tools/gbagfx/gbagfx graphics/pokemon_storage/wallpapers/ribbon/bg.png build/assets/graphics/pokemon_storage/wallpapers/ribbon/bg.png.gbapal 
tools/gbagfx/gbagfx graphics/pokemon_storage/wallpapers/ribbon/bg.png graphics/pokemon_storage/wallpapers/ribbon/bg.4bpp
tools/gbagfx/gbagfx graphics/pokemon_storage/wallpapers/ribbon/frame.pal build/assets/graphics/pokemon_storage/wallpapers/ribbon/frame.pal.gbapal 
tools/compresSmol/compresSmolTilemap graphics/pokemon_storage/wallpapers/ribbon/tilemap.bin build/assets/graphics/pokemon_storage/wallpapers/ribbon/tilemap.bin.smolTM 
tools/gbagfx/gbagfx graphics/pokenav/condition/cancel.pal build/assets/graphics/pokenav/condition/cancel.pal.gbapal 
tools/gbagfx/gbagfx graphics/pokenav/condition/cancel.png build/assets/graphics/pokenav/condition/cancel.png.4bpp 
tools/compresSmol/compresSmolTilemap graphics/pokenav/condition/graph.bin build/assets/graphics/pokenav/condition/graph.bin.smolTM 
tools/gbagfx/gbagfx graphics/pokenav/condition/graph.png build/assets/graphics/pokenav/condition/graph.png.4bpp 
tools/gbagfx/gbagfx graphics/pokenav/condition/graph.png build/assets/graphics/pokenav/condition/graph.png.gbapal 
tools/compresSmol/compresSmolTilemap graphics/pokenav/header.bin build/assets/graphics/pokenav/header.bin.smolTM 
tools/gbagfx/gbagfx graphics/pokenav/header.png build/assets/graphics/pokenav/header.png.gbapal 
tools/gbagfx/gbagfx graphics/pokenav/header.png build/assets/graphics/pokenav/header.png_num_tiles_53__Wnum_tiles.4bpp -num_tiles 53 -Wnum_tiles
tools/gbagfx/gbagfx graphics/pokenav/left_headers/beauty.png build/assets/graphics/pokenav/left_headers/beauty.png.4bpp 
tools/gbagfx/gbagfx graphics/pokenav/left_headers/condition.png build/assets/graphics/pokenav/left_headers/condition.png.4bpp 
tools/gbagfx/gbagfx graphics/pokenav/left_headers/cool.png build/assets/graphics/pokenav/left_headers/cool.png.4bpp 
tools/gbagfx/gbagfx graphics/pokenav/left_headers/cute.png build/assets/graphics/pokenav/left_headers/cute.png.4bpp 
tools/gbagfx/gbagfx graphics/pokenav/left_headers/hoenn_map.png build/assets/graphics/pokenav/left_headers/hoenn_map.png.4bpp 
tools/gbagfx/gbagfx graphics/pokenav/left_headers/main_menu.png build/assets/graphics/pokenav/left_headers/main_menu.png.4bpp 
tools/gbagfx/gbagfx graphics/pokenav/left_headers/match_call.png build/assets/graphics/pokenav/left_headers/match_call.png.4bpp 
tools/gbagfx/gbagfx graphics/pokenav/left_headers/palette.pal build/assets/graphics/pokenav/left_headers/palette.pal.gbapal 
tools/gbagfx/gbagfx graphics/pokenav/left_headers/party.png build/assets/graphics/pokenav/left_headers/party.png.4bpp 
tools/gbagfx/gbagfx graphics/pokenav/left_headers/ribbons.png build/assets/graphics/pokenav/left_headers/ribbons.png.4bpp 
tools/gbagfx/gbagfx graphics/pokenav/left_headers/search.png build/assets/graphics/pokenav/left_headers/search.png.4bpp 
tools/gbagfx/gbagfx graphics/pokenav/left_headers/smart.png build/assets/graphics/pokenav/left_headers/smart.png.4bpp 
tools/gbagfx/gbagfx graphics/pokenav/left_headers/tough.png build/assets/graphics/pokenav/left_headers/tough.png.4bpp 
tools/compresSmol/compresSmolTilemap graphics/pokenav/message.bin build/assets/graphics/pokenav/message.bin.smolTM 
tools/gbagfx/gbagfx graphics/pokenav/options/hoenn_map.png graphics/pokenav/options/hoenn_map.4bpp
tools/gbagfx/gbagfx graphics/pokenav/message.png build/assets/graphics/pokenav/message.png.4bpp 
tools/gbagfx/gbagfx graphics/pokenav/options/condition.png graphics/pokenav/options/condition.4bpp
tools/gbagfx/gbagfx graphics/pokenav/message.png build/assets/graphics/pokenav/message.png.gbapal 
tools/gbagfx/gbagfx graphics/pokenav/options/match_call.png graphics/pokenav/options/match_call.4bpp
tools/gbagfx/gbagfx graphics/pokenav/options/ribbons.png graphics/pokenav/options/ribbons.4bpp
tools/gbagfx/gbagfx graphics/pokenav/options/switch_off.png graphics/pokenav/options/switch_off.4bpp
tools/gbagfx/gbagfx graphics/pokenav/options/party.png graphics/pokenav/options/party.4bpp
tools/gbagfx/gbagfx graphics/pokenav/options/search.png graphics/pokenav/options/search.4bpp
tools/gbagfx/gbagfx graphics/pokenav/options/cool.png graphics/pokenav/options/cool.4bpp
tools/gbagfx/gbagfx graphics/pokenav/options/beauty.png graphics/pokenav/options/beauty.4bpp
tools/gbagfx/gbagfx graphics/pokenav/options/cute.png graphics/pokenav/options/cute.4bpp
tools/gbagfx/gbagfx graphics/pokenav/options/smart.png graphics/pokenav/options/smart.4bpp
tools/gbagfx/gbagfx graphics/pokenav/options/tough.png graphics/pokenav/options/tough.4bpp
tools/gbagfx/gbagfx graphics/pokenav/options/cancel.png graphics/pokenav/options/cancel.4bpp
tools/gbagfx/gbagfx graphics/pokenav/options/options.pal build/assets/graphics/pokenav/options/options.pal.gbapal 
tools/gbagfx/gbagfx graphics/pokenav/region_map/city_zoom_text.png build/assets/graphics/pokenav/region_map/city_zoom_text.png.4bpp 
tools/gbagfx/gbagfx graphics/pokenav/region_map/zoom_tiles.png build/assets/graphics/pokenav/region_map/zoom_tiles.png.gbapal 
tools/compresSmol/compresSmolTilemap graphics/pokenav/ribbons/summary_bg.bin build/assets/graphics/pokenav/ribbons/summary_bg.bin.smolTM 
tools/gbagfx/gbagfx graphics/pokenav/ribbons/summary_bg.png build/assets/graphics/pokenav/ribbons/summary_bg.png.4bpp 
tools/gbagfx/gbagfx graphics/pokenav/ribbons/summary_bg.png build/assets/graphics/pokenav/ribbons/summary_bg.png.gbapal 
tools/gbagfx/gbagfx graphics/rayquaza_scene/scene_1/clouds.png build/assets/graphics/rayquaza_scene/scene_1/clouds.png.4bpp 
tools/gbagfx/gbagfx graphics/rayquaza_scene/scene_1/clouds.png build/assets/graphics/rayquaza_scene/scene_1/clouds.png.gbapal 
tools/compresSmol/compresSmolTilemap graphics/rayquaza_scene/scene_1/clouds1.bin build/assets/graphics/rayquaza_scene/scene_1/clouds1.bin.smolTM 
tools/compresSmol/compresSmolTilemap graphics/rayquaza_scene/scene_1/clouds2.bin build/assets/graphics/rayquaza_scene/scene_1/clouds2.bin.smolTM 
tools/compresSmol/compresSmolTilemap graphics/rayquaza_scene/scene_1/clouds3.bin build/assets/graphics/rayquaza_scene/scene_1/clouds3.bin.smolTM 
tools/gbagfx/gbagfx graphics/rayquaza_scene/scene_1/groudon.png build/assets/graphics/rayquaza_scene/scene_1/groudon.png.4bpp 
tools/gbagfx/gbagfx graphics/rayquaza_scene/scene_1/groudon.png build/assets/graphics/rayquaza_scene/scene_1/groudon.png.gbapal 
tools/gbagfx/gbagfx graphics/rayquaza_scene/scene_1/groudon_claw.png build/assets/graphics/rayquaza_scene/scene_1/groudon_claw.png.4bpp 
tools/gbagfx/gbagfx graphics/rayquaza_scene/scene_1/groudon_shoulder.png build/assets/graphics/rayquaza_scene/scene_1/groudon_shoulder.png.4bpp 
tools/gbagfx/gbagfx graphics/rayquaza_scene/scene_1/kyogre.png build/assets/graphics/rayquaza_scene/scene_1/kyogre.png.4bpp 
tools/gbagfx/gbagfx graphics/rayquaza_scene/scene_1/kyogre.png build/assets/graphics/rayquaza_scene/scene_1/kyogre.png.gbapal 
tools/gbagfx/gbagfx graphics/rayquaza_scene/scene_1/kyogre_dorsal_fin.png build/assets/graphics/rayquaza_scene/scene_1/kyogre_dorsal_fin.png.4bpp 
tools/gbagfx/gbagfx graphics/rayquaza_scene/scene_1/kyogre_pectoral_fin.png build/assets/graphics/rayquaza_scene/scene_1/kyogre_pectoral_fin.png.4bpp 
tools/compresSmol/compresSmolTilemap graphics/rayquaza_scene/scene_2/bg.bin build/assets/graphics/rayquaza_scene/scene_2/bg.bin.smolTM 
tools/gbagfx/gbagfx graphics/rayquaza_scene/scene_2/bg.png build/assets/graphics/rayquaza_scene/scene_2/bg.png_num_tiles_313__Wnum_tiles.4bpp -num_tiles 313 -Wnum_tiles
tools/compresSmol/compresSmolTilemap graphics/rayquaza_scene/scene_2/rayquaza.bin build/assets/graphics/rayquaza_scene/scene_2/rayquaza.bin.smolTM 
tools/gbagfx/gbagfx graphics/rayquaza_scene/scene_2/rayquaza.png build/assets/graphics/rayquaza_scene/scene_2/rayquaza.png.gbapal 
tools/gbagfx/gbagfx graphics/rayquaza_scene/scene_2/rayquaza.png build/assets/graphics/rayquaza_scene/scene_2/rayquaza.png_num_tiles_227__Wnum_tiles.8bpp -num_tiles 227 -Wnum_tiles
tools/gbagfx/gbagfx graphics/rayquaza_scene/scene_2/smoke.png build/assets/graphics/rayquaza_scene/scene_2/smoke.png.4bpp 
tools/gbagfx/gbagfx graphics/rayquaza_scene/scene_2/smoke.png build/assets/graphics/rayquaza_scene/scene_2/smoke.png.gbapal 
tools/compresSmol/compresSmolTilemap graphics/rayquaza_scene/scene_3/bg.bin build/assets/graphics/rayquaza_scene/scene_3/bg.bin.smolTM 
tools/gbagfx/gbagfx graphics/rayquaza_scene/scene_3/bg.pal build/assets/graphics/rayquaza_scene/scene_3/bg.pal.gbapal 
tools/gbagfx/gbagfx graphics/rayquaza_scene/scene_3/bg.png build/assets/graphics/rayquaza_scene/scene_3/bg.png.4bpp 
tools/compresSmol/compresSmolTilemap graphics/rayquaza_scene/scene_3/light.bin build/assets/graphics/rayquaza_scene/scene_3/light.bin.smolTM 
tools/gbagfx/gbagfx graphics/rayquaza_scene/scene_3/light.png build/assets/graphics/rayquaza_scene/scene_3/light.png.4bpp 
tools/gbagfx/gbagfx graphics/rayquaza_scene/scene_3/rayquaza.png build/assets/graphics/rayquaza_scene/scene_3/rayquaza.png_num_tiles_128__Wnum_tiles.4bpp -num_tiles 128 -Wnum_tiles
tools/gbagfx/gbagfx graphics/rayquaza_scene/scene_3/rayquaza_tail.png build/assets/graphics/rayquaza_scene/scene_3/rayquaza_tail.png.4bpp 
tools/compresSmol/compresSmolTilemap graphics/rayquaza_scene/scene_4/bg.bin build/assets/graphics/rayquaza_scene/scene_4/bg.bin.smolTM 
tools/gbagfx/gbagfx graphics/rayquaza_scene/scene_4/bg.pal build/assets/graphics/rayquaza_scene/scene_4/bg.pal.gbapal 
tools/gbagfx/gbagfx graphics/rayquaza_scene/scene_4/bg.png build/assets/graphics/rayquaza_scene/scene_4/bg.png.4bpp 
tools/compresSmol/compresSmolTilemap graphics/rayquaza_scene/scene_4/orbs.bin build/assets/graphics/rayquaza_scene/scene_4/orbs.bin.smolTM 
tools/compresSmol/compresSmolTilemap graphics/rayquaza_scene/scene_4/rayquaza.bin build/assets/graphics/rayquaza_scene/scene_4/rayquaza.bin.smolTM 
tools/gbagfx/gbagfx graphics/rayquaza_scene/scene_4/rayquaza.png build/assets/graphics/rayquaza_scene/scene_4/rayquaza.png_num_tiles_155__Wnum_tiles.4bpp -num_tiles 155 -Wnum_tiles
tools/compresSmol/compresSmolTilemap graphics/rayquaza_scene/scene_4/streaks.bin build/assets/graphics/rayquaza_scene/scene_4/streaks.bin.smolTM 
tools/gbagfx/gbagfx graphics/rayquaza_scene/scene_4/streaks.png build/assets/graphics/rayquaza_scene/scene_4/streaks.png_num_tiles_19__Wnum_tiles.4bpp -num_tiles 19 -Wnum_tiles
tools/compresSmol/compresSmolTilemap graphics/rayquaza_scene/scene_5/bg.bin build/assets/graphics/rayquaza_scene/scene_5/bg.bin.smolTM 
tools/gbagfx/gbagfx graphics/rayquaza_scene/scene_5/bg.pal build/assets/graphics/rayquaza_scene/scene_5/bg.pal.gbapal 
tools/gbagfx/gbagfx graphics/rayquaza_scene/scene_5/groudon.png build/assets/graphics/rayquaza_scene/scene_5/groudon.png.4bpp 
tools/gbagfx/gbagfx graphics/rayquaza_scene/scene_5/groudon.png build/assets/graphics/rayquaza_scene/scene_5/groudon.png.gbapal 
tools/gbagfx/gbagfx graphics/rayquaza_scene/scene_5/groudon_tail.png build/assets/graphics/rayquaza_scene/scene_5/groudon_tail.png.4bpp 
tools/gbagfx/gbagfx graphics/rayquaza_scene/scene_5/kyogre.png build/assets/graphics/rayquaza_scene/scene_5/kyogre.png.4bpp 
tools/gbagfx/gbagfx graphics/rayquaza_scene/scene_5/kyogre.png build/assets/graphics/rayquaza_scene/scene_5/kyogre.png.gbapal 
tools/gbagfx/gbagfx graphics/rayquaza_scene/scene_5/kyogre_splash.png build/assets/graphics/rayquaza_scene/scene_5/kyogre_splash.png.4bpp 
tools/gbagfx/gbagfx graphics/rayquaza_scene/scene_5/kyogre_splash.png build/assets/graphics/rayquaza_scene/scene_5/kyogre_splash.png.gbapal 
tools/compresSmol/compresSmolTilemap graphics/rayquaza_scene/scene_5/light.bin build/assets/graphics/rayquaza_scene/scene_5/light.bin.smolTM 
tools/gbagfx/gbagfx graphics/rayquaza_scene/scene_5/light.png build/assets/graphics/rayquaza_scene/scene_5/light.png.4bpp 
tools/gbagfx/gbagfx graphics/rayquaza_scene/scene_5/rayquaza.png build/assets/graphics/rayquaza_scene/scene_5/rayquaza.png.4bpp 
tools/gbagfx/gbagfx graphics/rayquaza_scene/scene_5/rayquaza.png build/assets/graphics/rayquaza_scene/scene_5/rayquaza.png.gbapal 
tools/gbagfx/gbagfx graphics/rayquaza_scene/scene_5/rayquaza_tail.png build/assets/graphics/rayquaza_scene/scene_5/rayquaza_tail.png.4bpp 
tools/compresSmol/compresSmolTilemap graphics/rayquaza_scene/scene_5/ring.bin build/assets/graphics/rayquaza_scene/scene_5/ring.bin.smolTM 
tools/gbagfx/gbagfx graphics/rayquaza_scene/scene_5/ring.png build/assets/graphics/rayquaza_scene/scene_5/ring.png.8bpp 
tools/gbagfx/gbagfx graphics/roulette/center.png build/assets/graphics/roulette/center.png.4bpp 
tools/gbagfx/gbagfx graphics/roulette/credit.png build/assets/graphics/roulette/credit.png.4bpp 
tools/gbagfx/gbagfx graphics/roulette/headers.png build/assets/graphics/roulette/headers.png.4bpp 
tools/gbagfx/gbagfx graphics/roulette/multiplier.png build/assets/graphics/roulette/multiplier.png.4bpp 
tools/gbagfx/gbagfx graphics/roulette/numbers.png build/assets/graphics/roulette/numbers.png.4bpp 
tools/gbagfx/gbagfx graphics/roulette/wheel.png build/assets/graphics/roulette/wheel.png.8bpp 
tools/gbagfx/gbagfx graphics/roulette/window.png build/assets/graphics/roulette/window.png.4bpp 
tools/compresSmol/compresSmolTilemap graphics/shop/menu.bin build/assets/graphics/shop/menu.bin.smolTM 
tools/gbagfx/gbagfx graphics/shop/menu.png build/assets/graphics/shop/menu.png.4bpp 
tools/gbagfx/gbagfx graphics/shop/menu.png build/assets/graphics/shop/menu.png.gbapal 
tools/gbagfx/gbagfx graphics/shop/money.png build/assets/graphics/shop/money.png.4bpp 
tools/gbagfx/gbagfx graphics/slot_machine/bolt.png build/assets/graphics/slot_machine/bolt.png.4bpp 
tools/gbagfx/gbagfx graphics/slot_machine/digital_display.png build/assets/graphics/slot_machine/digital_display.png.4bpp 
tools/gbagfx/gbagfx graphics/slot_machine/digital_display.png build/assets/graphics/slot_machine/digital_display.png.gbapal 
tools/gbagfx/gbagfx graphics/slot_machine/duck.png build/assets/graphics/slot_machine/duck.png.4bpp 
tools/gbagfx/gbagfx graphics/slot_machine/large_bolt/0.png build/assets/graphics/slot_machine/large_bolt/0.png.4bpp 
tools/gbagfx/gbagfx graphics/slot_machine/large_bolt/1.png build/assets/graphics/slot_machine/large_bolt/1.png.4bpp 
tools/gbagfx/gbagfx graphics/slot_machine/menu.png build/assets/graphics/slot_machine/menu.png.4bpp 
tools/gbagfx/gbagfx graphics/slot_machine/menu.png build/assets/graphics/slot_machine/menu.png.gbapal 
tools/gbagfx/gbagfx graphics/slot_machine/numbers/0.png build/assets/graphics/slot_machine/numbers/0.png.4bpp 
tools/gbagfx/gbagfx graphics/slot_machine/numbers/1.png build/assets/graphics/slot_machine/numbers/1.png.4bpp 
tools/gbagfx/gbagfx graphics/slot_machine/numbers/2.png build/assets/graphics/slot_machine/numbers/2.png.4bpp 
tools/gbagfx/gbagfx graphics/slot_machine/numbers/3.png build/assets/graphics/slot_machine/numbers/3.png.4bpp 
tools/gbagfx/gbagfx graphics/slot_machine/numbers/4.png build/assets/graphics/slot_machine/numbers/4.png.4bpp 
tools/gbagfx/gbagfx graphics/slot_machine/numbers/5.png build/assets/graphics/slot_machine/numbers/5.png.4bpp 
tools/gbagfx/gbagfx graphics/slot_machine/numbers/6.png build/assets/graphics/slot_machine/numbers/6.png.4bpp 
tools/gbagfx/gbagfx graphics/slot_machine/numbers/7.png build/assets/graphics/slot_machine/numbers/7.png.4bpp 
tools/gbagfx/gbagfx graphics/slot_machine/numbers/8.png build/assets/graphics/slot_machine/numbers/8.png.4bpp 
tools/gbagfx/gbagfx graphics/slot_machine/numbers/9.png build/assets/graphics/slot_machine/numbers/9.png.4bpp 
tools/gbagfx/gbagfx graphics/slot_machine/pika_aura.png build/assets/graphics/slot_machine/pika_aura.png.4bpp 
tools/gbagfx/gbagfx graphics/slot_machine/reel_symbols/1.png build/assets/graphics/slot_machine/reel_symbols/1.png.4bpp 
tools/gbagfx/gbagfx graphics/slot_machine/reel_symbols/1.png build/assets/graphics/slot_machine/reel_symbols/1.png.gbapal 
tools/gbagfx/gbagfx graphics/slot_machine/reel_symbols/2.png build/assets/graphics/slot_machine/reel_symbols/2.png.4bpp 
tools/gbagfx/gbagfx graphics/slot_machine/reel_symbols/3.png build/assets/graphics/slot_machine/reel_symbols/3.png.4bpp 
tools/gbagfx/gbagfx graphics/slot_machine/reel_symbols/4.png build/assets/graphics/slot_machine/reel_symbols/4.png.4bpp 
tools/gbagfx/gbagfx graphics/slot_machine/reel_symbols/5.png build/assets/graphics/slot_machine/reel_symbols/5.png.4bpp 
tools/gbagfx/gbagfx graphics/slot_machine/reel_symbols/6.png build/assets/graphics/slot_machine/reel_symbols/6.png.4bpp 
tools/gbagfx/gbagfx graphics/slot_machine/reel_symbols/7.png build/assets/graphics/slot_machine/reel_symbols/7.png.4bpp 
tools/gbagfx/gbagfx graphics/slot_machine/reel_time_explosion/0.png build/assets/graphics/slot_machine/reel_time_explosion/0.png.4bpp 
tools/gbagfx/gbagfx graphics/slot_machine/reel_time_explosion/0.png build/assets/graphics/slot_machine/reel_time_explosion/0.png.gbapal 
tools/gbagfx/gbagfx graphics/slot_machine/reel_time_explosion/1.png build/assets/graphics/slot_machine/reel_time_explosion/1.png.4bpp 
tools/gbagfx/gbagfx graphics/slot_machine/reel_time_machine.png build/assets/graphics/slot_machine/reel_time_machine.png.gbapal 
tools/gbagfx/gbagfx graphics/slot_machine/reel_time_number_gap.png build/assets/graphics/slot_machine/reel_time_number_gap.png.4bpp 
tools/gbagfx/gbagfx graphics/slot_machine/reel_time_numbers/0.png build/assets/graphics/slot_machine/reel_time_numbers/0.png.4bpp 
tools/gbagfx/gbagfx graphics/slot_machine/reel_time_numbers/1.png build/assets/graphics/slot_machine/reel_time_numbers/1.png.4bpp 
tools/gbagfx/gbagfx graphics/slot_machine/reel_time_numbers/2.png build/assets/graphics/slot_machine/reel_time_numbers/2.png.4bpp 
tools/gbagfx/gbagfx graphics/slot_machine/reel_time_numbers/3.png build/assets/graphics/slot_machine/reel_time_numbers/3.png.4bpp 
tools/gbagfx/gbagfx graphics/slot_machine/reel_time_numbers/4.png build/assets/graphics/slot_machine/reel_time_numbers/4.png.4bpp 
tools/gbagfx/gbagfx graphics/slot_machine/reel_time_numbers/5.png build/assets/graphics/slot_machine/reel_time_numbers/5.png.4bpp 
tools/gbagfx/gbagfx graphics/slot_machine/reel_time_pikachu.png build/assets/graphics/slot_machine/reel_time_pikachu.png.gbapal 
tools/gbagfx/gbagfx graphics/slot_machine/shadow.png build/assets/graphics/slot_machine/shadow.png.4bpp 
tools/gbagfx/gbagfx graphics/slot_machine/shadow.png build/assets/graphics/slot_machine/shadow.png.gbapal 
tools/gbagfx/gbagfx graphics/slot_machine/smoke.png build/assets/graphics/slot_machine/smoke.png.4bpp 
tools/gbagfx/gbagfx graphics/slot_machine/smoke.png build/assets/graphics/slot_machine/smoke.png.gbapal 
tools/gbagfx/gbagfx graphics/summary_screen/iv_ev_tiles.png build/assets/graphics/summary_screen/iv_ev_tiles.png.4bpp 
tools/gbagfx/gbagfx graphics/summary_screen/move_select.png build/assets/graphics/summary_screen/move_select.png.4bpp 
tools/gbagfx/gbagfx graphics/summary_screen/move_select.png build/assets/graphics/summary_screen/move_select.png.gbapal 
tools/compresSmol/compresSmolTilemap graphics/summary_screen/page_battle_moves.bin build/assets/graphics/summary_screen/page_battle_moves.bin.smolTM 
tools/compresSmol/compresSmolTilemap graphics/summary_screen/page_contest_moves.bin build/assets/graphics/summary_screen/page_contest_moves.bin.smolTM 
tools/compresSmol/compresSmolTilemap graphics/summary_screen/page_info.bin build/assets/graphics/summary_screen/page_info.bin.smolTM 
tools/compresSmol/compresSmolTilemap graphics/summary_screen/page_info_egg.bin build/assets/graphics/summary_screen/page_info_egg.bin.smolTM 
tools/compresSmol/compresSmolTilemap graphics/summary_screen/page_skills.bin build/assets/graphics/summary_screen/page_skills.bin.smolTM 
tools/gbagfx/gbagfx graphics/summary_screen/tiles.png build/assets/graphics/summary_screen/tiles.png.4bpp 
tools/gbagfx/gbagfx graphics/summary_screen/tiles.png build/assets/graphics/summary_screen/tiles.png.gbapal 
tools/gbagfx/gbagfx graphics/text_window/message_box.png build/assets/graphics/text_window/message_box.png.4bpp 
tools/gbagfx/gbagfx graphics/text_window/message_box.png build/assets/graphics/text_window/message_box.png.gbapal 
tools/gbagfx/gbagfx graphics/text_window/signpost.png build/assets/graphics/text_window/signpost.png.4bpp 
tools/compresSmol/compresSmolTilemap graphics/title_screen/clouds.bin build/assets/graphics/title_screen/clouds.bin.smolTM 
tools/gbagfx/gbagfx graphics/title_screen/emerald_version.png build/assets/graphics/title_screen/emerald_version.png.gbapal 
tools/gbagfx/gbagfx graphics/title_screen/emerald_version.png build/assets/graphics/title_screen/emerald_version.png_mwidth_8__mheight_4.8bpp -mwidth 8 -mheight 4
tools/compresSmol/compresSmolTilemap graphics/title_screen/pokemon_logo.bin build/assets/graphics/title_screen/pokemon_logo.bin.smolTM 
tools/gbagfx/gbagfx graphics/title_screen/pokemon_logo.png build/assets/graphics/title_screen/pokemon_logo.png.8bpp 
tools/gbagfx/gbagfx graphics/title_screen/press_start.png build/assets/graphics/title_screen/press_start.png.4bpp 
tools/gbagfx/gbagfx graphics/title_screen/press_start.png build/assets/graphics/title_screen/press_start.png.gbapal 
tools/gbagfx/gbagfx graphics/trade/cursor.pal build/assets/graphics/trade/cursor.pal.gbapal 
tools/gbagfx/gbagfx graphics/trade/cursor.png build/assets/graphics/trade/cursor.png.4bpp 
tools/gbagfx/gbagfx graphics/trade/gba.pal build/assets/graphics/trade/gba.pal.gbapal 
tools/gbagfx/gbagfx graphics/trade/gba.png build/assets/graphics/trade/gba.png.4bpp 
tools/gbagfx/gbagfx graphics/trade/gba_pal2.pal build/assets/graphics/trade/gba_pal2.pal.gbapal 
tools/gbagfx/gbagfx graphics/trade/menu.pal build/assets/graphics/trade/menu.pal.gbapal 
tools/gbagfx/gbagfx graphics/trade/menu.png build/assets/graphics/trade/menu.png.4bpp 
tools/compresSmol/compresSmolTilemap graphics/trainer_card/back.bin build/assets/graphics/trainer_card/back.bin.smolTM 
tools/compresSmol/compresSmolTilemap graphics/trainer_card/bg.bin build/assets/graphics/trainer_card/bg.bin.smolTM 
tools/compresSmol/compresSmolTilemap graphics/trainer_card/frlg/back.bin build/assets/graphics/trainer_card/frlg/back.bin.smolTM 
tools/compresSmol/compresSmolTilemap graphics/trainer_card/frlg/bg.bin build/assets/graphics/trainer_card/frlg/bg.bin.smolTM 
tools/gbagfx/gbagfx graphics/trainer_card/frlg/blue.pal build/assets/graphics/trainer_card/frlg/blue.pal.gbapal 
tools/compresSmol/compresSmolTilemap graphics/trainer_card/frlg/front.bin build/assets/graphics/trainer_card/frlg/front.bin.smolTM 
tools/compresSmol/compresSmolTilemap graphics/trainer_card/frlg/front_link.bin build/assets/graphics/trainer_card/frlg/front_link.bin.smolTM 
tools/gbagfx/gbagfx graphics/trainer_card/frlg/tiles.png build/assets/graphics/trainer_card/frlg/tiles.png.4bpp 
tools/compresSmol/compresSmolTilemap graphics/trainer_card/front.bin build/assets/graphics/trainer_card/front.bin.smolTM 
tools/compresSmol/compresSmolTilemap graphics/trainer_card/front_link.bin build/assets/graphics/trainer_card/front_link.bin.smolTM 
tools/gbagfx/gbagfx graphics/trainer_card/green.pal build/assets/graphics/trainer_card/green.pal.gbapal 
tools/gbagfx/gbagfx graphics/trainer_card/tiles.png build/assets/graphics/trainer_card/tiles.png.4bpp 
tools/gbagfx/gbagfx graphics/trainers/back_pics/brendan.png build/assets/graphics/trainers/back_pics/brendan.png.4bpp 
tools/gbagfx/gbagfx graphics/trainers/back_pics/brendan_rs.png build/assets/graphics/trainers/back_pics/brendan_rs.png.4bpp 
tools/gbagfx/gbagfx graphics/trainers/back_pics/leaf.png build/assets/graphics/trainers/back_pics/leaf.png.4bpp 
tools/gbagfx/gbagfx graphics/trainers/back_pics/leaf.png build/assets/graphics/trainers/back_pics/leaf.png.gbapal 
tools/gbagfx/gbagfx graphics/trainers/back_pics/may.png build/assets/graphics/trainers/back_pics/may.png.4bpp 
tools/gbagfx/gbagfx graphics/trainers/back_pics/may_rs.png build/assets/graphics/trainers/back_pics/may_rs.png.4bpp 
tools/gbagfx/gbagfx graphics/trainers/back_pics/none.png build/assets/graphics/trainers/back_pics/none.png.4bpp 
tools/gbagfx/gbagfx graphics/trainers/back_pics/old_man.png build/assets/graphics/trainers/back_pics/old_man.png.4bpp 
tools/gbagfx/gbagfx graphics/trainers/back_pics/old_man.png build/assets/graphics/trainers/back_pics/old_man.png.gbapal 
tools/gbagfx/gbagfx graphics/trainers/back_pics/pokedude.png build/assets/graphics/trainers/back_pics/pokedude.png.4bpp 
tools/gbagfx/gbagfx graphics/trainers/back_pics/pokedude.png build/assets/graphics/trainers/back_pics/pokedude.png.gbapal 
tools/gbagfx/gbagfx graphics/trainers/back_pics/red.png build/assets/graphics/trainers/back_pics/red.png.4bpp 
tools/gbagfx/gbagfx graphics/trainers/back_pics/red.png build/assets/graphics/trainers/back_pics/red.png.gbapal 
tools/gbagfx/gbagfx graphics/trainers/back_pics/steven.png build/assets/graphics/trainers/back_pics/steven.png.4bpp 
tools/gbagfx/gbagfx graphics/trainers/back_pics/wally.png build/assets/graphics/trainers/back_pics/wally.png.4bpp 
tools/gbagfx/gbagfx graphics/trainers/front_pics/aqua_admin_f.png build/assets/graphics/trainers/front_pics/aqua_admin_f.png.4bpp 
tools/gbagfx/gbagfx graphics/trainers/front_pics/aqua_admin_f.png build/assets/graphics/trainers/front_pics/aqua_admin_f.png.gbapal 
tools/gbagfx/gbagfx graphics/trainers/front_pics/aqua_admin_m.png build/assets/graphics/trainers/front_pics/aqua_admin_m.png.4bpp 
tools/gbagfx/gbagfx graphics/trainers/front_pics/aqua_admin_m.png build/assets/graphics/trainers/front_pics/aqua_admin_m.png.gbapal 
tools/gbagfx/gbagfx graphics/trainers/front_pics/aqua_grunt_f.png build/assets/graphics/trainers/front_pics/aqua_grunt_f.png.4bpp 
tools/gbagfx/gbagfx graphics/trainers/front_pics/aqua_grunt_f.png build/assets/graphics/trainers/front_pics/aqua_grunt_f.png.gbapal 
tools/gbagfx/gbagfx graphics/trainers/front_pics/aqua_grunt_m.png build/assets/graphics/trainers/front_pics/aqua_grunt_m.png.4bpp 
tools/gbagfx/gbagfx graphics/trainers/front_pics/aqua_grunt_m.png build/assets/graphics/trainers/front_pics/aqua_grunt_m.png.gbapal 
tools/gbagfx/gbagfx graphics/trainers/front_pics/aqua_leader_archie.png build/assets/graphics/trainers/front_pics/aqua_leader_archie.png.4bpp 
tools/gbagfx/gbagfx graphics/trainers/front_pics/aqua_leader_archie.png build/assets/graphics/trainers/front_pics/aqua_leader_archie.png.gbapal 
tools/gbagfx/gbagfx graphics/trainers/front_pics/arena_tycoon_greta.png build/assets/graphics/trainers/front_pics/arena_tycoon_greta.png.4bpp 
tools/gbagfx/gbagfx graphics/trainers/front_pics/arena_tycoon_greta.png build/assets/graphics/trainers/front_pics/arena_tycoon_greta.png.gbapal 
tools/gbagfx/gbagfx graphics/trainers/front_pics/aroma_lady.png build/assets/graphics/trainers/front_pics/aroma_lady.png.4bpp 
tools/gbagfx/gbagfx graphics/trainers/front_pics/aroma_lady.png build/assets/graphics/trainers/front_pics/aroma_lady.png.gbapal 
tools/gbagfx/gbagfx graphics/trainers/front_pics/aroma_lady_frlg.png build/assets/graphics/trainers/front_pics/aroma_lady_frlg.png.4bpp 
tools/gbagfx/gbagfx graphics/trainers/front_pics/battle_girl.png build/assets/graphics/trainers/front_pics/battle_girl.png.4bpp 
tools/gbagfx/gbagfx graphics/trainers/front_pics/battle_girl.png build/assets/graphics/trainers/front_pics/battle_girl.png.gbapal 
tools/gbagfx/gbagfx graphics/trainers/front_pics/beauty.png build/assets/graphics/trainers/front_pics/beauty.png.4bpp 
tools/gbagfx/gbagfx graphics/trainers/front_pics/beauty.png build/assets/graphics/trainers/front_pics/beauty.png.gbapal 
tools/gbagfx/gbagfx graphics/trainers/front_pics/beauty_frlg.png build/assets/graphics/trainers/front_pics/beauty_frlg.png.4bpp 
tools/gbagfx/gbagfx graphics/trainers/front_pics/biker_frlg.png build/assets/graphics/trainers/front_pics/biker_frlg.png.4bpp 
tools/gbagfx/gbagfx graphics/trainers/front_pics/bird_keeper.png build/assets/graphics/trainers/front_pics/bird_keeper.png.4bpp 
tools/gbagfx/gbagfx graphics/trainers/front_pics/bird_keeper.png build/assets/graphics/trainers/front_pics/bird_keeper.png.gbapal 
tools/gbagfx/gbagfx graphics/trainers/front_pics/bird_keeper_frlg.png build/assets/graphics/trainers/front_pics/bird_keeper_frlg.png.4bpp 
tools/gbagfx/gbagfx graphics/trainers/front_pics/black_belt.png build/assets/graphics/trainers/front_pics/black_belt.png.4bpp 
tools/gbagfx/gbagfx graphics/trainers/front_pics/black_belt.png build/assets/graphics/trainers/front_pics/black_belt.png.gbapal 
tools/gbagfx/gbagfx graphics/trainers/front_pics/black_belt_frlg.png build/assets/graphics/trainers/front_pics/black_belt_frlg.png.4bpp 
tools/gbagfx/gbagfx graphics/trainers/front_pics/brendan.png build/assets/graphics/trainers/front_pics/brendan.png.4bpp 
tools/gbagfx/gbagfx graphics/trainers/front_pics/brendan_rs.png build/assets/graphics/trainers/front_pics/brendan_rs.png.4bpp 
tools/gbagfx/gbagfx graphics/trainers/front_pics/bug_catcher.png build/assets/graphics/trainers/front_pics/bug_catcher.png.4bpp 
tools/gbagfx/gbagfx graphics/trainers/front_pics/bug_catcher.png build/assets/graphics/trainers/front_pics/bug_catcher.png.gbapal 
tools/gbagfx/gbagfx graphics/trainers/front_pics/bug_catcher_frlg.png build/assets/graphics/trainers/front_pics/bug_catcher_frlg.png.4bpp 
tools/gbagfx/gbagfx graphics/trainers/front_pics/bug_maniac.png build/assets/graphics/trainers/front_pics/bug_maniac.png.4bpp 
tools/gbagfx/gbagfx graphics/trainers/front_pics/bug_maniac.png build/assets/graphics/trainers/front_pics/bug_maniac.png.gbapal 
tools/gbagfx/gbagfx graphics/trainers/front_pics/burglar_frlg.png build/assets/graphics/trainers/front_pics/burglar_frlg.png.4bpp 
tools/gbagfx/gbagfx graphics/trainers/front_pics/camper.png build/assets/graphics/trainers/front_pics/camper.png.4bpp 
tools/gbagfx/gbagfx graphics/trainers/front_pics/camper.png build/assets/graphics/trainers/front_pics/camper.png.gbapal 
tools/gbagfx/gbagfx graphics/trainers/front_pics/camper_frlg.png build/assets/graphics/trainers/front_pics/camper_frlg.png.4bpp 
tools/gbagfx/gbagfx graphics/trainers/front_pics/champion_rival_frlg.png build/assets/graphics/trainers/front_pics/champion_rival_frlg.png.4bpp 
tools/gbagfx/gbagfx graphics/trainers/front_pics/champion_wallace.png build/assets/graphics/trainers/front_pics/champion_wallace.png.4bpp 
tools/gbagfx/gbagfx graphics/trainers/front_pics/champion_wallace.png build/assets/graphics/trainers/front_pics/champion_wallace.png.gbapal 
tools/gbagfx/gbagfx graphics/trainers/front_pics/channeler_frlg.png build/assets/graphics/trainers/front_pics/channeler_frlg.png.4bpp 
tools/gbagfx/gbagfx graphics/trainers/front_pics/collector.png build/assets/graphics/trainers/front_pics/collector.png.4bpp 
tools/gbagfx/gbagfx graphics/trainers/front_pics/collector.png build/assets/graphics/trainers/front_pics/collector.png.gbapal 
tools/gbagfx/gbagfx graphics/trainers/front_pics/cool_couple_frlg.png build/assets/graphics/trainers/front_pics/cool_couple_frlg.png.4bpp 
tools/gbagfx/gbagfx graphics/trainers/front_pics/cool_trainer_f_frlg.png build/assets/graphics/trainers/front_pics/cool_trainer_f_frlg.png.4bpp 
tools/gbagfx/gbagfx graphics/trainers/front_pics/cool_trainer_m_frlg.png build/assets/graphics/trainers/front_pics/cool_trainer_m_frlg.png.4bpp 
tools/gbagfx/gbagfx graphics/trainers/front_pics/cooltrainer_f.png build/assets/graphics/trainers/front_pics/cooltrainer_f.png.4bpp 
tools/gbagfx/gbagfx graphics/trainers/front_pics/cooltrainer_f.png build/assets/graphics/trainers/front_pics/cooltrainer_f.png.gbapal 
tools/gbagfx/gbagfx graphics/trainers/front_pics/cooltrainer_m.png build/assets/graphics/trainers/front_pics/cooltrainer_m.png.4bpp 
tools/gbagfx/gbagfx graphics/trainers/front_pics/cooltrainer_m.png build/assets/graphics/trainers/front_pics/cooltrainer_m.png.gbapal 
tools/gbagfx/gbagfx graphics/trainers/front_pics/crush_girl_frlg.png build/assets/graphics/trainers/front_pics/crush_girl_frlg.png.4bpp 
tools/gbagfx/gbagfx graphics/trainers/front_pics/crush_kin_frlg.png build/assets/graphics/trainers/front_pics/crush_kin_frlg.png.4bpp 
tools/gbagfx/gbagfx graphics/trainers/front_pics/cue_ball_frlg.png build/assets/graphics/trainers/front_pics/cue_ball_frlg.png.4bpp 
tools/gbagfx/gbagfx graphics/trainers/front_pics/cycling_triathlete_f.png build/assets/graphics/trainers/front_pics/cycling_triathlete_f.png.4bpp 
tools/gbagfx/gbagfx graphics/trainers/front_pics/cycling_triathlete_f.png build/assets/graphics/trainers/front_pics/cycling_triathlete_f.png.gbapal 
tools/gbagfx/gbagfx graphics/trainers/front_pics/cycling_triathlete_m.png build/assets/graphics/trainers/front_pics/cycling_triathlete_m.png.4bpp 
tools/gbagfx/gbagfx graphics/trainers/front_pics/cycling_triathlete_m.png build/assets/graphics/trainers/front_pics/cycling_triathlete_m.png.gbapal 
tools/gbagfx/gbagfx graphics/trainers/front_pics/dome_ace_tucker.png build/assets/graphics/trainers/front_pics/dome_ace_tucker.png.4bpp 
tools/gbagfx/gbagfx graphics/trainers/front_pics/dome_ace_tucker.png build/assets/graphics/trainers/front_pics/dome_ace_tucker.png.gbapal 
tools/gbagfx/gbagfx graphics/trainers/front_pics/dragon_tamer.png build/assets/graphics/trainers/front_pics/dragon_tamer.png.4bpp 
tools/gbagfx/gbagfx graphics/trainers/front_pics/dragon_tamer.png build/assets/graphics/trainers/front_pics/dragon_tamer.png.gbapal 
tools/gbagfx/gbagfx graphics/trainers/front_pics/elite_four_agatha_frlg.png build/assets/graphics/trainers/front_pics/elite_four_agatha_frlg.png.4bpp 
tools/gbagfx/gbagfx graphics/trainers/front_pics/elite_four_bruno_frlg.png build/assets/graphics/trainers/front_pics/elite_four_bruno_frlg.png.4bpp 
tools/gbagfx/gbagfx graphics/trainers/front_pics/elite_four_drake.png build/assets/graphics/trainers/front_pics/elite_four_drake.png.4bpp 
tools/gbagfx/gbagfx graphics/trainers/front_pics/elite_four_drake.png build/assets/graphics/trainers/front_pics/elite_four_drake.png.gbapal 
tools/gbagfx/gbagfx graphics/trainers/front_pics/elite_four_glacia.png build/assets/graphics/trainers/front_pics/elite_four_glacia.png.4bpp 
tools/gbagfx/gbagfx graphics/trainers/front_pics/elite_four_glacia.png build/assets/graphics/trainers/front_pics/elite_four_glacia.png.gbapal 
tools/gbagfx/gbagfx graphics/trainers/front_pics/elite_four_lance_frlg.png build/assets/graphics/trainers/front_pics/elite_four_lance_frlg.png.4bpp 
tools/gbagfx/gbagfx graphics/trainers/front_pics/elite_four_lorelei_frlg.png build/assets/graphics/trainers/front_pics/elite_four_lorelei_frlg.png.4bpp 
tools/gbagfx/gbagfx graphics/trainers/front_pics/elite_four_phoebe.png build/assets/graphics/trainers/front_pics/elite_four_phoebe.png.4bpp 
tools/gbagfx/gbagfx graphics/trainers/front_pics/elite_four_phoebe.png build/assets/graphics/trainers/front_pics/elite_four_phoebe.png.gbapal 
tools/gbagfx/gbagfx graphics/trainers/front_pics/elite_four_sidney.png build/assets/graphics/trainers/front_pics/elite_four_sidney.png.4bpp 
tools/gbagfx/gbagfx graphics/trainers/front_pics/elite_four_sidney.png build/assets/graphics/trainers/front_pics/elite_four_sidney.png.gbapal 
tools/gbagfx/gbagfx graphics/trainers/front_pics/engineer_frlg.png build/assets/graphics/trainers/front_pics/engineer_frlg.png.4bpp 
tools/gbagfx/gbagfx graphics/trainers/front_pics/expert_f.png build/assets/graphics/trainers/front_pics/expert_f.png.4bpp 
tools/gbagfx/gbagfx graphics/trainers/front_pics/expert_f.png build/assets/graphics/trainers/front_pics/expert_f.png.gbapal 
tools/gbagfx/gbagfx graphics/trainers/front_pics/expert_m.png build/assets/graphics/trainers/front_pics/expert_m.png.4bpp 
tools/gbagfx/gbagfx graphics/trainers/front_pics/expert_m.png build/assets/graphics/trainers/front_pics/expert_m.png.gbapal 
tools/gbagfx/gbagfx graphics/trainers/front_pics/factory_head_noland.png build/assets/graphics/trainers/front_pics/factory_head_noland.png.4bpp 
tools/gbagfx/gbagfx graphics/trainers/front_pics/factory_head_noland.png build/assets/graphics/trainers/front_pics/factory_head_noland.png.gbapal 
tools/gbagfx/gbagfx graphics/trainers/front_pics/fisherman.png build/assets/graphics/trainers/front_pics/fisherman.png.4bpp 
tools/gbagfx/gbagfx graphics/trainers/front_pics/fisherman.png build/assets/graphics/trainers/front_pics/fisherman.png.gbapal 
tools/gbagfx/gbagfx graphics/trainers/front_pics/fisherman_frlg.png build/assets/graphics/trainers/front_pics/fisherman_frlg.png.4bpp 
tools/gbagfx/gbagfx graphics/trainers/front_pics/gamer_frlg.png build/assets/graphics/trainers/front_pics/gamer_frlg.png.4bpp 
tools/gbagfx/gbagfx graphics/trainers/front_pics/gentleman.png build/assets/graphics/trainers/front_pics/gentleman.png.4bpp 
tools/gbagfx/gbagfx graphics/trainers/front_pics/gentleman.png build/assets/graphics/trainers/front_pics/gentleman.png.gbapal 
tools/gbagfx/gbagfx graphics/trainers/front_pics/gentleman_frlg.png build/assets/graphics/trainers/front_pics/gentleman_frlg.png.4bpp 
tools/gbagfx/gbagfx graphics/trainers/front_pics/guitarist.png build/assets/graphics/trainers/front_pics/guitarist.png.4bpp 
tools/gbagfx/gbagfx graphics/trainers/front_pics/guitarist.png build/assets/graphics/trainers/front_pics/guitarist.png.gbapal 
tools/gbagfx/gbagfx graphics/trainers/front_pics/hex_maniac.png build/assets/graphics/trainers/front_pics/hex_maniac.png.4bpp 
tools/gbagfx/gbagfx graphics/trainers/front_pics/hex_maniac.png build/assets/graphics/trainers/front_pics/hex_maniac.png.gbapal 
tools/gbagfx/gbagfx graphics/trainers/front_pics/hiker.png build/assets/graphics/trainers/front_pics/hiker.png.4bpp 
tools/gbagfx/gbagfx graphics/trainers/front_pics/hiker.png build/assets/graphics/trainers/front_pics/hiker.png.gbapal 
tools/gbagfx/gbagfx graphics/trainers/front_pics/hiker_frlg.png build/assets/graphics/trainers/front_pics/hiker_frlg.png.4bpp 
tools/gbagfx/gbagfx graphics/trainers/front_pics/interviewer.png build/assets/graphics/trainers/front_pics/interviewer.png.4bpp 
tools/gbagfx/gbagfx graphics/trainers/front_pics/interviewer.png build/assets/graphics/trainers/front_pics/interviewer.png.gbapal 
tools/gbagfx/gbagfx graphics/trainers/front_pics/juggler_frlg.png build/assets/graphics/trainers/front_pics/juggler_frlg.png.4bpp 
tools/gbagfx/gbagfx graphics/trainers/front_pics/kindler.png build/assets/graphics/trainers/front_pics/kindler.png.4bpp 
tools/gbagfx/gbagfx graphics/trainers/front_pics/kindler.png build/assets/graphics/trainers/front_pics/kindler.png.gbapal 
tools/gbagfx/gbagfx graphics/trainers/front_pics/lady.png build/assets/graphics/trainers/front_pics/lady.png.4bpp 
tools/gbagfx/gbagfx graphics/trainers/front_pics/lady.png build/assets/graphics/trainers/front_pics/lady.png.gbapal 
tools/gbagfx/gbagfx graphics/trainers/front_pics/lady_frlg.png build/assets/graphics/trainers/front_pics/lady_frlg.png.4bpp 
tools/gbagfx/gbagfx graphics/trainers/front_pics/lass.png build/assets/graphics/trainers/front_pics/lass.png.4bpp 
tools/gbagfx/gbagfx graphics/trainers/front_pics/lass.png build/assets/graphics/trainers/front_pics/lass.png.gbapal 
tools/gbagfx/gbagfx graphics/trainers/front_pics/lass_frlg.png build/assets/graphics/trainers/front_pics/lass_frlg.png.4bpp 
tools/gbagfx/gbagfx graphics/trainers/front_pics/leader_blaine_frlg.png build/assets/graphics/trainers/front_pics/leader_blaine_frlg.png.4bpp 
tools/gbagfx/gbagfx graphics/trainers/front_pics/leader_brawly.png build/assets/graphics/trainers/front_pics/leader_brawly.png.4bpp 
tools/gbagfx/gbagfx graphics/trainers/front_pics/leader_brawly.png build/assets/graphics/trainers/front_pics/leader_brawly.png.gbapal 
tools/gbagfx/gbagfx graphics/trainers/front_pics/leader_brock_frlg.png build/assets/graphics/trainers/front_pics/leader_brock_frlg.png.4bpp 
tools/gbagfx/gbagfx graphics/trainers/front_pics/leader_erika_frlg.png build/assets/graphics/trainers/front_pics/leader_erika_frlg.png.4bpp 
tools/gbagfx/gbagfx graphics/trainers/front_pics/leader_flannery.png build/assets/graphics/trainers/front_pics/leader_flannery.png.4bpp 
tools/gbagfx/gbagfx graphics/trainers/front_pics/leader_flannery.png build/assets/graphics/trainers/front_pics/leader_flannery.png.gbapal 
tools/gbagfx/gbagfx graphics/trainers/front_pics/leader_giovanni_frlg.png build/assets/graphics/trainers/front_pics/leader_giovanni_frlg.png.4bpp 
tools/gbagfx/gbagfx graphics/trainers/front_pics/leader_juan.png build/assets/graphics/trainers/front_pics/leader_juan.png.4bpp 
tools/gbagfx/gbagfx graphics/trainers/front_pics/leader_juan.png build/assets/graphics/trainers/front_pics/leader_juan.png.gbapal 
tools/gbagfx/gbagfx graphics/trainers/front_pics/leader_koga_frlg.png build/assets/graphics/trainers/front_pics/leader_koga_frlg.png.4bpp 
tools/gbagfx/gbagfx graphics/trainers/front_pics/leader_lt_surge_frlg.png build/assets/graphics/trainers/front_pics/leader_lt_surge_frlg.png.4bpp 
tools/gbagfx/gbagfx graphics/trainers/front_pics/leader_misty_frlg.png build/assets/graphics/trainers/front_pics/leader_misty_frlg.png.4bpp 
tools/gbagfx/gbagfx graphics/trainers/front_pics/leader_norman.png build/assets/graphics/trainers/front_pics/leader_norman.png.4bpp 
tools/gbagfx/gbagfx graphics/trainers/front_pics/leader_norman.png build/assets/graphics/trainers/front_pics/leader_norman.png.gbapal 
tools/gbagfx/gbagfx graphics/trainers/front_pics/leader_roxanne.png build/assets/graphics/trainers/front_pics/leader_roxanne.png.4bpp 
tools/gbagfx/gbagfx graphics/trainers/front_pics/leader_roxanne.png build/assets/graphics/trainers/front_pics/leader_roxanne.png.gbapal 
tools/gbagfx/gbagfx graphics/trainers/front_pics/leader_sabrina_frlg.png build/assets/graphics/trainers/front_pics/leader_sabrina_frlg.png.4bpp 
tools/gbagfx/gbagfx graphics/trainers/front_pics/leader_tate_and_liza.png build/assets/graphics/trainers/front_pics/leader_tate_and_liza.png.4bpp 
tools/gbagfx/gbagfx graphics/trainers/front_pics/leader_tate_and_liza.png build/assets/graphics/trainers/front_pics/leader_tate_and_liza.png.gbapal 
tools/gbagfx/gbagfx graphics/trainers/front_pics/leader_wattson.png build/assets/graphics/trainers/front_pics/leader_wattson.png.4bpp 
tools/gbagfx/gbagfx graphics/trainers/front_pics/leader_wattson.png build/assets/graphics/trainers/front_pics/leader_wattson.png.gbapal 
tools/gbagfx/gbagfx graphics/trainers/front_pics/leader_winona.png build/assets/graphics/trainers/front_pics/leader_winona.png.4bpp 
tools/gbagfx/gbagfx graphics/trainers/front_pics/leader_winona.png build/assets/graphics/trainers/front_pics/leader_winona.png.gbapal 
tools/gbagfx/gbagfx graphics/trainers/front_pics/leaf.png build/assets/graphics/trainers/front_pics/leaf.png.4bpp 
tools/gbagfx/gbagfx graphics/trainers/front_pics/leaf.png build/assets/graphics/trainers/front_pics/leaf.png.gbapal 
tools/gbagfx/gbagfx graphics/trainers/front_pics/magma_admin.png build/assets/graphics/trainers/front_pics/magma_admin.png.4bpp 
tools/gbagfx/gbagfx graphics/trainers/front_pics/magma_admin.png build/assets/graphics/trainers/front_pics/magma_admin.png.gbapal 
tools/gbagfx/gbagfx graphics/trainers/front_pics/magma_grunt_f.png build/assets/graphics/trainers/front_pics/magma_grunt_f.png.4bpp 
tools/gbagfx/gbagfx graphics/trainers/front_pics/magma_grunt_f.png build/assets/graphics/trainers/front_pics/magma_grunt_f.png.gbapal 
tools/gbagfx/gbagfx graphics/trainers/front_pics/magma_grunt_m.png build/assets/graphics/trainers/front_pics/magma_grunt_m.png.4bpp 
tools/gbagfx/gbagfx graphics/trainers/front_pics/magma_grunt_m.png build/assets/graphics/trainers/front_pics/magma_grunt_m.png.gbapal 
tools/gbagfx/gbagfx graphics/trainers/front_pics/magma_leader_maxie.png build/assets/graphics/trainers/front_pics/magma_leader_maxie.png.4bpp 
tools/gbagfx/gbagfx graphics/trainers/front_pics/magma_leader_maxie.png build/assets/graphics/trainers/front_pics/magma_leader_maxie.png.gbapal 
tools/gbagfx/gbagfx graphics/trainers/front_pics/may.png build/assets/graphics/trainers/front_pics/may.png.4bpp 
tools/gbagfx/gbagfx graphics/trainers/front_pics/may_rs.png build/assets/graphics/trainers/front_pics/may_rs.png.4bpp 
tools/gbagfx/gbagfx graphics/trainers/front_pics/ninja_boy.png build/assets/graphics/trainers/front_pics/ninja_boy.png.4bpp 
tools/gbagfx/gbagfx graphics/trainers/front_pics/ninja_boy.png build/assets/graphics/trainers/front_pics/ninja_boy.png.gbapal 
tools/gbagfx/gbagfx graphics/trainers/front_pics/none.png build/assets/graphics/trainers/front_pics/none.png.4bpp 
tools/gbagfx/gbagfx graphics/trainers/front_pics/old_couple.png build/assets/graphics/trainers/front_pics/old_couple.png.4bpp 
tools/gbagfx/gbagfx graphics/trainers/front_pics/old_couple.png build/assets/graphics/trainers/front_pics/old_couple.png.gbapal 
tools/gbagfx/gbagfx graphics/trainers/front_pics/painter_frlg.png build/assets/graphics/trainers/front_pics/painter_frlg.png.4bpp 
tools/gbagfx/gbagfx graphics/trainers/front_pics/palace_maven_spenser.png build/assets/graphics/trainers/front_pics/palace_maven_spenser.png.4bpp 
tools/gbagfx/gbagfx graphics/trainers/front_pics/palace_maven_spenser.png build/assets/graphics/trainers/front_pics/palace_maven_spenser.png.gbapal 
tools/gbagfx/gbagfx graphics/trainers/front_pics/parasol_lady.png build/assets/graphics/trainers/front_pics/parasol_lady.png.4bpp 
tools/gbagfx/gbagfx graphics/trainers/front_pics/parasol_lady.png build/assets/graphics/trainers/front_pics/parasol_lady.png.gbapal 
tools/gbagfx/gbagfx graphics/trainers/front_pics/picnicker.png build/assets/graphics/trainers/front_pics/picnicker.png.4bpp 
tools/gbagfx/gbagfx graphics/trainers/front_pics/picnicker.png build/assets/graphics/trainers/front_pics/picnicker.png.gbapal 
tools/gbagfx/gbagfx graphics/trainers/front_pics/picnicker_frlg.png build/assets/graphics/trainers/front_pics/picnicker_frlg.png.4bpp 
tools/gbagfx/gbagfx graphics/trainers/front_pics/pike_queen_lucy.png build/assets/graphics/trainers/front_pics/pike_queen_lucy.png.4bpp 
tools/gbagfx/gbagfx graphics/trainers/front_pics/pike_queen_lucy.png build/assets/graphics/trainers/front_pics/pike_queen_lucy.png.gbapal 
tools/gbagfx/gbagfx graphics/trainers/front_pics/pokefan_f.png build/assets/graphics/trainers/front_pics/pokefan_f.png.4bpp 
tools/gbagfx/gbagfx graphics/trainers/front_pics/pokefan_f.png build/assets/graphics/trainers/front_pics/pokefan_f.png.gbapal 
tools/gbagfx/gbagfx graphics/trainers/front_pics/pokefan_m.png build/assets/graphics/trainers/front_pics/pokefan_m.png.4bpp 
tools/gbagfx/gbagfx graphics/trainers/front_pics/pokefan_m.png build/assets/graphics/trainers/front_pics/pokefan_m.png.gbapal 
tools/gbagfx/gbagfx graphics/trainers/front_pics/pokemaniac.png build/assets/graphics/trainers/front_pics/pokemaniac.png.4bpp 
tools/gbagfx/gbagfx graphics/trainers/front_pics/pokemaniac.png build/assets/graphics/trainers/front_pics/pokemaniac.png.gbapal 
tools/gbagfx/gbagfx graphics/trainers/front_pics/pokemaniac_frlg.png build/assets/graphics/trainers/front_pics/pokemaniac_frlg.png.4bpp 
tools/gbagfx/gbagfx graphics/trainers/front_pics/pokemon_breeder_f.png build/assets/graphics/trainers/front_pics/pokemon_breeder_f.png.4bpp 
tools/gbagfx/gbagfx graphics/trainers/front_pics/pokemon_breeder_f.png build/assets/graphics/trainers/front_pics/pokemon_breeder_f.png.gbapal 
tools/gbagfx/gbagfx graphics/trainers/front_pics/pokemon_breeder_frlg.png build/assets/graphics/trainers/front_pics/pokemon_breeder_frlg.png.4bpp 
tools/gbagfx/gbagfx graphics/trainers/front_pics/pokemon_breeder_m.png build/assets/graphics/trainers/front_pics/pokemon_breeder_m.png.4bpp 
tools/gbagfx/gbagfx graphics/trainers/front_pics/pokemon_breeder_m.png build/assets/graphics/trainers/front_pics/pokemon_breeder_m.png.gbapal 
tools/gbagfx/gbagfx graphics/trainers/front_pics/pokemon_ranger_f.png build/assets/graphics/trainers/front_pics/pokemon_ranger_f.png.4bpp 
tools/gbagfx/gbagfx graphics/trainers/front_pics/pokemon_ranger_f.png build/assets/graphics/trainers/front_pics/pokemon_ranger_f.png.gbapal 
tools/gbagfx/gbagfx graphics/trainers/front_pics/pokemon_ranger_f_frlg.png build/assets/graphics/trainers/front_pics/pokemon_ranger_f_frlg.png.4bpp 
tools/gbagfx/gbagfx graphics/trainers/front_pics/pokemon_ranger_m.png build/assets/graphics/trainers/front_pics/pokemon_ranger_m.png.4bpp 
tools/gbagfx/gbagfx graphics/trainers/front_pics/pokemon_ranger_m.png build/assets/graphics/trainers/front_pics/pokemon_ranger_m.png.gbapal 
tools/gbagfx/gbagfx graphics/trainers/front_pics/pokemon_ranger_m_frlg.png build/assets/graphics/trainers/front_pics/pokemon_ranger_m_frlg.png.4bpp 
tools/gbagfx/gbagfx graphics/trainers/front_pics/professor_oak_frlg.png build/assets/graphics/trainers/front_pics/professor_oak_frlg.png.4bpp 
tools/gbagfx/gbagfx graphics/trainers/front_pics/psychic_f.png build/assets/graphics/trainers/front_pics/psychic_f.png.4bpp 
tools/gbagfx/gbagfx graphics/trainers/front_pics/psychic_f.png build/assets/graphics/trainers/front_pics/psychic_f.png.gbapal 
tools/gbagfx/gbagfx graphics/trainers/front_pics/psychic_f_frlg.png build/assets/graphics/trainers/front_pics/psychic_f_frlg.png.4bpp 
tools/gbagfx/gbagfx graphics/trainers/front_pics/psychic_m.png build/assets/graphics/trainers/front_pics/psychic_m.png.4bpp 
tools/gbagfx/gbagfx graphics/trainers/front_pics/psychic_m.png build/assets/graphics/trainers/front_pics/psychic_m.png.gbapal 
tools/gbagfx/gbagfx graphics/trainers/front_pics/psychic_m_frlg.png build/assets/graphics/trainers/front_pics/psychic_m_frlg.png.4bpp 
tools/gbagfx/gbagfx graphics/trainers/front_pics/pyramid_king_brandon.png build/assets/graphics/trainers/front_pics/pyramid_king_brandon.png.4bpp 
tools/gbagfx/gbagfx graphics/trainers/front_pics/pyramid_king_brandon.png build/assets/graphics/trainers/front_pics/pyramid_king_brandon.png.gbapal 
tools/gbagfx/gbagfx graphics/trainers/front_pics/red.png build/assets/graphics/trainers/front_pics/red.png.4bpp 
tools/gbagfx/gbagfx graphics/trainers/front_pics/red.png build/assets/graphics/trainers/front_pics/red.png.gbapal 
tools/gbagfx/gbagfx graphics/trainers/front_pics/rich_boy.png build/assets/graphics/trainers/front_pics/rich_boy.png.4bpp 
tools/gbagfx/gbagfx graphics/trainers/front_pics/rich_boy.png build/assets/graphics/trainers/front_pics/rich_boy.png.gbapal 
tools/gbagfx/gbagfx graphics/trainers/front_pics/rival_early_frlg.png build/assets/graphics/trainers/front_pics/rival_early_frlg.png.4bpp 
tools/gbagfx/gbagfx graphics/trainers/front_pics/rival_late_frlg.png build/assets/graphics/trainers/front_pics/rival_late_frlg.png.4bpp 
tools/gbagfx/gbagfx graphics/trainers/front_pics/rocker_frlg.png build/assets/graphics/trainers/front_pics/rocker_frlg.png.4bpp 
tools/gbagfx/gbagfx graphics/trainers/front_pics/rocket_grunt_f_frlg.png build/assets/graphics/trainers/front_pics/rocket_grunt_f_frlg.png.4bpp 
tools/gbagfx/gbagfx graphics/trainers/front_pics/rocket_grunt_m_frlg.png build/assets/graphics/trainers/front_pics/rocket_grunt_m_frlg.png.4bpp 
tools/gbagfx/gbagfx graphics/trainers/front_pics/ruin_maniac.png build/assets/graphics/trainers/front_pics/ruin_maniac.png.4bpp 
tools/gbagfx/gbagfx graphics/trainers/front_pics/ruin_maniac.png build/assets/graphics/trainers/front_pics/ruin_maniac.png.gbapal 
tools/gbagfx/gbagfx graphics/trainers/front_pics/ruin_maniac_frlg.png build/assets/graphics/trainers/front_pics/ruin_maniac_frlg.png.4bpp 
tools/gbagfx/gbagfx graphics/trainers/front_pics/running_triathlete_f.png build/assets/graphics/trainers/front_pics/running_triathlete_f.png.4bpp 
tools/gbagfx/gbagfx graphics/trainers/front_pics/running_triathlete_f.png build/assets/graphics/trainers/front_pics/running_triathlete_f.png.gbapal 
tools/gbagfx/gbagfx graphics/trainers/front_pics/running_triathlete_m.png build/assets/graphics/trainers/front_pics/running_triathlete_m.png.4bpp 
tools/gbagfx/gbagfx graphics/trainers/front_pics/running_triathlete_m.png build/assets/graphics/trainers/front_pics/running_triathlete_m.png.gbapal 
tools/gbagfx/gbagfx graphics/trainers/front_pics/sailor.png build/assets/graphics/trainers/front_pics/sailor.png.4bpp 
tools/gbagfx/gbagfx graphics/trainers/front_pics/sailor.png build/assets/graphics/trainers/front_pics/sailor.png.gbapal 
tools/gbagfx/gbagfx graphics/trainers/front_pics/sailor_frlg.png build/assets/graphics/trainers/front_pics/sailor_frlg.png.4bpp 
tools/gbagfx/gbagfx graphics/trainers/front_pics/salon_maiden_anabel.png build/assets/graphics/trainers/front_pics/salon_maiden_anabel.png.4bpp 
tools/gbagfx/gbagfx graphics/trainers/front_pics/salon_maiden_anabel.png build/assets/graphics/trainers/front_pics/salon_maiden_anabel.png.gbapal 
tools/gbagfx/gbagfx graphics/trainers/front_pics/school_kid_f.png build/assets/graphics/trainers/front_pics/school_kid_f.png.4bpp 
tools/gbagfx/gbagfx graphics/trainers/front_pics/school_kid_f.png build/assets/graphics/trainers/front_pics/school_kid_f.png.gbapal 
tools/gbagfx/gbagfx graphics/trainers/front_pics/school_kid_m.png build/assets/graphics/trainers/front_pics/school_kid_m.png.4bpp 
tools/gbagfx/gbagfx graphics/trainers/front_pics/school_kid_m.png build/assets/graphics/trainers/front_pics/school_kid_m.png.gbapal 
tools/gbagfx/gbagfx graphics/trainers/front_pics/scientist_frlg.png build/assets/graphics/trainers/front_pics/scientist_frlg.png.4bpp 
tools/gbagfx/gbagfx graphics/trainers/front_pics/sis_and_bro.png build/assets/graphics/trainers/front_pics/sis_and_bro.png.4bpp 
tools/gbagfx/gbagfx graphics/trainers/front_pics/sis_and_bro.png build/assets/graphics/trainers/front_pics/sis_and_bro.png.gbapal 
tools/gbagfx/gbagfx graphics/trainers/front_pics/sis_and_bro_frlg.png build/assets/graphics/trainers/front_pics/sis_and_bro_frlg.png.4bpp 
tools/gbagfx/gbagfx graphics/trainers/front_pics/sr_and_jr.png build/assets/graphics/trainers/front_pics/sr_and_jr.png.4bpp 
tools/gbagfx/gbagfx graphics/trainers/front_pics/sr_and_jr.png build/assets/graphics/trainers/front_pics/sr_and_jr.png.gbapal 
tools/gbagfx/gbagfx graphics/trainers/front_pics/steven.png build/assets/graphics/trainers/front_pics/steven.png.4bpp 
tools/gbagfx/gbagfx graphics/trainers/front_pics/steven.png build/assets/graphics/trainers/front_pics/steven.png.gbapal 
tools/gbagfx/gbagfx graphics/trainers/front_pics/super_nerd_frlg.png build/assets/graphics/trainers/front_pics/super_nerd_frlg.png.4bpp 
tools/gbagfx/gbagfx graphics/trainers/front_pics/swimmer_f.png build/assets/graphics/trainers/front_pics/swimmer_f.png.4bpp 
tools/gbagfx/gbagfx graphics/trainers/front_pics/swimmer_f.png build/assets/graphics/trainers/front_pics/swimmer_f.png.gbapal 
tools/gbagfx/gbagfx graphics/trainers/front_pics/swimmer_f_frlg.png build/assets/graphics/trainers/front_pics/swimmer_f_frlg.png.4bpp 
tools/gbagfx/gbagfx graphics/trainers/front_pics/swimmer_m.png build/assets/graphics/trainers/front_pics/swimmer_m.png.4bpp 
tools/gbagfx/gbagfx graphics/trainers/front_pics/swimmer_m.png build/assets/graphics/trainers/front_pics/swimmer_m.png.gbapal 
tools/gbagfx/gbagfx graphics/trainers/front_pics/swimmer_m_frlg.png build/assets/graphics/trainers/front_pics/swimmer_m_frlg.png.4bpp 
tools/gbagfx/gbagfx graphics/trainers/front_pics/swimming_triathlete_f.png build/assets/graphics/trainers/front_pics/swimming_triathlete_f.png.4bpp 
tools/gbagfx/gbagfx graphics/trainers/front_pics/swimming_triathlete_f.png build/assets/graphics/trainers/front_pics/swimming_triathlete_f.png.gbapal 
tools/gbagfx/gbagfx graphics/trainers/front_pics/swimming_triathlete_m.png build/assets/graphics/trainers/front_pics/swimming_triathlete_m.png.4bpp 
tools/gbagfx/gbagfx graphics/trainers/front_pics/swimming_triathlete_m.png build/assets/graphics/trainers/front_pics/swimming_triathlete_m.png.gbapal 
tools/gbagfx/gbagfx graphics/trainers/front_pics/tamer_frlg.png build/assets/graphics/trainers/front_pics/tamer_frlg.png.4bpp 
tools/gbagfx/gbagfx graphics/trainers/front_pics/tuber_f.png build/assets/graphics/trainers/front_pics/tuber_f.png.4bpp 
tools/gbagfx/gbagfx graphics/trainers/front_pics/tuber_f.png build/assets/graphics/trainers/front_pics/tuber_f.png.gbapal 
tools/gbagfx/gbagfx graphics/trainers/front_pics/tuber_f_frlg.png build/assets/graphics/trainers/front_pics/tuber_f_frlg.png.4bpp 
tools/gbagfx/gbagfx graphics/trainers/front_pics/tuber_m.png build/assets/graphics/trainers/front_pics/tuber_m.png.4bpp 
tools/gbagfx/gbagfx graphics/trainers/front_pics/tuber_m.png build/assets/graphics/trainers/front_pics/tuber_m.png.gbapal 
tools/gbagfx/gbagfx graphics/trainers/front_pics/twins.png build/assets/graphics/trainers/front_pics/twins.png.4bpp 
tools/gbagfx/gbagfx graphics/trainers/front_pics/twins.png build/assets/graphics/trainers/front_pics/twins.png.gbapal 
tools/gbagfx/gbagfx graphics/trainers/front_pics/twins_frlg.png build/assets/graphics/trainers/front_pics/twins_frlg.png.4bpp 
tools/gbagfx/gbagfx graphics/trainers/front_pics/wally.png build/assets/graphics/trainers/front_pics/wally.png.4bpp 
tools/gbagfx/gbagfx graphics/trainers/front_pics/young_couple.png build/assets/graphics/trainers/front_pics/young_couple.png.4bpp 
tools/gbagfx/gbagfx graphics/trainers/front_pics/young_couple.png build/assets/graphics/trainers/front_pics/young_couple.png.gbapal 
tools/gbagfx/gbagfx graphics/trainers/front_pics/young_couple_frlg.png build/assets/graphics/trainers/front_pics/young_couple_frlg.png.4bpp 
tools/gbagfx/gbagfx graphics/trainers/front_pics/youngster.png build/assets/graphics/trainers/front_pics/youngster.png.4bpp 
tools/gbagfx/gbagfx graphics/trainers/front_pics/youngster.png build/assets/graphics/trainers/front_pics/youngster.png.gbapal 
tools/gbagfx/gbagfx graphics/trainers/front_pics/youngster_frlg.png build/assets/graphics/trainers/front_pics/youngster_frlg.png.4bpp 
tools/gbagfx/gbagfx graphics/trainers/palettes/aroma_lady_frlg.pal build/assets/graphics/trainers/palettes/aroma_lady_frlg.pal.gbapal 
tools/gbagfx/gbagfx graphics/trainers/palettes/beauty_frlg.pal build/assets/graphics/trainers/palettes/beauty_frlg.pal.gbapal 
tools/gbagfx/gbagfx graphics/trainers/palettes/biker_frlg.pal build/assets/graphics/trainers/palettes/biker_frlg.pal.gbapal 
tools/gbagfx/gbagfx graphics/trainers/palettes/bird_keeper_frlg.pal build/assets/graphics/trainers/palettes/bird_keeper_frlg.pal.gbapal 
tools/gbagfx/gbagfx graphics/trainers/palettes/black_belt_frlg.pal build/assets/graphics/trainers/palettes/black_belt_frlg.pal.gbapal 
tools/gbagfx/gbagfx graphics/trainers/palettes/brendan.pal build/assets/graphics/trainers/palettes/brendan.pal.gbapal 
tools/gbagfx/gbagfx graphics/trainers/palettes/brendan_rs.pal build/assets/graphics/trainers/palettes/brendan_rs.pal.gbapal 
tools/gbagfx/gbagfx graphics/trainers/palettes/bug_catcher_frlg.pal build/assets/graphics/trainers/palettes/bug_catcher_frlg.pal.gbapal 
tools/gbagfx/gbagfx graphics/trainers/palettes/burglar_frlg.pal build/assets/graphics/trainers/palettes/burglar_frlg.pal.gbapal 
tools/gbagfx/gbagfx graphics/trainers/palettes/camper_frlg.pal build/assets/graphics/trainers/palettes/camper_frlg.pal.gbapal 
tools/gbagfx/gbagfx graphics/trainers/palettes/champion_rival_frlg.pal build/assets/graphics/trainers/palettes/champion_rival_frlg.pal.gbapal 
tools/gbagfx/gbagfx graphics/trainers/palettes/channeler_frlg.pal build/assets/graphics/trainers/palettes/channeler_frlg.pal.gbapal 
tools/gbagfx/gbagfx graphics/trainers/palettes/cool_couple_frlg.pal build/assets/graphics/trainers/palettes/cool_couple_frlg.pal.gbapal 
tools/gbagfx/gbagfx graphics/trainers/palettes/cool_trainer_f_frlg.pal build/assets/graphics/trainers/palettes/cool_trainer_f_frlg.pal.gbapal 
tools/gbagfx/gbagfx graphics/trainers/palettes/cool_trainer_m_frlg.pal build/assets/graphics/trainers/palettes/cool_trainer_m_frlg.pal.gbapal 
tools/gbagfx/gbagfx graphics/trainers/palettes/crush_girl_frlg.pal build/assets/graphics/trainers/palettes/crush_girl_frlg.pal.gbapal 
tools/gbagfx/gbagfx graphics/trainers/palettes/crush_kin_frlg.pal build/assets/graphics/trainers/palettes/crush_kin_frlg.pal.gbapal 
tools/gbagfx/gbagfx graphics/trainers/palettes/cue_ball_frlg.pal build/assets/graphics/trainers/palettes/cue_ball_frlg.pal.gbapal 
tools/gbagfx/gbagfx graphics/trainers/palettes/elite_four_agatha_frlg.pal build/assets/graphics/trainers/palettes/elite_four_agatha_frlg.pal.gbapal 
tools/gbagfx/gbagfx graphics/trainers/palettes/elite_four_bruno_frlg.pal build/assets/graphics/trainers/palettes/elite_four_bruno_frlg.pal.gbapal 
tools/gbagfx/gbagfx graphics/trainers/palettes/elite_four_lance_frlg.pal build/assets/graphics/trainers/palettes/elite_four_lance_frlg.pal.gbapal 
tools/gbagfx/gbagfx graphics/trainers/palettes/elite_four_lorelei_frlg.pal build/assets/graphics/trainers/palettes/elite_four_lorelei_frlg.pal.gbapal 
tools/gbagfx/gbagfx graphics/trainers/palettes/engineer_frlg.pal build/assets/graphics/trainers/palettes/engineer_frlg.pal.gbapal 
tools/gbagfx/gbagfx graphics/trainers/palettes/fisherman_frlg.pal build/assets/graphics/trainers/palettes/fisherman_frlg.pal.gbapal 
tools/gbagfx/gbagfx graphics/trainers/palettes/gamer_frlg.pal build/assets/graphics/trainers/palettes/gamer_frlg.pal.gbapal 
tools/gbagfx/gbagfx graphics/trainers/palettes/gentleman_frlg.pal build/assets/graphics/trainers/palettes/gentleman_frlg.pal.gbapal 
tools/gbagfx/gbagfx graphics/trainers/palettes/hiker_frlg.pal build/assets/graphics/trainers/palettes/hiker_frlg.pal.gbapal 
tools/gbagfx/gbagfx graphics/trainers/palettes/juggler_frlg.pal build/assets/graphics/trainers/palettes/juggler_frlg.pal.gbapal 
tools/gbagfx/gbagfx graphics/trainers/palettes/lady_frlg.pal build/assets/graphics/trainers/palettes/lady_frlg.pal.gbapal 
tools/gbagfx/gbagfx graphics/trainers/palettes/lass_frlg.pal build/assets/graphics/trainers/palettes/lass_frlg.pal.gbapal 
tools/gbagfx/gbagfx graphics/trainers/palettes/leader_blaine_frlg.pal build/assets/graphics/trainers/palettes/leader_blaine_frlg.pal.gbapal 
tools/gbagfx/gbagfx graphics/trainers/palettes/leader_brock_frlg.pal build/assets/graphics/trainers/palettes/leader_brock_frlg.pal.gbapal 
tools/gbagfx/gbagfx graphics/trainers/palettes/leader_erika_frlg.pal build/assets/graphics/trainers/palettes/leader_erika_frlg.pal.gbapal 
tools/gbagfx/gbagfx graphics/trainers/palettes/leader_giovanni_frlg.pal build/assets/graphics/trainers/palettes/leader_giovanni_frlg.pal.gbapal 
tools/gbagfx/gbagfx graphics/trainers/palettes/leader_koga_frlg.pal build/assets/graphics/trainers/palettes/leader_koga_frlg.pal.gbapal 
tools/gbagfx/gbagfx graphics/trainers/palettes/leader_lt_surge_frlg.pal build/assets/graphics/trainers/palettes/leader_lt_surge_frlg.pal.gbapal 
tools/gbagfx/gbagfx graphics/trainers/palettes/leader_misty_frlg.pal build/assets/graphics/trainers/palettes/leader_misty_frlg.pal.gbapal 
tools/gbagfx/gbagfx graphics/trainers/palettes/leader_sabrina_frlg.pal build/assets/graphics/trainers/palettes/leader_sabrina_frlg.pal.gbapal 
tools/gbagfx/gbagfx graphics/trainers/palettes/may.pal build/assets/graphics/trainers/palettes/may.pal.gbapal 
tools/gbagfx/gbagfx graphics/trainers/palettes/may_rs.pal build/assets/graphics/trainers/palettes/may_rs.pal.gbapal 
tools/gbagfx/gbagfx graphics/trainers/palettes/none.pal build/assets/graphics/trainers/palettes/none.pal.gbapal 
tools/gbagfx/gbagfx graphics/trainers/palettes/painter_frlg.pal build/assets/graphics/trainers/palettes/painter_frlg.pal.gbapal 
tools/gbagfx/gbagfx graphics/trainers/palettes/picnicker_frlg.pal build/assets/graphics/trainers/palettes/picnicker_frlg.pal.gbapal 
tools/gbagfx/gbagfx graphics/trainers/palettes/pokemaniac_frlg.pal build/assets/graphics/trainers/palettes/pokemaniac_frlg.pal.gbapal 
tools/gbagfx/gbagfx graphics/trainers/palettes/pokemon_breeder_frlg.pal build/assets/graphics/trainers/palettes/pokemon_breeder_frlg.pal.gbapal 
tools/gbagfx/gbagfx graphics/trainers/palettes/pokemon_ranger_f_frlg.pal build/assets/graphics/trainers/palettes/pokemon_ranger_f_frlg.pal.gbapal 
tools/gbagfx/gbagfx graphics/trainers/palettes/pokemon_ranger_m_frlg.pal build/assets/graphics/trainers/palettes/pokemon_ranger_m_frlg.pal.gbapal 
tools/gbagfx/gbagfx graphics/trainers/palettes/professor_oak_frlg.pal build/assets/graphics/trainers/palettes/professor_oak_frlg.pal.gbapal 
tools/gbagfx/gbagfx graphics/trainers/palettes/psychic_f_frlg.pal build/assets/graphics/trainers/palettes/psychic_f_frlg.pal.gbapal 
tools/gbagfx/gbagfx graphics/trainers/palettes/psychic_m_frlg.pal build/assets/graphics/trainers/palettes/psychic_m_frlg.pal.gbapal 
tools/gbagfx/gbagfx graphics/trainers/palettes/rival_early_frlg.pal build/assets/graphics/trainers/palettes/rival_early_frlg.pal.gbapal 
tools/gbagfx/gbagfx graphics/trainers/palettes/rival_late_frlg.pal build/assets/graphics/trainers/palettes/rival_late_frlg.pal.gbapal 
tools/gbagfx/gbagfx graphics/trainers/palettes/rocker_frlg.pal build/assets/graphics/trainers/palettes/rocker_frlg.pal.gbapal 
tools/gbagfx/gbagfx graphics/trainers/palettes/rocket_grunt_f_frlg.pal build/assets/graphics/trainers/palettes/rocket_grunt_f_frlg.pal.gbapal 
tools/gbagfx/gbagfx graphics/trainers/palettes/rocket_grunt_m_frlg.pal build/assets/graphics/trainers/palettes/rocket_grunt_m_frlg.pal.gbapal 
tools/gbagfx/gbagfx graphics/trainers/palettes/ruin_maniac_frlg.pal build/assets/graphics/trainers/palettes/ruin_maniac_frlg.pal.gbapal 
tools/gbagfx/gbagfx graphics/trainers/palettes/sailor_frlg.pal build/assets/graphics/trainers/palettes/sailor_frlg.pal.gbapal 
tools/gbagfx/gbagfx graphics/trainers/palettes/scientist_frlg.pal build/assets/graphics/trainers/palettes/scientist_frlg.pal.gbapal 
tools/gbagfx/gbagfx graphics/trainers/palettes/sis_and_bro_frlg.pal build/assets/graphics/trainers/palettes/sis_and_bro_frlg.pal.gbapal 
tools/gbagfx/gbagfx graphics/trainers/palettes/super_nerd_frlg.pal build/assets/graphics/trainers/palettes/super_nerd_frlg.pal.gbapal 
tools/gbagfx/gbagfx graphics/trainers/palettes/swimmer_f_frlg.pal build/assets/graphics/trainers/palettes/swimmer_f_frlg.pal.gbapal 
tools/gbagfx/gbagfx graphics/trainers/palettes/swimmer_m_frlg.pal build/assets/graphics/trainers/palettes/swimmer_m_frlg.pal.gbapal 
tools/gbagfx/gbagfx graphics/trainers/palettes/tamer_frlg.pal build/assets/graphics/trainers/palettes/tamer_frlg.pal.gbapal 
tools/gbagfx/gbagfx graphics/trainers/palettes/tuber_f_frlg.pal build/assets/graphics/trainers/palettes/tuber_f_frlg.pal.gbapal 
tools/gbagfx/gbagfx graphics/trainers/palettes/twins_frlg.pal build/assets/graphics/trainers/palettes/twins_frlg.pal.gbapal 
tools/gbagfx/gbagfx graphics/trainers/palettes/wally.pal build/assets/graphics/trainers/palettes/wally.pal.gbapal 
tools/gbagfx/gbagfx graphics/trainers/palettes/young_couple_frlg.pal build/assets/graphics/trainers/palettes/young_couple_frlg.pal.gbapal 
tools/gbagfx/gbagfx graphics/trainers/palettes/youngster_frlg.pal build/assets/graphics/trainers/palettes/youngster_frlg.pal.gbapal 
tools/gbagfx/gbagfx graphics/types/battle_icons1.pal build/assets/graphics/types/battle_icons1.pal.gbapal 
tools/gbagfx/gbagfx graphics/types/battle_icons1.png build/assets/graphics/types/battle_icons1.png.4bpp 
tools/gbagfx/gbagfx graphics/types/none.png graphics/types/none.4bpp
tools/gbagfx/gbagfx graphics/types/battle_icons2.pal build/assets/graphics/types/battle_icons2.pal.gbapal 
tools/gbagfx/gbagfx graphics/types/normal.png graphics/types/normal.4bpp
tools/gbagfx/gbagfx graphics/types/battle_icons2.png build/assets/graphics/types/battle_icons2.png.4bpp 
tools/gbagfx/gbagfx graphics/types/fight.png graphics/types/fight.4bpp
tools/gbagfx/gbagfx graphics/types/flying.png graphics/types/flying.4bpp
tools/gbagfx/gbagfx graphics/types/poison.png graphics/types/poison.4bpp
tools/gbagfx/gbagfx graphics/types/ground.png graphics/types/ground.4bpp
tools/gbagfx/gbagfx graphics/types/rock.png graphics/types/rock.4bpp
tools/gbagfx/gbagfx graphics/types/bug.png graphics/types/bug.4bpp
tools/gbagfx/gbagfx graphics/types/ghost.png graphics/types/ghost.4bpp
tools/gbagfx/gbagfx graphics/types/steel.png graphics/types/steel.4bpp
tools/gbagfx/gbagfx graphics/types/mystery.png graphics/types/mystery.4bpp
tools/gbagfx/gbagfx graphics/types/fire.png graphics/types/fire.4bpp
tools/gbagfx/gbagfx graphics/types/water.png graphics/types/water.4bpp
tools/gbagfx/gbagfx graphics/types/grass.png graphics/types/grass.4bpp
tools/gbagfx/gbagfx graphics/types/electric.png graphics/types/electric.4bpp
tools/gbagfx/gbagfx graphics/types/psychic.png graphics/types/psychic.4bpp
tools/gbagfx/gbagfx graphics/types/ice.png graphics/types/ice.4bpp
tools/gbagfx/gbagfx graphics/types/dragon.png graphics/types/dragon.4bpp
tools/gbagfx/gbagfx graphics/types/dark.png graphics/types/dark.4bpp
tools/gbagfx/gbagfx graphics/types/fairy.png graphics/types/fairy.4bpp
tools/gbagfx/gbagfx graphics/types/stellar.png graphics/types/stellar.4bpp
tools/gbagfx/gbagfx graphics/types/contest_cool.png graphics/types/contest_cool.4bpp
tools/gbagfx/gbagfx graphics/types/contest_beauty.png graphics/types/contest_beauty.4bpp
tools/gbagfx/gbagfx graphics/types/contest_cute.png graphics/types/contest_cute.4bpp
tools/gbagfx/gbagfx graphics/types/contest_smart.png graphics/types/contest_smart.4bpp
tools/gbagfx/gbagfx graphics/types/contest_tough.png graphics/types/contest_tough.4bpp
tools/compresSmol/compresSmolTilemap graphics/union_room_chat/background.bin build/assets/graphics/union_room_chat/background.bin.smolTM 
tools/gbagfx/gbagfx graphics/union_room_chat/background.png build/assets/graphics/union_room_chat/background.png.4bpp 
tools/gbagfx/gbagfx graphics/union_room_chat/background.png build/assets/graphics/union_room_chat/background.png.gbapal 
tools/gbagfx/gbagfx graphics/union_room_chat/input_text.pal build/assets/graphics/union_room_chat/input_text.pal.gbapal 
tools/compresSmol/compresSmolTilemap graphics/union_room_chat/keyboard.bin build/assets/graphics/union_room_chat/keyboard.bin.smolTM 
tools/gbagfx/gbagfx graphics/union_room_chat/keyboard.png build/assets/graphics/union_room_chat/keyboard.png.4bpp 
tools/gbagfx/gbagfx graphics/union_room_chat/keyboard.png build/assets/graphics/union_room_chat/keyboard.png.gbapal 
tools/gbagfx/gbagfx graphics/union_room_chat/r_button_labels.png build/assets/graphics/union_room_chat/r_button_labels.png.4bpp 
tools/compresSmol/compresSmolTilemap graphics/unused/basic_frame.bin build/assets/graphics/unused/basic_frame.bin.smolTM 
tools/gbagfx/gbagfx graphics/unused/basic_frame.png build/assets/graphics/unused/basic_frame.png.4bpp 
tools/gbagfx/gbagfx graphics/unused/basic_frame.png build/assets/graphics/unused/basic_frame.png.gbapal 
tools/compresSmol/compresSmolTilemap graphics/unused/blue_frame.bin build/assets/graphics/unused/blue_frame.bin.smolTM 
tools/gbagfx/gbagfx graphics/unused/old_bulbasaur.png graphics/unused/old_bulbasaur.4bpp
tools/gbagfx/gbagfx graphics/unused/color_frames.png build/assets/graphics/unused/color_frames.png.gbapal 
tools/gbagfx/gbagfx graphics/unused/old_charizard.png graphics/unused/old_charizard.4bpp
tools/gbagfx/gbagfx graphics/unused/color_frames.png build/assets/graphics/unused/color_frames.png_num_tiles_353__Wnum_tiles.4bpp -num_tiles 353 -Wnum_tiles
tools/gbagfx/gbagfx graphics/unused/old_bulbasaur2.png graphics/unused/old_bulbasaur2.4bpp
tools/gbagfx/gbagfx graphics/unused/old_battle_interface_1.png graphics/unused/old_battle_interface_1.4bpp
tools/gbagfx/gbagfx graphics/unused/old_battle_interface_2.png graphics/unused/old_battle_interface_2.4bpp
tools/gbagfx/gbagfx graphics/unused/old_battle_interface_3.png graphics/unused/old_battle_interface_3.4bpp
tools/compresSmol/compresSmolTilemap graphics/unused/old_battle_interface_tilemap.bin build/assets/graphics/unused/old_battle_interface_tilemap.bin.smolTM 
tools/compresSmol/compresSmolTilemap graphics/unused/old_charmap.bin build/assets/graphics/unused/old_charmap.bin.smolTM 
tools/gbagfx/gbagfx graphics/unused/old_charmap.png build/assets/graphics/unused/old_charmap.png.4bpp 
tools/gbagfx/gbagfx graphics/unused/old_charmap.png build/assets/graphics/unused/old_charmap.png.gbapal 
tools/gbagfx/gbagfx graphics/unused/old_pal4.pal build/assets/graphics/unused/old_pal4.pal.gbapal 
tools/gbagfx/gbagfx graphics/unused/shadow.png build/assets/graphics/unused/shadow.png.4bpp 
tools/gbagfx/gbagfx graphics/unused/shadow.png build/assets/graphics/unused/shadow.png.gbapal 
tools/gbagfx/gbagfx graphics/wallclock/clock.png build/assets/graphics/wallclock/clock.png.4bpp 
tools/compresSmol/compresSmolTilemap graphics/wallclock/clock_start.bin build/assets/graphics/wallclock/clock_start.bin.smolTM 
tools/compresSmol/compresSmolTilemap graphics/wallclock/clock_view.bin build/assets/graphics/wallclock/clock_view.bin.smolTM 
tools/gbagfx/gbagfx graphics/battle_interface/ball_caught_indicator.png graphics/battle_interface/ball_caught_indicator.4bpp
tools/gbagfx/gbagfx graphics/wallclock/female.pal build/assets/graphics/wallclock/female.pal.gbapal 
tools/gbagfx/gbagfx graphics/battle_interface/ball_display.png graphics/battle_interface/ball_display.4bpp
tools/gbagfx/gbagfx graphics/wallclock/male.pal build/assets/graphics/wallclock/male.pal.gbapal 
tools/gbagfx/gbagfx graphics/battle_interface/expbar.png graphics/battle_interface/expbar.4bpp
tools/gbagfx/gbagfx graphics/battle_interface/healthbox_doubles_frameend.png graphics/battle_interface/healthbox_doubles_frameend.4bpp
tools/gbagfx/gbagfx graphics/battle_interface/healthbox_doubles_frameend_bar.png graphics/battle_interface/healthbox_doubles_frameend_bar.4bpp
tools/gbagfx/gbagfx graphics/battle_interface/hpbar.png graphics/battle_interface/hpbar.4bpp
tools/gbagfx/gbagfx graphics/battle_interface/hpbar_anim.png graphics/battle_interface/hpbar_anim.4bpp
tools/gbagfx/gbagfx graphics/battle_interface/misc.png graphics/battle_interface/misc.4bpp
tools/gbagfx/gbagfx graphics/battle_interface/misc_frameend.png graphics/battle_interface/misc_frameend.4bpp
tools/gbagfx/gbagfx graphics/battle_interface/status.png graphics/battle_interface/status.4bpp
tools/gbagfx/gbagfx graphics/battle_interface/status2.png graphics/battle_interface/status2.4bpp
tools/gbagfx/gbagfx graphics/battle_interface/status3.png graphics/battle_interface/status3.4bpp
tools/gbagfx/gbagfx graphics/battle_interface/status4.png graphics/battle_interface/status4.4bpp
tools/gbagfx/gbagfx graphics/battle_interface/textbox_0.pal graphics/battle_interface/textbox_0.gbapal
tools/gbagfx/gbagfx graphics/battle_interface/textbox_1.pal graphics/battle_interface/textbox_1.gbapal
tools/gbagfx/gbagfx graphics/title_screen/pokemon_logo.pal graphics/title_screen/pokemon_logo.gbapal -num_colors 224
tools/gbagfx/gbagfx graphics/title_screen/rayquaza_and_clouds.pal graphics/title_screen/rayquaza_and_clouds.gbapal
tools/gbagfx/gbagfx graphics/types/move_types_1.pal graphics/types/move_types_1.gbapal
tools/gbagfx/gbagfx graphics/types/move_types_2.pal graphics/types/move_types_2.gbapal
tools/gbagfx/gbagfx graphics/types/move_types_3.pal graphics/types/move_types_3.gbapal
tools/gbagfx/gbagfx graphics/unused/old_pal1.pal graphics/unused/old_pal1.gbapal
tools/gbagfx/gbagfx graphics/unused/old_pal2.pal graphics/unused/old_pal2.gbapal
tools/gbagfx/gbagfx graphics/unused/old_pal3.pal graphics/unused/old_pal3.gbapal
tools/gbagfx/gbagfx graphics/unused/old_pal5.pal graphics/unused/old_pal5.gbapal
tools/gbagfx/gbagfx graphics/unused/old_pal6.pal graphics/unused/old_pal6.gbapal
tools/gbagfx/gbagfx graphics/unused/old_pal7.pal graphics/unused/old_pal7.gbapal
/usr/lib/gcc/arm-none-eabi/14.2.1/cc1 -quiet <flags> -o build/emerald/src/gym_leader_rematch.o src/gym_leader_rematch.c
tools/gbagfx/gbagfx graphics/misc/japanese_hof.png build/assets/graphics/misc/japanese_hof.png.gbapal 
tools/gbagfx/gbagfx graphics/misc/japanese_hof.png build/assets/graphics/misc/japanese_hof.png_num_tiles_29__Wnum_tiles.4bpp -num_tiles 29 -Wnum_tiles
tools/gbagfx/gbagfx graphics/misc/hall_of_fame.png build/assets/graphics/misc/hall_of_fame.png.4bpp 
/usr/lib/gcc/arm-none-eabi/14.2.1/cc1 -quiet <flags> -o build/emerald/src/heal_location.o src/heal_location.c
tools/gbagfx/gbagfx graphics/misc/hall_of_fame.png build/assets/graphics/misc/hall_of_fame.png.gbapal 
/usr/lib/gcc/arm-none-eabi/14.2.1/cc1 -quiet <flags> -o build/emerald/src/hof_pc.o src/hof_pc.c
/usr/lib/gcc/arm-none-eabi/14.2.1/cc1 -quiet <flags> -o build/emerald/src/image_processing_effects.o src/image_processing_effects.c
/usr/lib/gcc/arm-none-eabi/14.2.1/cc1 -quiet <flags> -o build/emerald/src/international_string_util.o src/international_string_util.c
tools/gbagfx/gbagfx graphics/intro/scene_1/bg.png build/assets/graphics/intro/scene_1/bg.png.4bpp 
tools/gbagfx/gbagfx graphics/intro/scene_1/bg.png build/assets/graphics/intro/scene_1/bg.png.gbapal 
tools/compresSmol/compresSmolTilemap graphics/intro/scene_1/bg0_map.bin build/assets/graphics/intro/scene_1/bg0_map.bin.smolTM 
tools/compresSmol/compresSmolTilemap graphics/intro/scene_1/bg1_map.bin build/assets/graphics/intro/scene_1/bg1_map.bin.smolTM 
tools/compresSmol/compresSmolTilemap graphics/intro/scene_1/bg2_map.bin build/assets/graphics/intro/scene_1/bg2_map.bin.smolTM 
tools/compresSmol/compresSmolTilemap graphics/intro/scene_1/bg3_map.bin build/assets/graphics/intro/scene_1/bg3_map.bin.smolTM 
tools/gbagfx/gbagfx graphics/intro/scene_1/drops.pal build/assets/graphics/intro/scene_1/drops.pal.gbapal 
tools/gbagfx/gbagfx graphics/intro/scene_1/drops_logo.png build/assets/graphics/intro/scene_1/drops_logo.png.4bpp 
tools/gbagfx/gbagfx graphics/intro/scene_1/flygon.png build/assets/graphics/intro/scene_1/flygon.png.gbapal 
tools/gbagfx/gbagfx graphics/intro/scene_1/lati.png build/assets/graphics/intro/scene_1/lati.png.4bpp 
tools/gbagfx/gbagfx graphics/intro/scene_1/logo.pal build/assets/graphics/intro/scene_1/logo.pal.gbapal 
tools/gbagfx/gbagfx graphics/intro/scene_3/misc.pal build/assets/graphics/intro/scene_3/misc.pal.gbapal 
tools/gbagfx/gbagfx graphics/intro/scene_3/misc.png build/assets/graphics/intro/scene_3/misc.png.4bpp 
tools/gbagfx/gbagfx graphics/intro/scene_3/pokeball.png build/assets/graphics/intro/scene_3/pokeball.png.8bpp 
tools/gbagfx/gbagfx graphics/intro/scene_3/pokeball.png build/assets/graphics/intro/scene_3/pokeball.png.gbapal 
tools/compresSmol/compresSmolTilemap graphics/intro/scene_3/pokeball_map.bin build/assets/graphics/intro/scene_3/pokeball_map.bin.smolTM 
tools/gbagfx/gbagfx graphics/intro/scene_3/rayquaza_orb.pal build/assets/graphics/intro/scene_3/rayquaza_orb.pal.gbapal 
tools/gbagfx/gbagfx graphics/intro/scene_3/streaks.png build/assets/graphics/intro/scene_3/streaks.png.4bpp 
tools/gbagfx/gbagfx graphics/intro/scene_3/streaks.png build/assets/graphics/intro/scene_3/streaks.png.gbapal 
tools/compresSmol/compresSmolTilemap graphics/intro/scene_3/streaks_map.bin build/assets/graphics/intro/scene_3/streaks_map.bin.smolTM 
tools/gbagfx/gbagfx graphics/intro/scene_2/bicycle.png build/assets/graphics/intro/scene_2/bicycle.png.4bpp 
tools/gbagfx/gbagfx graphics/intro/scene_2/brendan_credits.png build/assets/graphics/intro/scene_2/brendan_credits.png.4bpp 
tools/gbagfx/gbagfx graphics/intro/scene_2/brendan_credits.png build/assets/graphics/intro/scene_2/brendan_credits.png.gbapal 
tools/gbagfx/gbagfx graphics/intro/scene_2/clouds.png build/assets/graphics/intro/scene_2/clouds.png.4bpp 
tools/gbagfx/gbagfx graphics/intro/scene_2/clouds.png build/assets/graphics/intro/scene_2/clouds.png.gbapal 
tools/gbagfx/gbagfx graphics/intro/scene_2/clouds_bg.pal build/assets/graphics/intro/scene_2/clouds_bg.pal.gbapal 
tools/gbagfx/gbagfx graphics/intro/scene_2/clouds_bg.png build/assets/graphics/intro/scene_2/clouds_bg.png.4bpp 
tools/compresSmol/compresSmolTilemap graphics/intro/scene_2/clouds_bg_map.bin build/assets/graphics/intro/scene_2/clouds_bg_map.bin.smolTM 
tools/gbagfx/gbagfx graphics/intro/scene_2/clouds_bg_sunset.pal build/assets/graphics/intro/scene_2/clouds_bg_sunset.pal.gbapal 
tools/gbagfx/gbagfx graphics/intro/scene_2/clouds_sunset.pal build/assets/graphics/intro/scene_2/clouds_sunset.pal.gbapal 
tools/gbagfx/gbagfx graphics/intro/scene_2/grass.png build/assets/graphics/intro/scene_2/grass.png.4bpp 
tools/gbagfx/gbagfx graphics/intro/scene_2/grass.png build/assets/graphics/intro/scene_2/grass.png.gbapal 
tools/compresSmol/compresSmolTilemap graphics/intro/scene_2/grass_map.bin build/assets/graphics/intro/scene_2/grass_map.bin.smolTM 
tools/gbagfx/gbagfx graphics/intro/scene_2/grass_night.pal build/assets/graphics/intro/scene_2/grass_night.pal.gbapal 
tools/gbagfx/gbagfx graphics/intro/scene_2/grass_sunset.pal build/assets/graphics/intro/scene_2/grass_sunset.pal.gbapal 
tools/gbagfx/gbagfx graphics/intro/scene_2/house_silhouette.png build/assets/graphics/intro/scene_2/house_silhouette.png.4bpp 
tools/gbagfx/gbagfx graphics/intro/scene_2/house_silhouette.png build/assets/graphics/intro/scene_2/house_silhouette.png.gbapal 
tools/gbagfx/gbagfx graphics/intro/scene_2/houses.pal build/assets/graphics/intro/scene_2/houses.pal.gbapal 
tools/gbagfx/gbagfx graphics/intro/scene_2/houses.png build/assets/graphics/intro/scene_2/houses.png.4bpp 
tools/compresSmol/compresSmolTilemap graphics/intro/scene_2/houses_map.bin build/assets/graphics/intro/scene_2/houses_map.bin.smolTM 
tools/gbagfx/gbagfx graphics/intro/scene_2/latias.png build/assets/graphics/intro/scene_2/latias.png.4bpp 
tools/gbagfx/gbagfx graphics/intro/scene_2/latias.png build/assets/graphics/intro/scene_2/latias.png.gbapal 
tools/gbagfx/gbagfx graphics/intro/scene_2/latios.png build/assets/graphics/intro/scene_2/latios.png.4bpp 
tools/gbagfx/gbagfx graphics/intro/scene_2/latios.png build/assets/graphics/intro/scene_2/latios.png.gbapal 
tools/gbagfx/gbagfx graphics/intro/scene_2/may_credits.png build/assets/graphics/intro/scene_2/may_credits.png.4bpp 
tools/gbagfx/gbagfx graphics/intro/scene_2/may_credits.png build/assets/graphics/intro/scene_2/may_credits.png.gbapal 
tools/gbagfx/gbagfx graphics/intro/scene_2/trees.png build/assets/graphics/intro/scene_2/trees.png.4bpp 
tools/gbagfx/gbagfx graphics/intro/scene_2/trees.png build/assets/graphics/intro/scene_2/trees.png.gbapal 
tools/compresSmol/compresSmolTilemap graphics/intro/scene_2/trees_map.bin build/assets/graphics/intro/scene_2/trees_map.bin.smolTM 
tools/gbagfx/gbagfx graphics/intro/scene_2/trees_small.png build/assets/graphics/intro/scene_2/trees_small.png.4bpp 
tools/gbagfx/gbagfx graphics/intro/scene_2/trees_small.png build/assets/graphics/intro/scene_2/trees_small.png.gbapal 
tools/gbagfx/gbagfx graphics/intro/scene_2/trees_sunset.pal build/assets/graphics/intro/scene_2/trees_sunset.pal.gbapal 
tools/gbagfx/gbagfx graphics/intro_frlg/copyright.pal build/assets/graphics/intro_frlg/copyright.pal.gbapal 
tools/gbagfx/gbagfx graphics/intro_frlg/copyright.png build/assets/graphics/intro_frlg/copyright.png.4bpp 
tools/gbagfx/gbagfx graphics/intro_frlg/game_freak/bg.pal build/assets/graphics/intro_frlg/game_freak/bg.pal.gbapal 
tools/gbagfx/gbagfx graphics/intro_frlg/game_freak/bg.png build/assets/graphics/intro_frlg/game_freak/bg.png.4bpp 
tools/gbagfx/gbagfx graphics/intro_frlg/game_freak/game_freak.png build/assets/graphics/intro_frlg/game_freak/game_freak.png.4bpp 
tools/gbagfx/gbagfx graphics/intro_frlg/game_freak/logo.png build/assets/graphics/intro_frlg/game_freak/logo.png.4bpp 
tools/gbagfx/gbagfx graphics/intro_frlg/game_freak/logo.png build/assets/graphics/intro_frlg/game_freak/logo.png.gbapal 
tools/gbagfx/gbagfx graphics/intro_frlg/game_freak/presents.png build/assets/graphics/intro_frlg/game_freak/presents.png.4bpp 
tools/gbagfx/gbagfx graphics/intro_frlg/game_freak/sparkles.pal build/assets/graphics/intro_frlg/game_freak/sparkles.pal.gbapal 
tools/gbagfx/gbagfx graphics/intro_frlg/game_freak/sparkles_big.png build/assets/graphics/intro_frlg/game_freak/sparkles_big.png.4bpp 
tools/gbagfx/gbagfx graphics/intro_frlg/game_freak/sparkles_small.png build/assets/graphics/intro_frlg/game_freak/sparkles_small.png.4bpp 
tools/gbagfx/gbagfx graphics/intro_frlg/game_freak/star.png build/assets/graphics/intro_frlg/game_freak/star.png.4bpp 
tools/gbagfx/gbagfx graphics/intro_frlg/game_freak/star.png build/assets/graphics/intro_frlg/game_freak/star.png.gbapal 
tools/gbagfx/gbagfx graphics/intro_frlg/gengar.pal build/assets/graphics/intro_frlg/gengar.pal.gbapal 
tools/gbagfx/gbagfx graphics/intro_frlg/nidorino.pal build/assets/graphics/intro_frlg/nidorino.pal.gbapal 
tools/gbagfx/gbagfx graphics/intro_frlg/scene_1/bg.png build/assets/graphics/intro_frlg/scene_1/bg.png.4bpp 
tools/gbagfx/gbagfx graphics/intro_frlg/scene_1/bg.png build/assets/graphics/intro_frlg/scene_1/bg.png.gbapal 
tools/gbagfx/gbagfx graphics/intro_frlg/scene_1/grass.png build/assets/graphics/intro_frlg/scene_1/grass.png.4bpp 
tools/gbagfx/gbagfx graphics/intro_frlg/scene_1/grass.png build/assets/graphics/intro_frlg/scene_1/grass.png.gbapal 
tools/gbagfx/gbagfx graphics/intro_frlg/scene_2/bg.pal build/assets/graphics/intro_frlg/scene_2/bg.pal.gbapal 
tools/gbagfx/gbagfx graphics/intro_frlg/scene_2/bg.png build/assets/graphics/intro_frlg/scene_2/bg.png.4bpp 
tools/gbagfx/gbagfx graphics/intro_frlg/scene_2/gengar.png build/assets/graphics/intro_frlg/scene_2/gengar.png.4bpp 
tools/gbagfx/gbagfx graphics/intro_frlg/scene_2/gengar_close.png build/assets/graphics/intro_frlg/scene_2/gengar_close.png.4bpp 
tools/gbagfx/gbagfx graphics/intro_frlg/scene_2/nidorino.png build/assets/graphics/intro_frlg/scene_2/nidorino.png.4bpp 
tools/gbagfx/gbagfx graphics/intro_frlg/scene_2/nidorino_close.pal build/assets/graphics/intro_frlg/scene_2/nidorino_close.pal.gbapal 
tools/gbagfx/gbagfx graphics/intro_frlg/scene_2/nidorino_close.png build/assets/graphics/intro_frlg/scene_2/nidorino_close.png.4bpp 
tools/gbagfx/gbagfx graphics/intro_frlg/scene_2/plants.png build/assets/graphics/intro_frlg/scene_2/plants.png.4bpp 
tools/gbagfx/gbagfx graphics/intro_frlg/scene_2/plants.png build/assets/graphics/intro_frlg/scene_2/plants.png.gbapal 
tools/gbagfx/gbagfx graphics/intro_frlg/scene_3/bg.pal build/assets/graphics/intro_frlg/scene_3/bg.pal.gbapal 
tools/gbagfx/gbagfx graphics/intro_frlg/scene_3/bg.png build/assets/graphics/intro_frlg/scene_3/bg.png.4bpp 
tools/gbagfx/gbagfx graphics/intro_frlg/scene_3/gengar_anim.png build/assets/graphics/intro_frlg/scene_3/gengar_anim.png.4bpp 
tools/gbagfx/gbagfx graphics/intro_frlg/scene_3/gengar_static.png build/assets/graphics/intro_frlg/scene_3/gengar_static.png.4bpp 
tools/gbagfx/gbagfx graphics/intro_frlg/scene_3/grass.png build/assets/graphics/intro_frlg/scene_3/grass.png.4bpp 
tools/gbagfx/gbagfx graphics/intro_frlg/scene_3/grass.png build/assets/graphics/intro_frlg/scene_3/grass.png.gbapal 
tools/gbagfx/gbagfx graphics/intro_frlg/scene_3/nidorino.png build/assets/graphics/intro_frlg/scene_3/nidorino.png.4bpp 
tools/gbagfx/gbagfx graphics/intro_frlg/scene_3/recoil_dust.png build/assets/graphics/intro_frlg/scene_3/recoil_dust.png.4bpp 
tools/compresSmol/compresSmolTilemap graphics/intro_frlg/copyright.bin graphics/intro_frlg/copyright.bin.smolTM
tools/compresSmol/compresSmolTilemap graphics/intro_frlg/game_freak/bg.bin graphics/intro_frlg/game_freak/bg.bin.smolTM
tools/gbagfx/gbagfx graphics/intro_frlg/scene_3/recoil_dust.png build/assets/graphics/intro_frlg/scene_3/recoil_dust.png.gbapal 
tools/gbagfx/gbagfx graphics/intro_frlg/scene_3/swipe.png build/assets/graphics/intro_frlg/scene_3/swipe.png.4bpp 
tools/compresSmol/compresSmolTilemap graphics/intro_frlg/scene_1/bg.bin graphics/intro_frlg/scene_1/bg.bin.smolTM
tools/compresSmol/compresSmolTilemap graphics/intro_frlg/scene_1/grass.bin graphics/intro_frlg/scene_1/grass.bin.smolTM
tools/gbagfx/gbagfx graphics/intro_frlg/scene_3/swipe.png build/assets/graphics/intro_frlg/scene_3/swipe.png.gbapal 
tools/compresSmol/compresSmolTilemap graphics/intro_frlg/scene_2/bg.bin graphics/intro_frlg/scene_2/bg.bin.smolTM
tools/compresSmol/compresSmolTilemap graphics/intro_frlg/scene_2/gengar_close.bin graphics/intro_frlg/scene_2/gengar_close.bin.smolTM
tools/compresSmol/compresSmolTilemap graphics/intro_frlg/scene_2/nidorino_close.bin graphics/intro_frlg/scene_2/nidorino_close.bin.smolTM
tools/compresSmol/compresSmolTilemap graphics/intro_frlg/scene_2/plants.bin graphics/intro_frlg/scene_2/plants.bin.smolTM
tools/compresSmol/compresSmolTilemap graphics/intro_frlg/scene_3/bg.bin graphics/intro_frlg/scene_3/bg.bin.smolTM
tools/compresSmol/compresSmolTilemap graphics/intro_frlg/scene_3/gengar_anim.bin graphics/intro_frlg/scene_3/gengar_anim.bin.smolTM
/usr/lib/gcc/arm-none-eabi/14.2.1/cc1 -quiet <flags> -o build/emerald/src/io_reg.o src/io_reg.c
/usr/lib/gcc/arm-none-eabi/14.2.1/cc1 -quiet <flags> -o build/emerald/src/item.o src/item.c
/usr/lib/gcc/arm-none-eabi/14.2.1/cc1 -quiet <flags> -o build/emerald/src/item_ball.o src/item_ball.c
/usr/lib/gcc/arm-none-eabi/14.2.1/cc1 -quiet <flags> -o build/emerald/src/item_icon.o src/item_icon.c
tools/gbagfx/gbagfx graphics/bag/select_button.png build/assets/graphics/bag/select_button.png.4bpp 
tools/gbagfx/gbagfx graphics/bag/rotating_ball.png build/assets/graphics/bag/rotating_ball.png.4bpp 
tools/gbagfx/gbagfx graphics/bag/rotating_ball.png build/assets/graphics/bag/rotating_ball.png.gbapal 
/usr/lib/gcc/arm-none-eabi/14.2.1/cc1 -quiet <flags> -o build/emerald/src/item_use.o src/item_use.c
tools/gbagfx/gbagfx graphics/unused/cherry.png build/assets/graphics/unused/cherry.png.4bpp 
/usr/lib/gcc/arm-none-eabi/14.2.1/cc1 -quiet <flags> -o build/emerald/src/landmark.o src/landmark.c
tools/gbagfx/gbagfx graphics/unused/cherry.png build/assets/graphics/unused/cherry.png.gbapal 
/usr/lib/gcc/arm-none-eabi/14.2.1/cc1 -quiet <flags> -o build/emerald/src/libisagbprn.o src/libisagbprn.c
/usr/lib/gcc/arm-none-eabi/14.2.1/cc1 -quiet <flags> -o build/emerald/src/librfu_intr.o src/librfu_intr.c
/usr/lib/gcc/arm-none-eabi/14.2.1/cc1 -quiet <flags> -o build/emerald/src/librfu_rfu.o src/librfu_rfu.c
/usr/lib/gcc/arm-none-eabi/14.2.1/cc1 -quiet <flags> -o build/emerald/src/librfu_sio32id.o src/librfu_sio32id.c
/usr/lib/gcc/arm-none-eabi/14.2.1/cc1 -quiet <flags> -o build/emerald/src/librfu_stwi.o src/librfu_stwi.c
/usr/lib/gcc/arm-none-eabi/14.2.1/cc1 -quiet <flags> -o build/emerald/src/lilycove_lady.o src/lilycove_lady.c
/usr/lib/gcc/arm-none-eabi/14.2.1/cc1 -quiet <flags> -o build/emerald/src/line_break.o src/line_break.c
tools/gbagfx/gbagfx graphics/link/comm_error_bg.png build/assets/graphics/link/comm_error_bg.png.4bpp 
tools/gbagfx/gbagfx graphics/link/test_digits.png build/assets/graphics/link/test_digits.png.4bpp 
tools/gbagfx/gbagfx graphics/link/test_digits.png build/assets/graphics/link/test_digits.png.gbapal 
/usr/lib/gcc/arm-none-eabi/14.2.1/cc1 -quiet <flags> -o build/emerald/src/link_rfu_2.o src/link_rfu_2.c
tools/compresSmol/compresSmolTilemap graphics/link/wireless_display.bin build/assets/graphics/link/wireless_display.bin.smolTM 
tools/gbagfx/gbagfx graphics/link/wireless_display.png build/assets/graphics/link/wireless_display.png.4bpp 
tools/gbagfx/gbagfx graphics/link/wireless_display.png build/assets/graphics/link/wireless_display.png.gbapal 
tools/gbagfx/gbagfx graphics/link/wireless_icon.png build/assets/graphics/link/wireless_icon.png.4bpp 
tools/gbagfx/gbagfx graphics/link/wireless_icon.png build/assets/graphics/link/wireless_icon.png.gbapal 
tools/gbagfx/gbagfx graphics/interface/arrow_cursor.png build/assets/graphics/interface/arrow_cursor.png.4bpp 
tools/gbagfx/gbagfx graphics/interface/outline_cursor.png build/assets/graphics/interface/outline_cursor.png_num_tiles_8__Wnum_tiles.4bpp -num_tiles 8 -Wnum_tiles
/usr/lib/gcc/arm-none-eabi/14.2.1/cc1 -quiet <flags> -o build/emerald/src/load_save.o src/load_save.c
/usr/lib/gcc/arm-none-eabi/14.2.1/cc1 -quiet <flags> -o build/emerald/src/lottery_corner.o src/lottery_corner.c
tools/gbagfx/gbagfx graphics/interface/red.pal build/assets/graphics/interface/red.pal.gbapal 
/usr/lib/gcc/arm-none-eabi/14.2.1/cc1 -quiet <flags> -o build/emerald/src/m4a.o src/m4a.c
tools/gbagfx/gbagfx graphics/interface/scroll_indicator.png build/assets/graphics/interface/scroll_indicator.png.4bpp 
/usr/lib/gcc/arm-none-eabi/14.2.1/cc1 -quiet <flags> -o build/emerald/src/m4a_tables.o src/m4a_tables.c
/usr/lib/gcc/arm-none-eabi/14.2.1/cc1 -quiet <flags> -o build/emerald/src/mail.o src/mail.c
/usr/lib/gcc/arm-none-eabi/14.2.1/cc1 -quiet <flags> -o build/emerald/src/mail_data.o src/mail_data.c
/usr/lib/gcc/arm-none-eabi/14.2.1/cc1 -quiet <flags> -o build/emerald/src/main.o src/main.c
tools/gbagfx/gbagfx graphics/birch_speech/bg0.pal build/assets/graphics/birch_speech/bg0.pal.gbapal 
tools/gbagfx/gbagfx graphics/birch_speech/bg1.pal build/assets/graphics/birch_speech/bg1.pal.gbapal 
/usr/lib/gcc/arm-none-eabi/14.2.1/cc1 -quiet <flags> -o build/emerald/src/malloc.o src/malloc.c
tools/gbagfx/gbagfx graphics/birch_speech/bg2.pal build/assets/graphics/birch_speech/bg2.pal.gbapal 
tools/compresSmol/compresSmolTilemap graphics/birch_speech/map.bin build/assets/graphics/birch_speech/map.bin.smolTM 
tools/gbagfx/gbagfx graphics/interface/main_menu_bg.pal build/assets/graphics/interface/main_menu_bg.pal.gbapal 
tools/gbagfx/gbagfx graphics/birch_speech/shadow.png build/assets/graphics/birch_speech/shadow.png.4bpp 
tools/gbagfx/gbagfx graphics/interface/main_menu_text.pal build/assets/graphics/interface/main_menu_text.pal.gbapal 
tools/gbagfx/gbagfx graphics/map_popup/brick.png build/assets/graphics/map_popup/brick.png.4bpp 
tools/gbagfx/gbagfx graphics/map_popup/brick_outline.png build/assets/graphics/map_popup/brick_outline.png.4bpp 
tools/gbagfx/gbagfx graphics/map_popup/brick_outline.png build/assets/graphics/map_popup/brick_outline.png.gbapal 
tools/gbagfx/gbagfx graphics/map_popup/bw/bw_primary.png build/assets/graphics/map_popup/bw/bw_primary.png.4bpp 
tools/gbagfx/gbagfx graphics/map_popup/bw/black.pal build/assets/graphics/map_popup/bw/black.pal.gbapal 
tools/gbagfx/gbagfx graphics/map_popup/bw/bw_secondary.png build/assets/graphics/map_popup/bw/bw_secondary.png.4bpp 
tools/gbagfx/gbagfx graphics/map_popup/marble.png build/assets/graphics/map_popup/marble.png.4bpp 
tools/gbagfx/gbagfx graphics/map_popup/marble_outline.png build/assets/graphics/map_popup/marble_outline.png.4bpp 
tools/gbagfx/gbagfx graphics/map_popup/marble_outline.png build/assets/graphics/map_popup/marble_outline.png.gbapal 
tools/gbagfx/gbagfx graphics/map_popup/stone.png build/assets/graphics/map_popup/stone.png.4bpp 
tools/gbagfx/gbagfx graphics/map_popup/stone2.png build/assets/graphics/map_popup/stone2.png.4bpp 
tools/gbagfx/gbagfx graphics/map_popup/stone2_outline.png build/assets/graphics/map_popup/stone2_outline.png.4bpp 
tools/gbagfx/gbagfx graphics/map_popup/bw/white.pal build/assets/graphics/map_popup/bw/white.pal.gbapal 
tools/gbagfx/gbagfx graphics/map_popup/stone2_outline.png build/assets/graphics/map_popup/stone2_outline.png.gbapal 
tools/gbagfx/gbagfx graphics/map_popup/stone_outline.png build/assets/graphics/map_popup/stone_outline.png.4bpp 
tools/gbagfx/gbagfx graphics/map_popup/stone_outline.png build/assets/graphics/map_popup/stone_outline.png.gbapal 
tools/gbagfx/gbagfx graphics/map_popup/underwater.pal build/assets/graphics/map_popup/underwater.pal.gbapal 
tools/gbagfx/gbagfx graphics/map_popup/underwater.png build/assets/graphics/map_popup/underwater.png.4bpp 
tools/gbagfx/gbagfx graphics/map_popup/underwater_outline.png build/assets/graphics/map_popup/underwater_outline.png.4bpp 
tools/gbagfx/gbagfx graphics/map_popup/underwater_outline.png build/assets/graphics/map_popup/underwater_outline.png.gbapal 
tools/gbagfx/gbagfx graphics/map_popup/wood.png build/assets/graphics/map_popup/wood.png.4bpp 
tools/gbagfx/gbagfx graphics/map_popup/wood.png build/assets/graphics/map_popup/wood.png.gbapal 
tools/gbagfx/gbagfx graphics/map_popup/wood_outline.png build/assets/graphics/map_popup/wood_outline.png.4bpp 
tools/gbagfx/gbagfx graphics/map_preview/altering_cave/tiles.png build/assets/graphics/map_preview/altering_cave/tiles.png.gbapal 
tools/gbagfx/gbagfx graphics/map_preview/berry_forest/tiles.png build/assets/graphics/map_preview/berry_forest/tiles.png.gbapal 
tools/gbagfx/gbagfx graphics/map_preview/berry_forest/tiles.png build/assets/graphics/map_preview/berry_forest/tiles.png.4bpp 
tools/gbagfx/gbagfx graphics/map_preview/altering_cave/tiles.png build/assets/graphics/map_preview/altering_cave/tiles.png.4bpp 
tools/gbagfx/gbagfx graphics/map_preview/cerulean_cave/tiles.png build/assets/graphics/map_preview/cerulean_cave/tiles.png.4bpp 
tools/gbagfx/gbagfx graphics/map_preview/cerulean_cave/tiles.png build/assets/graphics/map_preview/cerulean_cave/tiles.png.gbapal 
tools/gbagfx/gbagfx graphics/map_preview/digletts_cave/tiles.png build/assets/graphics/map_preview/digletts_cave/tiles.png.4bpp 
tools/gbagfx/gbagfx graphics/map_preview/dotted_hole/tiles.png build/assets/graphics/map_preview/dotted_hole/tiles.png.4bpp 
tools/gbagfx/gbagfx graphics/map_preview/digletts_cave/tiles.png build/assets/graphics/map_preview/digletts_cave/tiles.png.gbapal 
tools/gbagfx/gbagfx graphics/map_preview/dotted_hole/tiles.png build/assets/graphics/map_preview/dotted_hole/tiles.png.gbapal 
tools/gbagfx/gbagfx graphics/map_preview/lost_cave/tiles.png build/assets/graphics/map_preview/lost_cave/tiles.png.gbapal 
tools/gbagfx/gbagfx graphics/map_preview/lost_cave/tiles.png build/assets/graphics/map_preview/lost_cave/tiles.png.4bpp 
tools/gbagfx/gbagfx graphics/map_preview/icefall_cave/tiles.png build/assets/graphics/map_preview/icefall_cave/tiles.png.4bpp 
tools/gbagfx/gbagfx graphics/map_preview/icefall_cave/tiles.png build/assets/graphics/map_preview/icefall_cave/tiles.png.gbapal 
tools/gbagfx/gbagfx graphics/map_preview/monean_chamber/tiles.png build/assets/graphics/map_preview/monean_chamber/tiles.png.4bpp 
tools/gbagfx/gbagfx graphics/map_preview/mt_ember/tiles.png build/assets/graphics/map_preview/mt_ember/tiles.png.gbapal 
tools/gbagfx/gbagfx graphics/map_preview/monean_chamber/tiles.png build/assets/graphics/map_preview/monean_chamber/tiles.png.gbapal 
tools/gbagfx/gbagfx graphics/map_preview/mt_ember/tiles.png build/assets/graphics/map_preview/mt_ember/tiles.png.4bpp 
tools/gbagfx/gbagfx graphics/map_preview/mt_moon/tiles.png build/assets/graphics/map_preview/mt_moon/tiles.png.4bpp 
tools/gbagfx/gbagfx graphics/map_preview/mt_moon/tiles.png build/assets/graphics/map_preview/mt_moon/tiles.png.gbapal 
tools/gbagfx/gbagfx graphics/map_preview/pokemon_mansion/tiles.png build/assets/graphics/map_preview/pokemon_mansion/tiles.png.4bpp 
tools/gbagfx/gbagfx graphics/map_preview/pokemon_tower/tiles.png build/assets/graphics/map_preview/pokemon_tower/tiles.png.4bpp 
tools/gbagfx/gbagfx graphics/map_preview/pokemon_tower/tiles.png build/assets/graphics/map_preview/pokemon_tower/tiles.png.gbapal 
tools/gbagfx/gbagfx graphics/map_preview/pokemon_mansion/tiles.png build/assets/graphics/map_preview/pokemon_mansion/tiles.png.gbapal 
tools/gbagfx/gbagfx graphics/map_preview/power_plant/tiles.png build/assets/graphics/map_preview/power_plant/tiles.png.4bpp 
tools/gbagfx/gbagfx graphics/map_preview/power_plant/tiles.png build/assets/graphics/map_preview/power_plant/tiles.png.gbapal 
tools/gbagfx/gbagfx graphics/map_preview/rock_tunnel/tiles.png build/assets/graphics/map_preview/rock_tunnel/tiles.png.4bpp 
tools/gbagfx/gbagfx graphics/map_preview/rock_tunnel/tiles.png build/assets/graphics/map_preview/rock_tunnel/tiles.png.gbapal 
tools/gbagfx/gbagfx graphics/map_preview/rocket_hideout/tiles.png build/assets/graphics/map_preview/rocket_hideout/tiles.png.4bpp 
tools/gbagfx/gbagfx graphics/map_preview/rocket_hideout/tiles.png build/assets/graphics/map_preview/rocket_hideout/tiles.png.gbapal 
tools/gbagfx/gbagfx graphics/map_preview/rocket_warehouse/tiles.png build/assets/graphics/map_preview/rocket_warehouse/tiles.png.4bpp 
tools/gbagfx/gbagfx graphics/map_preview/rocket_warehouse/tiles.png build/assets/graphics/map_preview/rocket_warehouse/tiles.png.gbapal 
tools/gbagfx/gbagfx graphics/map_preview/safari_zone/tiles.png build/assets/graphics/map_preview/safari_zone/tiles.png.4bpp 
tools/gbagfx/gbagfx graphics/map_preview/safari_zone/tiles.png build/assets/graphics/map_preview/safari_zone/tiles.png.gbapal 
tools/gbagfx/gbagfx graphics/map_preview/seafoam_islands/tiles.png build/assets/graphics/map_preview/seafoam_islands/tiles.png.gbapal 
tools/gbagfx/gbagfx graphics/map_preview/seafoam_islands/tiles.png build/assets/graphics/map_preview/seafoam_islands/tiles.png.4bpp 
tools/compresSmol/compresSmolTilemap graphics/map_preview/altering_cave/tilemap.bin graphics/map_preview/altering_cave/tilemap.bin.smolTM
tools/gbagfx/gbagfx graphics/map_preview/silph_co/tiles.png build/assets/graphics/map_preview/silph_co/tiles.png.4bpp 
tools/compresSmol/compresSmolTilemap graphics/map_preview/berry_forest/tilemap.bin graphics/map_preview/berry_forest/tilemap.bin.smolTM
tools/gbagfx/gbagfx graphics/map_preview/victory_road/tiles.png build/assets/graphics/map_preview/victory_road/tiles.png.4bpp 
tools/gbagfx/gbagfx graphics/map_preview/viridian_forest/tiles.png build/assets/graphics/map_preview/viridian_forest/tiles.png.4bpp 
tools/compresSmol/compresSmolTilemap graphics/map_preview/cerulean_cave/tilemap.bin graphics/map_preview/cerulean_cave/tilemap.bin.smolTM
tools/gbagfx/gbagfx graphics/map_preview/silph_co/tiles.png build/assets/graphics/map_preview/silph_co/tiles.png.gbapal 
tools/gbagfx/gbagfx graphics/map_preview/victory_road/tiles.png build/assets/graphics/map_preview/victory_road/tiles.png.gbapal 
tools/compresSmol/compresSmolTilemap graphics/map_preview/digletts_cave/tilemap.bin graphics/map_preview/digletts_cave/tilemap.bin.smolTM
tools/gbagfx/gbagfx graphics/map_preview/viridian_forest/tiles.png build/assets/graphics/map_preview/viridian_forest/tiles.png.gbapal 
tools/compresSmol/compresSmolTilemap graphics/map_preview/dotted_hole/tilemap.bin graphics/map_preview/dotted_hole/tilemap.bin.smolTM
tools/compresSmol/compresSmolTilemap graphics/map_preview/icefall_cave/tilemap.bin graphics/map_preview/icefall_cave/tilemap.bin.smolTM
tools/compresSmol/compresSmolTilemap graphics/map_preview/lost_cave/tilemap.bin graphics/map_preview/lost_cave/tilemap.bin.smolTM
tools/compresSmol/compresSmolTilemap graphics/map_preview/monean_chamber/tilemap.bin graphics/map_preview/monean_chamber/tilemap.bin.smolTM
tools/compresSmol/compresSmolTilemap graphics/map_preview/mt_ember/tilemap.bin graphics/map_preview/mt_ember/tilemap.bin.smolTM
tools/compresSmol/compresSmolTilemap graphics/map_preview/mt_moon/tilemap.bin graphics/map_preview/mt_moon/tilemap.bin.smolTM
tools/compresSmol/compresSmolTilemap graphics/map_preview/pokemon_mansion/tilemap.bin graphics/map_preview/pokemon_mansion/tilemap.bin.smolTM
tools/compresSmol/compresSmolTilemap graphics/map_preview/pokemon_tower/tilemap.bin graphics/map_preview/pokemon_tower/tilemap.bin.smolTM
tools/compresSmol/compresSmolTilemap graphics/map_preview/power_plant/tilemap.bin graphics/map_preview/power_plant/tilemap.bin.smolTM
tools/compresSmol/compresSmolTilemap graphics/map_preview/rock_tunnel/tilemap.bin graphics/map_preview/rock_tunnel/tilemap.bin.smolTM
tools/compresSmol/compresSmolTilemap graphics/map_preview/rocket_hideout/tilemap.bin graphics/map_preview/rocket_hideout/tilemap.bin.smolTM
tools/compresSmol/compresSmolTilemap graphics/map_preview/rocket_warehouse/tilemap.bin graphics/map_preview/rocket_warehouse/tilemap.bin.smolTM
tools/compresSmol/compresSmolTilemap graphics/map_preview/safari_zone/tilemap.bin graphics/map_preview/safari_zone/tilemap.bin.smolTM
tools/compresSmol/compresSmolTilemap graphics/map_preview/seafoam_islands/tilemap.bin graphics/map_preview/seafoam_islands/tilemap.bin.smolTM
tools/compresSmol/compresSmolTilemap graphics/map_preview/silph_co/tilemap.bin graphics/map_preview/silph_co/tilemap.bin.smolTM
tools/compresSmol/compresSmolTilemap graphics/map_preview/victory_road/tilemap.bin graphics/map_preview/victory_road/tilemap.bin.smolTM
tools/compresSmol/compresSmolTilemap graphics/map_preview/viridian_forest/tilemap.bin graphics/map_preview/viridian_forest/tilemap.bin.smolTM
/usr/lib/gcc/arm-none-eabi/14.2.1/cc1 -quiet <flags> -o build/emerald/src/mauville_old_man.o src/mauville_old_man.c
/usr/lib/gcc/arm-none-eabi/14.2.1/cc1 -quiet <flags> -o build/emerald/src/math_util.o src/math_util.c
/usr/lib/gcc/arm-none-eabi/14.2.1/cc1 -quiet <flags> -o build/emerald/src/menu_helpers.o src/menu_helpers.c
tools/gbagfx/gbagfx graphics/pokenav/match_call/nav_icon.png build/assets/graphics/pokenav/match_call/nav_icon.png.4bpp 
tools/gbagfx/gbagfx graphics/pokenav/match_call/nav_icon.png build/assets/graphics/pokenav/match_call/nav_icon.png.gbapal 
tools/gbagfx/gbagfx graphics/pokenav/match_call/window.png build/assets/graphics/pokenav/match_call/window.png.4bpp 
tools/gbagfx/gbagfx graphics/interface/hof_pc_topbar.pal build/assets/graphics/interface/hof_pc_topbar.pal.gbapal 
tools/gbagfx/gbagfx graphics/pokenav/match_call/window.png build/assets/graphics/pokenav/match_call/window.png.gbapal 
tools/gbagfx/gbagfx graphics/interface/std_menu.pal build/assets/graphics/interface/std_menu.pal.gbapal 
tools/gbagfx/gbagfx graphics/pokenav/condition/pokeball.png build/assets/graphics/pokenav/condition/pokeball.png.4bpp 
tools/gbagfx/gbagfx graphics/pokenav/condition/pokeball_placeholder.png build/assets/graphics/pokenav/condition/pokeball_placeholder.png.4bpp 
/usr/lib/gcc/arm-none-eabi/14.2.1/cc1 -quiet <flags> -o build/emerald/src/mini_printf.o src/mini_printf.c
/usr/lib/gcc/arm-none-eabi/14.2.1/cc1 -quiet <flags> -o build/emerald/src/metatile_behavior.o src/metatile_behavior.c
tools/gbagfx/gbagfx graphics/pokenav/condition/sparkle.png build/assets/graphics/pokenav/condition/sparkle.png.4bpp 
tools/gbagfx/gbagfx graphics/pokenav/condition/sparkle.png build/assets/graphics/pokenav/condition/sparkle.png.gbapal 
tools/gbagfx/gbagfx graphics/link/321start.png build/assets/graphics/link/321start.png.4bpp 
tools/gbagfx/gbagfx graphics/link/321start.png build/assets/graphics/link/321start.png.gbapal 
tools/gbagfx/gbagfx graphics/link/321start_static.png build/assets/graphics/link/321start_static.png.4bpp 
tools/gbagfx/gbagfx graphics/link/321start_static.png build/assets/graphics/link/321start_static.png.gbapal 
tools/gbagfx/gbagfx graphics/misc/mirage_tower.png build/assets/graphics/misc/mirage_tower.png_num_tiles_73__Wnum_tiles.4bpp -num_tiles 73 -Wnum_tiles
tools/gbagfx/gbagfx graphics/misc/mirage_tower_crumbles.png build/assets/graphics/misc/mirage_tower_crumbles.png.4bpp 
tools/gbagfx/gbagfx graphics/misc/mirage_tower_crumbles.png build/assets/graphics/misc/mirage_tower_crumbles.png.gbapal 
/usr/lib/gcc/arm-none-eabi/14.2.1/cc1 -quiet <flags> -o build/emerald/src/money.o src/money.c
tools/gbagfx/gbagfx graphics/interface/mon_markings.png build/assets/graphics/interface/mon_markings.png.4bpp 
/usr/lib/gcc/arm-none-eabi/14.2.1/cc1 -quiet <flags> -o build/emerald/src/move.o src/move.c
tools/gbagfx/gbagfx graphics/interface/mon_markings.png build/assets/graphics/interface/mon_markings.png.gbapal 
/usr/lib/gcc/arm-none-eabi/14.2.1/cc1 -quiet <flags> -o build/emerald/src/multiboot.o src/multiboot.c
/usr/lib/gcc/arm-none-eabi/14.2.1/cc1 -quiet <flags> -o build/emerald/src/mystery_event_msg.o src/mystery_event_msg.c
tools/gbagfx/gbagfx graphics/interface/ui_learn_move.png build/assets/graphics/interface/ui_learn_move.png.4bpp 
/usr/lib/gcc/arm-none-eabi/14.2.1/cc1 -quiet <flags> -o build/emerald/src/mystery_event_menu.o src/mystery_event_menu.c
/usr/lib/gcc/arm-none-eabi/14.2.1/cc1 -quiet <flags> -o build/emerald/src/mystery_event_script.o src/mystery_event_script.c
tools/gbagfx/gbagfx graphics/object_events/pics/misc/fossil.png build/assets/graphics/object_events/pics/misc/fossil.png.gbapal 
/usr/lib/gcc/arm-none-eabi/14.2.1/cc1 -quiet <flags> -o build/emerald/src/mystery_gift.o src/mystery_gift.c
/usr/lib/gcc/arm-none-eabi/14.2.1/cc1 -quiet <flags> -o build/emerald/src/mystery_gift_link.o src/mystery_gift_link.c
/usr/lib/gcc/arm-none-eabi/14.2.1/cc1 -quiet <flags> -o build/emerald/src/mystery_gift_client.o src/mystery_gift_client.c
tools/gbagfx/gbagfx graphics/interface/ui_learn_move.png build/assets/graphics/interface/ui_learn_move.png.gbapal 
tools/gbagfx/gbagfx graphics/interface/mystery_gift_textbox_border.png build/assets/graphics/interface/mystery_gift_textbox_border.png.4bpp 
/usr/lib/gcc/arm-none-eabi/14.2.1/cc1 -quiet <flags> -o build/emerald/src/mystery_gift_scripts.o src/mystery_gift_scripts.c
/usr/lib/gcc/arm-none-eabi/14.2.1/cc1 -quiet <flags> -o build/emerald/src/mystery_gift_server.o src/mystery_gift_server.c
tools/gbagfx/gbagfx graphics/interface/mystery_gift_textbox_border.png build/assets/graphics/interface/mystery_gift_textbox_border.png.gbapal 
tools/compresSmol/compresSmolTilemap graphics/wonder_card/bg1.bin build/assets/graphics/wonder_card/bg1.bin.smolTM 
tools/gbagfx/gbagfx graphics/wonder_card/bg1.png build/assets/graphics/wonder_card/bg1.png.4bpp 
tools/gbagfx/gbagfx graphics/wonder_card/bg1.png build/assets/graphics/wonder_card/bg1.png.gbapal 
tools/compresSmol/compresSmolTilemap graphics/wonder_card/bg2.bin build/assets/graphics/wonder_card/bg2.bin.smolTM 
tools/gbagfx/gbagfx graphics/wonder_card/bg2.png build/assets/graphics/wonder_card/bg2.png.4bpp 
tools/gbagfx/gbagfx graphics/wonder_card/bg2.png build/assets/graphics/wonder_card/bg2.png.gbapal 
tools/gbagfx/gbagfx graphics/wonder_card/bg3.png build/assets/graphics/wonder_card/bg3.png.4bpp 
tools/compresSmol/compresSmolTilemap graphics/wonder_card/bg3.bin build/assets/graphics/wonder_card/bg3.bin.smolTM 
tools/gbagfx/gbagfx graphics/wonder_card/bg4.png build/assets/graphics/wonder_card/bg4.png.gbapal 
tools/gbagfx/gbagfx graphics/wonder_card/bg3.png build/assets/graphics/wonder_card/bg3.png.gbapal 
tools/gbagfx/gbagfx graphics/wonder_card/bg5.png build/assets/graphics/wonder_card/bg5.png.gbapal 
tools/gbagfx/gbagfx graphics/wonder_card/bg6.png build/assets/graphics/wonder_card/bg6.png.gbapal 
tools/compresSmol/compresSmolTilemap graphics/wonder_card/bg7.bin build/assets/graphics/wonder_card/bg7.bin.smolTM 
tools/compresSmol/compresSmolTilemap graphics/wonder_card/bg8.bin build/assets/graphics/wonder_card/bg8.bin.smolTM 
tools/gbagfx/gbagfx graphics/wonder_card/bg7.png build/assets/graphics/wonder_card/bg7.png.4bpp 
tools/gbagfx/gbagfx graphics/wonder_card/bg7.png build/assets/graphics/wonder_card/bg7.png.gbapal 
tools/gbagfx/gbagfx graphics/wonder_card/bg8.png build/assets/graphics/wonder_card/bg8.png.4bpp 
tools/gbagfx/gbagfx graphics/wonder_card/bg8.png build/assets/graphics/wonder_card/bg8.png.gbapal 
tools/gbagfx/gbagfx graphics/wonder_card/stamp_shadow.png build/assets/graphics/wonder_card/stamp_shadow.png.4bpp 
tools/gbagfx/gbagfx graphics/wonder_card/stamp_shadow_1.pal build/assets/graphics/wonder_card/stamp_shadow_1.pal.gbapal 
tools/gbagfx/gbagfx graphics/wonder_card/stamp_shadow_2.pal build/assets/graphics/wonder_card/stamp_shadow_2.pal.gbapal 
tools/gbagfx/gbagfx graphics/wonder_card/stamp_shadow_3.pal build/assets/graphics/wonder_card/stamp_shadow_3.pal.gbapal 
tools/gbagfx/gbagfx graphics/wonder_card/stamp_shadow_4.pal build/assets/graphics/wonder_card/stamp_shadow_4.pal.gbapal 
tools/gbagfx/gbagfx graphics/wonder_card/stamp_shadow_5.pal build/assets/graphics/wonder_card/stamp_shadow_5.pal.gbapal 
tools/gbagfx/gbagfx graphics/wonder_card/stamp_shadow_6.pal build/assets/graphics/wonder_card/stamp_shadow_6.pal.gbapal 
tools/gbagfx/gbagfx graphics/wonder_card/stamp_shadow_7.pal build/assets/graphics/wonder_card/stamp_shadow_7.pal.gbapal 
tools/gbagfx/gbagfx graphics/wonder_card/stamp_shadow_8.pal build/assets/graphics/wonder_card/stamp_shadow_8.pal.gbapal 
tools/compresSmol/compresSmolTilemap graphics/wonder_news/bg1.bin build/assets/graphics/wonder_news/bg1.bin.smolTM 
tools/gbagfx/gbagfx graphics/wonder_news/bg1.png build/assets/graphics/wonder_news/bg1.png.4bpp 
tools/gbagfx/gbagfx graphics/wonder_news/bg1.png build/assets/graphics/wonder_news/bg1.png.gbapal 
tools/compresSmol/compresSmolTilemap graphics/wonder_news/bg2.bin build/assets/graphics/wonder_news/bg2.bin.smolTM 
tools/gbagfx/gbagfx graphics/wonder_news/bg2.png build/assets/graphics/wonder_news/bg2.png.4bpp 
tools/compresSmol/compresSmolTilemap graphics/wonder_news/bg3.bin build/assets/graphics/wonder_news/bg3.bin.smolTM 
tools/gbagfx/gbagfx graphics/wonder_news/bg3.png build/assets/graphics/wonder_news/bg3.png.4bpp 
tools/compresSmol/compresSmolTilemap graphics/wonder_news/bg7.bin build/assets/graphics/wonder_news/bg7.bin.smolTM 
tools/gbagfx/gbagfx graphics/wonder_news/bg7.png build/assets/graphics/wonder_news/bg7.png.4bpp 
tools/gbagfx/gbagfx graphics/wonder_news/bg7.png build/assets/graphics/wonder_news/bg7.png.gbapal 
tools/compresSmol/compresSmolTilemap graphics/wonder_news/bg8.bin build/assets/graphics/wonder_news/bg8.bin.smolTM 
tools/gbagfx/gbagfx graphics/wonder_news/bg8.png build/assets/graphics/wonder_news/bg8.png.4bpp 
tools/gbagfx/gbagfx graphics/wonder_news/bg8.png build/assets/graphics/wonder_news/bg8.png.gbapal 
tools/gbagfx/gbagfx graphics/naming_screen/keyboard.pal build/assets/graphics/naming_screen/keyboard.pal.gbapal 
tools/gbagfx/gbagfx graphics/naming_screen/pc_icon_off.png build/assets/graphics/naming_screen/pc_icon_off.png.4bpp 
tools/gbagfx/gbagfx graphics/naming_screen/pc_icon_on.png build/assets/graphics/naming_screen/pc_icon_on.png.4bpp 
tools/gbagfx/gbagfx graphics/naming_screen/rival.pal build/assets/graphics/naming_screen/rival.pal.gbapal 
/usr/lib/gcc/arm-none-eabi/14.2.1/cc1 -quiet <flags> -o build/emerald/src/new_game.o src/new_game.c
tools/gbagfx/gbagfx graphics/naming_screen/rival.png build/assets/graphics/naming_screen/rival.png.4bpp 
tools/gbagfx/gbagfx graphics/oak_speech/bg_tiles.png build/assets/graphics/oak_speech/bg_tiles.png.4bpp 
tools/gbagfx/gbagfx graphics/oak_speech/bg_tiles.png build/assets/graphics/oak_speech/bg_tiles.png.gbapal 
tools/gbagfx/gbagfx graphics/oak_speech/leaf/pal.pal build/assets/graphics/oak_speech/leaf/pal.pal.gbapal 
tools/gbagfx/gbagfx graphics/oak_speech/leaf/pic.png build/assets/graphics/oak_speech/leaf/pic.png.8bpp 
tools/compresSmol/compresSmolTilemap graphics/oak_speech/oak_speech_bg.bin build/assets/graphics/oak_speech/oak_speech_bg.bin.smolTM 
tools/gbagfx/gbagfx graphics/oak_speech/oak_speech_bg.png build/assets/graphics/oak_speech/oak_speech_bg.png.4bpp 
tools/gbagfx/gbagfx graphics/oak_speech/oak/pal.pal build/assets/graphics/oak_speech/oak/pal.pal.gbapal 
tools/gbagfx/gbagfx graphics/oak_speech/pikachu_intro/body.png build/assets/graphics/oak_speech/pikachu_intro/body.png.4bpp 
tools/gbagfx/gbagfx graphics/oak_speech/oak/pic.png build/assets/graphics/oak_speech/oak/pic.png.8bpp 
tools/gbagfx/gbagfx graphics/oak_speech/platform.pal build/assets/graphics/oak_speech/platform.pal.gbapal 
tools/gbagfx/gbagfx graphics/oak_speech/platform.png build/assets/graphics/oak_speech/platform.png.4bpp 
tools/gbagfx/gbagfx graphics/oak_speech/pikachu_intro/eyes.png build/assets/graphics/oak_speech/pikachu_intro/eyes.png.4bpp 
tools/gbagfx/gbagfx graphics/oak_speech/pikachu_intro/ears.png build/assets/graphics/oak_speech/pikachu_intro/ears.png.4bpp 
tools/gbagfx/gbagfx graphics/oak_speech/pikachu_intro/pikachu.pal build/assets/graphics/oak_speech/pikachu_intro/pikachu.pal.gbapal 
tools/compresSmol/compresSmolTilemap graphics/oak_speech/pikachu_intro/tilemap.bin build/assets/graphics/oak_speech/pikachu_intro/tilemap.bin.smolTM 
tools/gbagfx/gbagfx graphics/oak_speech/rival/pal.pal build/assets/graphics/oak_speech/rival/pal.pal.gbapal 
tools/gbagfx/gbagfx graphics/interface/option_menu_equals_sign.png build/assets/graphics/interface/option_menu_equals_sign.png.4bpp 
tools/gbagfx/gbagfx graphics/oak_speech/red/pal.pal build/assets/graphics/oak_speech/red/pal.pal.gbapal 
tools/gbagfx/gbagfx graphics/oak_speech/red/pic.png build/assets/graphics/oak_speech/red/pic.png.8bpp 
tools/gbagfx/gbagfx graphics/interface/option_menu_text.pal build/assets/graphics/interface/option_menu_text.pal.gbapal 
tools/gbagfx/gbagfx graphics/oak_speech/rival/pic.png build/assets/graphics/oak_speech/rival/pic.png.8bpp 
/usr/lib/gcc/arm-none-eabi/14.2.1/cc1 -quiet <flags> -o build/emerald/src/overworld.o src/overworld.c
tools/gbagfx/gbagfx graphics/field_effects/palettes/oras_dowsing.pal build/assets/graphics/field_effects/palettes/oras_dowsing.pal.gbapal 
/usr/lib/gcc/arm-none-eabi/14.2.1/cc1 -quiet <flags> -o build/emerald/src/ow_abilities.o src/ow_abilities.c
tools/gbagfx/gbagfx graphics/field_effects/pics/oras_dowsing_brendan.png build/assets/graphics/field_effects/pics/oras_dowsing_brendan.png_mwidth_2__mheight_4.4bpp -mwidth 2 -mheight 4
/usr/lib/gcc/arm-none-eabi/14.2.1/cc1 -quiet <flags> -o build/emerald/src/palette.o src/palette.c
/usr/lib/gcc/arm-none-eabi/14.2.1/cc1 -quiet <flags> -o build/emerald/src/palette_util.o src/palette_util.c
/usr/lib/gcc/arm-none-eabi/14.2.1/cc1 -quiet <flags> -o build/emerald/src/play_time.o src/play_time.c
/usr/lib/gcc/arm-none-eabi/14.2.1/cc1 -quiet <flags> -o build/emerald/src/pokeblock.o src/pokeblock.c
/usr/lib/gcc/arm-none-eabi/14.2.1/cc1 -quiet <flags> -o build/emerald/src/pokeball.o src/pokeball.c
tools/gbagfx/gbagfx graphics/field_effects/pics/oras_dowsing_may.png build/assets/graphics/field_effects/pics/oras_dowsing_may.png_mwidth_2__mheight_4.4bpp -mwidth 2 -mheight 4
/usr/lib/gcc/arm-none-eabi/14.2.1/cc1 -quiet <flags> -o build/emerald/src/player_pc.o src/player_pc.c
/usr/lib/gcc/arm-none-eabi/14.2.1/cc1 -quiet <flags> -o build/emerald/src/pokeblock_feed.o src/pokeblock_feed.c
tools/gbagfx/gbagfx graphics/party_menu/hold_icons.png build/assets/graphics/party_menu/hold_icons.png.4bpp 
tools/gbagfx/gbagfx graphics/party_menu/hold_icons.png build/assets/graphics/party_menu/hold_icons.png.gbapal 
tools/gbagfx/gbagfx graphics/pokedex/caught_ball.png build/assets/graphics/pokedex/caught_ball.png.4bpp 
/usr/lib/gcc/arm-none-eabi/14.2.1/cc1 -quiet <flags> -o build/emerald/src/pokedex_area_region_map.o src/pokedex_area_region_map.c
tools/gbagfx/gbagfx graphics/pokedex/size_silhouette.pal build/assets/graphics/pokedex/size_silhouette.pal.gbapal 
tools/gbagfx/gbagfx graphics/pokedex/area_glow.png build/assets/graphics/pokedex/area_glow.png.gbapal 
tools/gbagfx/gbagfx graphics/pokedex/area_glow.png build/assets/graphics/pokedex/area_glow.png.4bpp 
tools/gbagfx/gbagfx graphics/pokedex/area_marker.png build/assets/graphics/pokedex/area_marker.png.4bpp 
tools/gbagfx/gbagfx graphics/pokedex/area_marker.png build/assets/graphics/pokedex/area_marker.png.gbapal 
tools/gbagfx/gbagfx graphics/pokedex/cry_meter.png build/assets/graphics/pokedex/cry_meter.png.4bpp 
tools/gbagfx/gbagfx graphics/pokedex/cry_meter.png build/assets/graphics/pokedex/cry_meter.png.gbapal 
tools/compresSmol/compresSmolTilemap graphics/pokedex/hgss/SelectBar.bin build/assets/graphics/pokedex/hgss/SelectBar.bin.smolTM 
tools/gbagfx/gbagfx graphics/pokedex/cry_meter_needle.png build/assets/graphics/pokedex/cry_meter_needle.png.4bpp 
tools/gbagfx/gbagfx graphics/pokedex/cry_meter_needle.png build/assets/graphics/pokedex/cry_meter_needle.png.gbapal 
tools/gbagfx/gbagfx graphics/pokedex/cry_screen_bg.png build/assets/graphics/pokedex/cry_screen_bg.png.4bpp 
tools/gbagfx/gbagfx graphics/pokedex/cry_screen_bg.png build/assets/graphics/pokedex/cry_screen_bg.png.gbapal 
tools/compresSmol/compresSmolTilemap graphics/pokedex/hgss/SelectBar_clear.bin build/assets/graphics/pokedex/hgss/SelectBar_clear.bin.smolTM 
tools/gbagfx/gbagfx graphics/pokedex/hgss/palette_default.pal build/assets/graphics/pokedex/hgss/palette_default.pal.gbapal 
tools/gbagfx/gbagfx graphics/pokedex/hgss/palette_default_dark.pal build/assets/graphics/pokedex/hgss/palette_default_dark.pal.gbapal 
tools/gbagfx/gbagfx graphics/pokedex/hgss/palette_national.pal build/assets/graphics/pokedex/hgss/palette_national.pal.gbapal 
tools/gbagfx/gbagfx graphics/pokedex/hgss/palette_national_dark.pal build/assets/graphics/pokedex/hgss/palette_national_dark.pal.gbapal 
tools/gbagfx/gbagfx graphics/pokedex/hgss/palette_search_menu.pal build/assets/graphics/pokedex/hgss/palette_search_menu.pal.gbapal 
tools/gbagfx/gbagfx graphics/pokedex/hgss/palette_search_menu_dark.pal build/assets/graphics/pokedex/hgss/palette_search_menu_dark.pal.gbapal 
tools/gbagfx/gbagfx graphics/pokedex/hgss/palette_search_results.pal build/assets/graphics/pokedex/hgss/palette_search_results.pal.gbapal 
tools/gbagfx/gbagfx graphics/pokedex/hgss/palette_search_results_dark.pal build/assets/graphics/pokedex/hgss/palette_search_results_dark.pal.gbapal 
tools/gbagfx/gbagfx graphics/pokedex/hgss/stat_bars.png build/assets/graphics/pokedex/hgss/stat_bars.png.4bpp 
tools/compresSmol/compresSmolTilemap graphics/pokedex/hgss/tilemap_cry_screen.bin build/assets/graphics/pokedex/hgss/tilemap_cry_screen.bin.smolTM 
tools/compresSmol/compresSmolTilemap graphics/pokedex/hgss/tilemap_evo_screen.bin build/assets/graphics/pokedex/hgss/tilemap_evo_screen.bin.smolTM 
tools/compresSmol/compresSmolTilemap graphics/pokedex/hgss/tilemap_evo_screen_PE.bin build/assets/graphics/pokedex/hgss/tilemap_evo_screen_PE.bin.smolTM 
tools/compresSmol/compresSmolTilemap graphics/pokedex/hgss/tilemap_forms_screen.bin build/assets/graphics/pokedex/hgss/tilemap_forms_screen.bin.smolTM 
tools/compresSmol/compresSmolTilemap graphics/pokedex/hgss/tilemap_info_screen.bin build/assets/graphics/pokedex/hgss/tilemap_info_screen.bin.smolTM 
tools/compresSmol/compresSmolTilemap graphics/pokedex/hgss/tilemap_list_screen.bin build/assets/graphics/pokedex/hgss/tilemap_list_screen.bin.smolTM 
tools/compresSmol/compresSmolTilemap graphics/pokedex/hgss/tilemap_list_screen_underlay.bin build/assets/graphics/pokedex/hgss/tilemap_list_screen_underlay.bin.smolTM 
tools/compresSmol/compresSmolTilemap graphics/pokedex/hgss/tilemap_search_screen_hoenn.bin build/assets/graphics/pokedex/hgss/tilemap_search_screen_hoenn.bin.smolTM 
tools/compresSmol/compresSmolTilemap graphics/pokedex/hgss/tilemap_search_screen_national.bin build/assets/graphics/pokedex/hgss/tilemap_search_screen_national.bin.smolTM 
tools/compresSmol/compresSmolTilemap graphics/pokedex/hgss/tilemap_size_screen.bin build/assets/graphics/pokedex/hgss/tilemap_size_screen.bin.smolTM 
tools/compresSmol/compresSmolTilemap graphics/pokedex/hgss/tilemap_start_menu.bin build/assets/graphics/pokedex/hgss/tilemap_start_menu.bin.smolTM 
tools/compresSmol/compresSmolTilemap graphics/pokedex/hgss/tilemap_start_menu_search_results.bin build/assets/graphics/pokedex/hgss/tilemap_start_menu_search_results.bin.smolTM 
tools/compresSmol/compresSmolTilemap graphics/pokedex/hgss/tilemap_stats_screen.bin build/assets/graphics/pokedex/hgss/tilemap_stats_screen.bin.smolTM 
tools/gbagfx/gbagfx graphics/pokedex/hgss/tileset_interface.png build/assets/graphics/pokedex/hgss/tileset_interface.png.4bpp 
tools/gbagfx/gbagfx graphics/pokedex/hgss/tileset_interface_DECA.png build/assets/graphics/pokedex/hgss/tileset_interface_DECA.png.4bpp 
tools/gbagfx/gbagfx graphics/pokedex/hgss/tileset_menu1.png build/assets/graphics/pokedex/hgss/tileset_menu1.png.4bpp 
libpng warning: bKGD: invalid index
tools/gbagfx/gbagfx graphics/pokedex/hgss/tileset_menu2.png build/assets/graphics/pokedex/hgss/tileset_menu2.png.4bpp 
tools/gbagfx/gbagfx graphics/pokedex/hgss/tileset_menu3.png build/assets/graphics/pokedex/hgss/tileset_menu3.png.4bpp 
tools/gbagfx/gbagfx graphics/pokedex/hgss/tileset_menu_list.png build/assets/graphics/pokedex/hgss/tileset_menu_list.png.4bpp 
tools/gbagfx/gbagfx graphics/pokedex/hgss/tileset_menu_list_DECA.png build/assets/graphics/pokedex/hgss/tileset_menu_list_DECA.png.4bpp 
tools/gbagfx/gbagfx graphics/pokedex/hgss/tileset_menu_search.png build/assets/graphics/pokedex/hgss/tileset_menu_search.png.4bpp 
tools/gbagfx/gbagfx graphics/pokedex/hgss/tileset_menu_search_DECA.png build/assets/graphics/pokedex/hgss/tileset_menu_search_DECA.png.4bpp 
python3 tools/learnset_helpers/make_tutors.py tools/learnset_helpers/build/all_tutors.json
python3 tools/learnset_helpers/make_teaching_types.py tools/learnset_helpers/build/all_teaching_types.json
libpng warning: bKGD: invalid index
tools/gbagfx/gbagfx graphics/pokemon/abomasnow/anim_front.png build/assets/graphics/pokemon/abomasnow/anim_front.png.4bpp 
tools/gbagfx/gbagfx graphics/pokemon/abomasnow/anim_frontf.png build/assets/graphics/pokemon/abomasnow/anim_frontf.png.4bpp 
tools/gbagfx/gbagfx graphics/pokemon/abomasnow/back.png build/assets/graphics/pokemon/abomasnow/back.png.4bpp 
tools/gbagfx/gbagfx graphics/pokemon/abomasnow/footprint.png build/assets/graphics/pokemon/abomasnow/footprint.png.1bpp 
tools/gbagfx/gbagfx graphics/pokemon/abomasnow/icon.png build/assets/graphics/pokemon/abomasnow/icon.png.4bpp 
tools/gbagfx/gbagfx graphics/pokemon/abomasnow/mega/back.png build/assets/graphics/pokemon/abomasnow/mega/back.png.4bpp 
tools/gbagfx/gbagfx graphics/pokemon/abomasnow/mega/front.png build/assets/graphics/pokemon/abomasnow/mega/front.png.4bpp 
tools/gbagfx/gbagfx graphics/pokemon/abomasnow/mega/icon.png build/assets/graphics/pokemon/abomasnow/mega/icon.png.4bpp 
tools/gbagfx/gbagfx graphics/pokemon/abomasnow/mega/normal.pal build/assets/graphics/pokemon/abomasnow/mega/normal.pal.gbapal 
tools/gbagfx/gbagfx graphics/pokemon/abomasnow/mega/overworld.png build/assets/graphics/pokemon/abomasnow/mega/overworld.png_mwidth_4__mheight_4.4bpp -mwidth 4 -mheight 4
tools/gbagfx/gbagfx graphics/pokemon/abomasnow/mega/overworld_normal.pal build/assets/graphics/pokemon/abomasnow/mega/overworld_normal.pal.gbapal 
tools/gbagfx/gbagfx graphics/pokemon/abomasnow/mega/overworld_shiny.pal build/assets/graphics/pokemon/abomasnow/mega/overworld_shiny.pal.gbapal 
tools/gbagfx/gbagfx graphics/pokemon/abomasnow/mega/shiny.pal build/assets/graphics/pokemon/abomasnow/mega/shiny.pal.gbapal 
tools/gbagfx/gbagfx graphics/pokemon/abomasnow/normal.pal build/assets/graphics/pokemon/abomasnow/normal.pal.gbapal 
tools/gbagfx/gbagfx graphics/pokemon/abomasnow/overworld.png build/assets/graphics/pokemon/abomasnow/overworld.png_mwidth_4__mheight_4.4bpp -mwidth 4 -mheight 4
tools/gbagfx/gbagfx graphics/pokemon/abomasnow/overworld_normal.pal build/assets/graphics/pokemon/abomasnow/overworld_normal.pal.gbapal 
tools/gbagfx/gbagfx graphics/pokemon/abomasnow/overworld_shiny.pal build/assets/graphics/pokemon/abomasnow/overworld_shiny.pal.gbapal 
tools/gbagfx/gbagfx graphics/pokemon/abomasnow/overworldf.png build/assets/graphics/pokemon/abomasnow/overworldf.png_mwidth_4__mheight_4.4bpp -mwidth 4 -mheight 4
tools/gbagfx/gbagfx graphics/pokemon/abomasnow/shiny.pal build/assets/graphics/pokemon/abomasnow/shiny.pal.gbapal 
tools/gbagfx/gbagfx graphics/pokemon/abra/anim_front.png build/assets/graphics/pokemon/abra/anim_front.png.4bpp 
tools/gbagfx/gbagfx graphics/pokemon/abra/anim_front_gba.png build/assets/graphics/pokemon/abra/anim_front_gba.png.4bpp 
tools/gbagfx/gbagfx graphics/pokemon/abra/back.png build/assets/graphics/pokemon/abra/back.png.4bpp 
tools/gbagfx/gbagfx graphics/pokemon/abra/back_gba.png build/assets/graphics/pokemon/abra/back_gba.png.4bpp 
tools/gbagfx/gbagfx graphics/pokemon/abra/icon.png build/assets/graphics/pokemon/abra/icon.png.4bpp 
tools/gbagfx/gbagfx graphics/pokemon/abra/footprint.png build/assets/graphics/pokemon/abra/footprint.png.1bpp 
tools/gbagfx/gbagfx graphics/pokemon/abra/icon_gba.png build/assets/graphics/pokemon/abra/icon_gba.png.4bpp 
tools/gbagfx/gbagfx graphics/pokemon/abra/normal.pal build/assets/graphics/pokemon/abra/normal.pal.gbapal 
tools/gbagfx/gbagfx graphics/pokemon/abra/normal_gba.pal build/assets/graphics/pokemon/abra/normal_gba.pal.gbapal 
tools/gbagfx/gbagfx graphics/pokemon/abra/overworld.png build/assets/graphics/pokemon/abra/overworld.png_mwidth_4__mheight_4.4bpp -mwidth 4 -mheight 4
tools/gbagfx/gbagfx graphics/pokemon/abra/overworld_normal.pal build/assets/graphics/pokemon/abra/overworld_normal.pal.gbapal 
tools/gbagfx/gbagfx graphics/pokemon/abra/overworld_shiny.pal build/assets/graphics/pokemon/abra/overworld_shiny.pal.gbapal 
tools/gbagfx/gbagfx graphics/pokemon/abra/shiny.pal build/assets/graphics/pokemon/abra/shiny.pal.gbapal 
tools/gbagfx/gbagfx graphics/pokemon/abra/shiny_gba.pal build/assets/graphics/pokemon/abra/shiny_gba.pal.gbapal 
tools/gbagfx/gbagfx graphics/pokemon/absol/anim_front.png build/assets/graphics/pokemon/absol/anim_front.png.4bpp 
tools/gbagfx/gbagfx graphics/pokemon/absol/anim_front_gba.png build/assets/graphics/pokemon/absol/anim_front_gba.png.4bpp 
tools/gbagfx/gbagfx graphics/pokemon/absol/back.png build/assets/graphics/pokemon/absol/back.png.4bpp 
tools/gbagfx/gbagfx graphics/pokemon/absol/back_gba.png build/assets/graphics/pokemon/absol/back_gba.png.4bpp 
tools/gbagfx/gbagfx graphics/pokemon/absol/footprint.png build/assets/graphics/pokemon/absol/footprint.png.1bpp 
tools/gbagfx/gbagfx graphics/pokemon/absol/icon.png build/assets/graphics/pokemon/absol/icon.png.4bpp 
tools/gbagfx/gbagfx graphics/pokemon/absol/icon_gba.png build/assets/graphics/pokemon/absol/icon_gba.png.4bpp 
tools/gbagfx/gbagfx graphics/pokemon/absol/mega/back.png build/assets/graphics/pokemon/absol/mega/back.png.4bpp 
tools/gbagfx/gbagfx graphics/pokemon/absol/mega/front.png build/assets/graphics/pokemon/absol/mega/front.png.4bpp 
tools/gbagfx/gbagfx graphics/pokemon/absol/mega/icon.png build/assets/graphics/pokemon/absol/mega/icon.png.4bpp 
tools/gbagfx/gbagfx graphics/pokemon/absol/mega/normal.pal build/assets/graphics/pokemon/absol/mega/normal.pal.gbapal 
tools/gbagfx/gbagfx graphics/pokemon/absol/mega/overworld.png build/assets/graphics/pokemon/absol/mega/overworld.png_mwidth_4__mheight_4.4bpp -mwidth 4 -mheight 4
tools/gbagfx/gbagfx graphics/pokemon/absol/mega/overworld_normal.pal build/assets/graphics/pokemon/absol/mega/overworld_normal.pal.gbapal 
tools/gbagfx/gbagfx graphics/pokemon/absol/mega/overworld_shiny.pal build/assets/graphics/pokemon/absol/mega/overworld_shiny.pal.gbapal 
tools/gbagfx/gbagfx graphics/pokemon/absol/mega/shiny.pal build/assets/graphics/pokemon/absol/mega/shiny.pal.gbapal 
tools/gbagfx/gbagfx graphics/pokemon/absol/mega_z/front.png build/assets/graphics/pokemon/absol/mega_z/front.png.4bpp 
tools/gbagfx/gbagfx graphics/pokemon/absol/mega_z/back.png build/assets/graphics/pokemon/absol/mega_z/back.png.4bpp 
tools/gbagfx/gbagfx graphics/pokemon/absol/mega_z/icon.png build/assets/graphics/pokemon/absol/mega_z/icon.png.4bpp 
tools/gbagfx/gbagfx graphics/pokemon/absol/mega_z/normal.pal build/assets/graphics/pokemon/absol/mega_z/normal.pal.gbapal 
tools/gbagfx/gbagfx graphics/pokemon/absol/normal.pal build/assets/graphics/pokemon/absol/normal.pal.gbapal 
tools/gbagfx/gbagfx graphics/pokemon/absol/mega_z/shiny.pal build/assets/graphics/pokemon/absol/mega_z/shiny.pal.gbapal 
tools/gbagfx/gbagfx graphics/pokemon/absol/normal_gba.pal build/assets/graphics/pokemon/absol/normal_gba.pal.gbapal 
tools/gbagfx/gbagfx graphics/pokemon/absol/overworld.png build/assets/graphics/pokemon/absol/overworld.png_mwidth_4__mheight_4.4bpp -mwidth 4 -mheight 4
tools/gbagfx/gbagfx graphics/pokemon/absol/overworld_shiny.pal build/assets/graphics/pokemon/absol/overworld_shiny.pal.gbapal 
tools/gbagfx/gbagfx graphics/pokemon/absol/overworld_normal.pal build/assets/graphics/pokemon/absol/overworld_normal.pal.gbapal 
tools/gbagfx/gbagfx graphics/pokemon/absol/shiny.pal build/assets/graphics/pokemon/absol/shiny.pal.gbapal 
tools/gbagfx/gbagfx graphics/pokemon/absol/shiny_gba.pal build/assets/graphics/pokemon/absol/shiny_gba.pal.gbapal 
tools/gbagfx/gbagfx graphics/pokemon/accelgor/anim_front.png build/assets/graphics/pokemon/accelgor/anim_front.png.4bpp 
tools/gbagfx/gbagfx graphics/pokemon/accelgor/back.png build/assets/graphics/pokemon/accelgor/back.png.4bpp 
tools/gbagfx/gbagfx graphics/pokemon/accelgor/icon.png build/assets/graphics/pokemon/accelgor/icon.png.4bpp 
tools/gbagfx/gbagfx graphics/pokemon/accelgor/footprint.png build/assets/graphics/pokemon/accelgor/footprint.png.1bpp 
tools/gbagfx/gbagfx graphics/pokemon/accelgor/overworld.png build/assets/graphics/pokemon/accelgor/overworld.png_mwidth_4__mheight_4.4bpp -mwidth 4 -mheight 4
tools/gbagfx/gbagfx graphics/pokemon/accelgor/normal.pal build/assets/graphics/pokemon/accelgor/normal.pal.gbapal 
tools/gbagfx/gbagfx graphics/pokemon/accelgor/overworld_normal.pal build/assets/graphics/pokemon/accelgor/overworld_normal.pal.gbapal 
tools/gbagfx/gbagfx graphics/pokemon/accelgor/overworld_shiny.pal build/assets/graphics/pokemon/accelgor/overworld_shiny.pal.gbapal 
tools/gbagfx/gbagfx graphics/pokemon/accelgor/shiny.pal build/assets/graphics/pokemon/accelgor/shiny.pal.gbapal 
tools/gbagfx/gbagfx graphics/pokemon/aegislash/anim_front.png build/assets/graphics/pokemon/aegislash/anim_front.png.4bpp 
tools/gbagfx/gbagfx graphics/pokemon/aegislash/back.png build/assets/graphics/pokemon/aegislash/back.png.4bpp 
tools/gbagfx/gbagfx graphics/pokemon/aegislash/blade/back.png build/assets/graphics/pokemon/aegislash/blade/back.png.4bpp 
tools/gbagfx/gbagfx graphics/pokemon/aegislash/blade/anim_front.png build/assets/graphics/pokemon/aegislash/blade/anim_front.png.4bpp 
tools/gbagfx/gbagfx graphics/pokemon/aegislash/blade/icon.png build/assets/graphics/pokemon/aegislash/blade/icon.png.4bpp 
tools/gbagfx/gbagfx graphics/pokemon/aegislash/blade/normal.pal build/assets/graphics/pokemon/aegislash/blade/normal.pal.gbapal 
tools/gbagfx/gbagfx graphics/pokemon/aegislash/blade/shiny.pal build/assets/graphics/pokemon/aegislash/blade/shiny.pal.gbapal 
tools/gbagfx/gbagfx graphics/pokemon/aegislash/footprint.png build/assets/graphics/pokemon/aegislash/footprint.png.1bpp 
tools/gbagfx/gbagfx graphics/pokemon/aegislash/icon.png build/assets/graphics/pokemon/aegislash/icon.png.4bpp 
tools/gbagfx/gbagfx graphics/pokemon/aegislash/normal.pal build/assets/graphics/pokemon/aegislash/normal.pal.gbapal 
tools/gbagfx/gbagfx graphics/pokemon/aegislash/overworld.png build/assets/graphics/pokemon/aegislash/overworld.png_mwidth_4__mheight_4.4bpp -mwidth 4 -mheight 4
tools/gbagfx/gbagfx graphics/pokemon/aegislash/overworld_normal.pal build/assets/graphics/pokemon/aegislash/overworld_normal.pal.gbapal 
tools/gbagfx/gbagfx graphics/pokemon/aegislash/overworld_shiny.pal build/assets/graphics/pokemon/aegislash/overworld_shiny.pal.gbapal 
tools/gbagfx/gbagfx graphics/pokemon/aegislash/shiny.pal build/assets/graphics/pokemon/aegislash/shiny.pal.gbapal 
tools/gbagfx/gbagfx graphics/pokemon/aerodactyl/anim_front_gba.png build/assets/graphics/pokemon/aerodactyl/anim_front_gba.png.4bpp 
tools/gbagfx/gbagfx graphics/pokemon/aerodactyl/anim_front.png build/assets/graphics/pokemon/aerodactyl/anim_front.png.4bpp 
tools/gbagfx/gbagfx graphics/pokemon/aerodactyl/back.png build/assets/graphics/pokemon/aerodactyl/back.png.4bpp 
tools/gbagfx/gbagfx graphics/pokemon/aerodactyl/back_gba.png build/assets/graphics/pokemon/aerodactyl/back_gba.png.4bpp 
tools/gbagfx/gbagfx graphics/pokemon/aerodactyl/footprint.png build/assets/graphics/pokemon/aerodactyl/footprint.png.1bpp 
tools/gbagfx/gbagfx graphics/pokemon/aerodactyl/icon.png build/assets/graphics/pokemon/aerodactyl/icon.png.4bpp 
tools/gbagfx/gbagfx graphics/pokemon/aerodactyl/icon_gba.png build/assets/graphics/pokemon/aerodactyl/icon_gba.png.4bpp 
tools/gbagfx/gbagfx graphics/pokemon/aerodactyl/mega/front.png build/assets/graphics/pokemon/aerodactyl/mega/front.png.4bpp 
tools/gbagfx/gbagfx graphics/pokemon/aerodactyl/mega/back.png build/assets/graphics/pokemon/aerodactyl/mega/back.png.4bpp 
tools/gbagfx/gbagfx graphics/pokemon/aerodactyl/mega/normal.pal build/assets/graphics/pokemon/aerodactyl/mega/normal.pal.gbapal 
tools/gbagfx/gbagfx graphics/pokemon/aerodactyl/mega/icon.png build/assets/graphics/pokemon/aerodactyl/mega/icon.png.4bpp 
tools/gbagfx/gbagfx graphics/pokemon/aerodactyl/mega/overworld.png build/assets/graphics/pokemon/aerodactyl/mega/overworld.png_mwidth_4__mheight_4.4bpp -mwidth 4 -mheight 4
tools/gbagfx/gbagfx graphics/pokemon/aerodactyl/mega/overworld_normal.pal build/assets/graphics/pokemon/aerodactyl/mega/overworld_normal.pal.gbapal 
tools/gbagfx/gbagfx graphics/pokemon/aerodactyl/mega/overworld_shiny.pal build/assets/graphics/pokemon/aerodactyl/mega/overworld_shiny.pal.gbapal 
tools/gbagfx/gbagfx graphics/pokemon/aerodactyl/mega/shiny.pal build/assets/graphics/pokemon/aerodactyl/mega/shiny.pal.gbapal 
tools/gbagfx/gbagfx graphics/pokemon/aerodactyl/normal.pal build/assets/graphics/pokemon/aerodactyl/normal.pal.gbapal 
tools/gbagfx/gbagfx graphics/pokemon/aerodactyl/normal_gba.pal build/assets/graphics/pokemon/aerodactyl/normal_gba.pal.gbapal 
tools/gbagfx/gbagfx graphics/pokemon/aerodactyl/overworld.png build/assets/graphics/pokemon/aerodactyl/overworld.png_mwidth_4__mheight_4.4bpp -mwidth 4 -mheight 4
tools/gbagfx/gbagfx graphics/pokemon/aerodactyl/overworld_normal.pal build/assets/graphics/pokemon/aerodactyl/overworld_normal.pal.gbapal 
tools/gbagfx/gbagfx graphics/pokemon/aerodactyl/overworld_shiny.pal build/assets/graphics/pokemon/aerodactyl/overworld_shiny.pal.gbapal 
tools/gbagfx/gbagfx graphics/pokemon/aerodactyl/shiny.pal build/assets/graphics/pokemon/aerodactyl/shiny.pal.gbapal 
tools/gbagfx/gbagfx graphics/pokemon/aerodactyl/shiny_gba.pal build/assets/graphics/pokemon/aerodactyl/shiny_gba.pal.gbapal 
tools/gbagfx/gbagfx graphics/pokemon/aggron/anim_front.png build/assets/graphics/pokemon/aggron/anim_front.png.4bpp 
tools/gbagfx/gbagfx graphics/pokemon/aggron/anim_front_gba.png build/assets/graphics/pokemon/aggron/anim_front_gba.png.4bpp 
tools/gbagfx/gbagfx graphics/pokemon/aggron/back.png build/assets/graphics/pokemon/aggron/back.png.4bpp 
tools/gbagfx/gbagfx graphics/pokemon/aggron/back_gba.png build/assets/graphics/pokemon/aggron/back_gba.png.4bpp 
tools/gbagfx/gbagfx graphics/pokemon/aggron/footprint.png build/assets/graphics/pokemon/aggron/footprint.png.1bpp 
tools/gbagfx/gbagfx graphics/pokemon/aggron/icon.png build/assets/graphics/pokemon/aggron/icon.png.4bpp 
tools/gbagfx/gbagfx graphics/pokemon/aggron/icon_gba.png build/assets/graphics/pokemon/aggron/icon_gba.png.4bpp 
tools/gbagfx/gbagfx graphics/pokemon/aggron/mega/back.png build/assets/graphics/pokemon/aggron/mega/back.png.4bpp 
tools/gbagfx/gbagfx graphics/pokemon/aggron/mega/front.png build/assets/graphics/pokemon/aggron/mega/front.png.4bpp 
tools/gbagfx/gbagfx graphics/pokemon/aggron/mega/normal.pal build/assets/graphics/pokemon/aggron/mega/normal.pal.gbapal 
tools/gbagfx/gbagfx graphics/pokemon/aggron/mega/icon.png build/assets/graphics/pokemon/aggron/mega/icon.png.4bpp 
tools/gbagfx/gbagfx graphics/pokemon/aggron/mega/overworld.png build/assets/graphics/pokemon/aggron/mega/overworld.png_mwidth_4__mheight_4.4bpp -mwidth 4 -mheight 4
tools/gbagfx/gbagfx graphics/pokemon/aggron/mega/overworld_normal.pal build/assets/graphics/pokemon/aggron/mega/overworld_normal.pal.gbapal 
tools/gbagfx/gbagfx graphics/pokemon/aggron/mega/overworld_shiny.pal build/assets/graphics/pokemon/aggron/mega/overworld_shiny.pal.gbapal 
tools/gbagfx/gbagfx graphics/pokemon/aggron/normal.pal build/assets/graphics/pokemon/aggron/normal.pal.gbapal 
tools/gbagfx/gbagfx graphics/pokemon/aggron/normal_gba.pal build/assets/graphics/pokemon/aggron/normal_gba.pal.gbapal 
tools/gbagfx/gbagfx graphics/pokemon/aggron/overworld.png build/assets/graphics/pokemon/aggron/overworld.png_mwidth_4__mheight_4.4bpp -mwidth 4 -mheight 4
tools/gbagfx/gbagfx graphics/pokemon/aggron/overworld_normal.pal build/assets/graphics/pokemon/aggron/overworld_normal.pal.gbapal 
tools/gbagfx/gbagfx graphics/pokemon/aggron/overworld_shiny.pal build/assets/graphics/pokemon/aggron/overworld_shiny.pal.gbapal 
tools/gbagfx/gbagfx graphics/pokemon/aggron/mega/shiny.pal build/assets/graphics/pokemon/aggron/mega/shiny.pal.gbapal 
tools/gbagfx/gbagfx graphics/pokemon/aggron/shiny.pal build/assets/graphics/pokemon/aggron/shiny.pal.gbapal 
tools/gbagfx/gbagfx graphics/pokemon/aggron/shiny_gba.pal build/assets/graphics/pokemon/aggron/shiny_gba.pal.gbapal 
tools/gbagfx/gbagfx graphics/pokemon/aipom/anim_front.png build/assets/graphics/pokemon/aipom/anim_front.png.4bpp 
tools/gbagfx/gbagfx graphics/pokemon/aipom/anim_front_gba.png build/assets/graphics/pokemon/aipom/anim_front_gba.png.4bpp 
tools/gbagfx/gbagfx graphics/pokemon/aipom/anim_frontf.png build/assets/graphics/pokemon/aipom/anim_frontf.png.4bpp 
tools/gbagfx/gbagfx graphics/pokemon/aipom/back.png build/assets/graphics/pokemon/aipom/back.png.4bpp 
tools/gbagfx/gbagfx graphics/pokemon/aipom/back_gba.png build/assets/graphics/pokemon/aipom/back_gba.png.4bpp 
tools/gbagfx/gbagfx graphics/pokemon/aipom/backf.png build/assets/graphics/pokemon/aipom/backf.png.4bpp 
tools/gbagfx/gbagfx graphics/pokemon/aipom/footprint.png build/assets/graphics/pokemon/aipom/footprint.png.1bpp 
tools/gbagfx/gbagfx graphics/pokemon/aipom/icon.png build/assets/graphics/pokemon/aipom/icon.png.4bpp 
tools/gbagfx/gbagfx graphics/pokemon/aipom/icon_gba.png build/assets/graphics/pokemon/aipom/icon_gba.png.4bpp 
tools/gbagfx/gbagfx graphics/pokemon/aipom/normal.pal build/assets/graphics/pokemon/aipom/normal.pal.gbapal 
tools/gbagfx/gbagfx graphics/pokemon/aipom/normal_gba.pal build/assets/graphics/pokemon/aipom/normal_gba.pal.gbapal 
tools/gbagfx/gbagfx graphics/pokemon/aipom/overworld.png build/assets/graphics/pokemon/aipom/overworld.png_mwidth_4__mheight_4.4bpp -mwidth 4 -mheight 4
tools/gbagfx/gbagfx graphics/pokemon/aipom/overworld_normal.pal build/assets/graphics/pokemon/aipom/overworld_normal.pal.gbapal 
tools/gbagfx/gbagfx graphics/pokemon/aipom/overworld_shiny.pal build/assets/graphics/pokemon/aipom/overworld_shiny.pal.gbapal 
tools/gbagfx/gbagfx graphics/pokemon/aipom/overworldf.png build/assets/graphics/pokemon/aipom/overworldf.png_mwidth_4__mheight_4.4bpp -mwidth 4 -mheight 4
tools/gbagfx/gbagfx graphics/pokemon/aipom/shiny.pal build/assets/graphics/pokemon/aipom/shiny.pal.gbapal 
tools/gbagfx/gbagfx graphics/pokemon/aipom/shiny_gba.pal build/assets/graphics/pokemon/aipom/shiny_gba.pal.gbapal 
tools/gbagfx/gbagfx graphics/pokemon/alakazam/anim_front.png build/assets/graphics/pokemon/alakazam/anim_front.png.4bpp 
tools/gbagfx/gbagfx graphics/pokemon/alakazam/anim_front_gba.png build/assets/graphics/pokemon/alakazam/anim_front_gba.png.4bpp 
tools/gbagfx/gbagfx graphics/pokemon/alakazam/anim_frontf.png build/assets/graphics/pokemon/alakazam/anim_frontf.png.4bpp 
tools/gbagfx/gbagfx graphics/pokemon/alakazam/back.png build/assets/graphics/pokemon/alakazam/back.png.4bpp 
tools/gbagfx/gbagfx graphics/pokemon/alakazam/back_gba.png build/assets/graphics/pokemon/alakazam/back_gba.png.4bpp 
tools/gbagfx/gbagfx graphics/pokemon/alakazam/backf.png build/assets/graphics/pokemon/alakazam/backf.png.4bpp 
tools/gbagfx/gbagfx graphics/pokemon/alakazam/footprint.png build/assets/graphics/pokemon/alakazam/footprint.png.1bpp 
tools/gbagfx/gbagfx graphics/pokemon/alakazam/icon_gba.png build/assets/graphics/pokemon/alakazam/icon_gba.png.4bpp 
tools/gbagfx/gbagfx graphics/pokemon/alakazam/icon.png build/assets/graphics/pokemon/alakazam/icon.png.4bpp 
tools/gbagfx/gbagfx graphics/pokemon/alakazam/mega/back.png build/assets/graphics/pokemon/alakazam/mega/back.png.4bpp 
tools/gbagfx/gbagfx graphics/pokemon/alakazam/mega/front.png build/assets/graphics/pokemon/alakazam/mega/front.png.4bpp 
tools/gbagfx/gbagfx graphics/pokemon/alakazam/mega/icon.png build/assets/graphics/pokemon/alakazam/mega/icon.png.4bpp 
tools/gbagfx/gbagfx graphics/pokemon/alakazam/mega/normal.pal build/assets/graphics/pokemon/alakazam/mega/normal.pal.gbapal 
tools/gbagfx/gbagfx graphics/pokemon/alakazam/mega/overworld.png build/assets/graphics/pokemon/alakazam/mega/overworld.png_mwidth_4__mheight_4.4bpp -mwidth 4 -mheight 4
tools/gbagfx/gbagfx graphics/pokemon/alakazam/mega/overworld_normal.pal build/assets/graphics/pokemon/alakazam/mega/overworld_normal.pal.gbapal 
tools/gbagfx/gbagfx graphics/pokemon/alakazam/mega/overworld_shiny.pal build/assets/graphics/pokemon/alakazam/mega/overworld_shiny.pal.gbapal 
tools/gbagfx/gbagfx graphics/pokemon/alakazam/normal.pal build/assets/graphics/pokemon/alakazam/normal.pal.gbapal 
tools/gbagfx/gbagfx graphics/pokemon/alakazam/normal_gba.pal build/assets/graphics/pokemon/alakazam/normal_gba.pal.gbapal 
tools/gbagfx/gbagfx graphics/pokemon/alakazam/mega/shiny.pal build/assets/graphics/pokemon/alakazam/mega/shiny.pal.gbapal 
tools/gbagfx/gbagfx graphics/pokemon/alakazam/overworld.png build/assets/graphics/pokemon/alakazam/overworld.png_mwidth_4__mheight_4.4bpp -mwidth 4 -mheight 4
tools/gbagfx/gbagfx graphics/pokemon/alakazam/overworld_normal.pal build/assets/graphics/pokemon/alakazam/overworld_normal.pal.gbapal 
tools/gbagfx/gbagfx graphics/pokemon/alakazam/overworld_shiny.pal build/assets/graphics/pokemon/alakazam/overworld_shiny.pal.gbapal 
tools/gbagfx/gbagfx graphics/pokemon/alakazam/overworldf.png build/assets/graphics/pokemon/alakazam/overworldf.png_mwidth_4__mheight_4.4bpp -mwidth 4 -mheight 4
tools/gbagfx/gbagfx graphics/pokemon/alakazam/shiny.pal build/assets/graphics/pokemon/alakazam/shiny.pal.gbapal 
tools/gbagfx/gbagfx graphics/pokemon/alakazam/shiny_gba.pal build/assets/graphics/pokemon/alakazam/shiny_gba.pal.gbapal 
tools/gbagfx/gbagfx graphics/pokemon/alcremie/back.png build/assets/graphics/pokemon/alcremie/back.png.4bpp 
tools/gbagfx/gbagfx graphics/pokemon/alcremie/berry/back.png build/assets/graphics/pokemon/alcremie/berry/back.png.4bpp 
tools/gbagfx/gbagfx graphics/pokemon/alcremie/berry/berry_caramel_swirl.pal build/assets/graphics/pokemon/alcremie/berry/berry_caramel_swirl.pal.gbapal 
tools/gbagfx/gbagfx graphics/pokemon/alcremie/berry/berry_default.pal build/assets/graphics/pokemon/alcremie/berry/berry_default.pal.gbapal 
tools/gbagfx/gbagfx graphics/pokemon/alcremie/berry/berry_lemon_cream.pal build/assets/graphics/pokemon/alcremie/berry/berry_lemon_cream.pal.gbapal 
tools/gbagfx/gbagfx graphics/pokemon/alcremie/berry/berry_matcha_cream.pal build/assets/graphics/pokemon/alcremie/berry/berry_matcha_cream.pal.gbapal 
tools/gbagfx/gbagfx graphics/pokemon/alcremie/berry/berry_mint_cream.pal build/assets/graphics/pokemon/alcremie/berry/berry_mint_cream.pal.gbapal 
tools/gbagfx/gbagfx graphics/pokemon/alcremie/berry/berry_rainbow_swirl.pal build/assets/graphics/pokemon/alcremie/berry/berry_rainbow_swirl.pal.gbapal 
tools/gbagfx/gbagfx graphics/pokemon/alcremie/berry/berry_ruby_cream.pal build/assets/graphics/pokemon/alcremie/berry/berry_ruby_cream.pal.gbapal 
tools/gbagfx/gbagfx graphics/pokemon/alcremie/berry/berry_ruby_swirl.pal build/assets/graphics/pokemon/alcremie/berry/berry_ruby_swirl.pal.gbapal 
tools/gbagfx/gbagfx graphics/pokemon/alcremie/berry/berry_salted_cream.pal build/assets/graphics/pokemon/alcremie/berry/berry_salted_cream.pal.gbapal 
tools/gbagfx/gbagfx graphics/pokemon/alcremie/berry/berry_shiny.pal build/assets/graphics/pokemon/alcremie/berry/berry_shiny.pal.gbapal 
tools/gbagfx/gbagfx graphics/pokemon/alcremie/berry/front.png build/assets/graphics/pokemon/alcremie/berry/front.png.4bpp 
tools/gbagfx/gbagfx graphics/pokemon/alcremie/clover/back.png build/assets/graphics/pokemon/alcremie/clover/back.png.4bpp 
tools/gbagfx/gbagfx graphics/pokemon/alcremie/clover/clover_default.pal build/assets/graphics/pokemon/alcremie/clover/clover_default.pal.gbapal 
tools/gbagfx/gbagfx graphics/pokemon/alcremie/clover/clover_caramel_swirl.pal build/assets/graphics/pokemon/alcremie/clover/clover_caramel_swirl.pal.gbapal 
tools/gbagfx/gbagfx graphics/pokemon/alcremie/clover/clover_lemon_cream.pal build/assets/graphics/pokemon/alcremie/clover/clover_lemon_cream.pal.gbapal 
tools/gbagfx/gbagfx graphics/pokemon/alcremie/clover/clover_matcha_cream.pal build/assets/graphics/pokemon/alcremie/clover/clover_matcha_cream.pal.gbapal 
tools/gbagfx/gbagfx graphics/pokemon/alcremie/clover/clover_mint_cream.pal build/assets/graphics/pokemon/alcremie/clover/clover_mint_cream.pal.gbapal 
tools/gbagfx/gbagfx graphics/pokemon/alcremie/clover/clover_rainbow_swirl.pal build/assets/graphics/pokemon/alcremie/clover/clover_rainbow_swirl.pal.gbapal 
tools/gbagfx/gbagfx graphics/pokemon/alcremie/clover/clover_ruby_cream.pal build/assets/graphics/pokemon/alcremie/clover/clover_ruby_cream.pal.gbapal 
tools/gbagfx/gbagfx graphics/pokemon/alcremie/clover/clover_ruby_swirl.pal build/assets/graphics/pokemon/alcremie/clover/clover_ruby_swirl.pal.gbapal 
tools/gbagfx/gbagfx graphics/pokemon/alcremie/clover/clover_salted_cream.pal build/assets/graphics/pokemon/alcremie/clover/clover_salted_cream.pal.gbapal 
tools/gbagfx/gbagfx graphics/pokemon/alcremie/clover/clover_shiny.pal build/assets/graphics/pokemon/alcremie/clover/clover_shiny.pal.gbapal 
tools/gbagfx/gbagfx graphics/pokemon/alcremie/clover/front.png build/assets/graphics/pokemon/alcremie/clover/front.png.4bpp 
tools/gbagfx/gbagfx graphics/pokemon/alcremie/flower/back.png build/assets/graphics/pokemon/alcremie/flower/back.png.4bpp 
tools/gbagfx/gbagfx graphics/pokemon/alcremie/flower/flower_caramel_swirl.pal build/assets/graphics/pokemon/alcremie/flower/flower_caramel_swirl.pal.gbapal 
tools/gbagfx/gbagfx graphics/pokemon/alcremie/flower/flower_default.pal build/assets/graphics/pokemon/alcremie/flower/flower_default.pal.gbapal 
tools/gbagfx/gbagfx graphics/pokemon/alcremie/flower/flower_lemon_cream.pal build/assets/graphics/pokemon/alcremie/flower/flower_lemon_cream.pal.gbapal 
tools/gbagfx/gbagfx graphics/pokemon/alcremie/flower/flower_matcha_cream.pal build/assets/graphics/pokemon/alcremie/flower/flower_matcha_cream.pal.gbapal 
tools/gbagfx/gbagfx graphics/pokemon/alcremie/flower/flower_mint_cream.pal build/assets/graphics/pokemon/alcremie/flower/flower_mint_cream.pal.gbapal 
tools/gbagfx/gbagfx graphics/pokemon/alcremie/flower/flower_rainbow_swirl.pal build/assets/graphics/pokemon/alcremie/flower/flower_rainbow_swirl.pal.gbapal 
tools/gbagfx/gbagfx graphics/pokemon/alcremie/flower/flower_ruby_cream.pal build/assets/graphics/pokemon/alcremie/flower/flower_ruby_cream.pal.gbapal 
tools/gbagfx/gbagfx graphics/pokemon/alcremie/flower/flower_ruby_swirl.pal build/assets/graphics/pokemon/alcremie/flower/flower_ruby_swirl.pal.gbapal 
tools/gbagfx/gbagfx graphics/pokemon/alcremie/flower/flower_salted_cream.pal build/assets/graphics/pokemon/alcremie/flower/flower_salted_cream.pal.gbapal 
tools/gbagfx/gbagfx graphics/pokemon/alcremie/flower/flower_shiny.pal build/assets/graphics/pokemon/alcremie/flower/flower_shiny.pal.gbapal 
tools/gbagfx/gbagfx graphics/pokemon/alcremie/flower/front.png build/assets/graphics/pokemon/alcremie/flower/front.png.4bpp 
tools/gbagfx/gbagfx graphics/pokemon/alcremie/front.png build/assets/graphics/pokemon/alcremie/front.png.4bpp 
tools/gbagfx/gbagfx graphics/pokemon/alcremie/footprint.png build/assets/graphics/pokemon/alcremie/footprint.png.1bpp 
tools/gbagfx/gbagfx graphics/pokemon/alcremie/gmax/back.png build/assets/graphics/pokemon/alcremie/gmax/back.png.4bpp 
tools/gbagfx/gbagfx graphics/pokemon/alcremie/gmax/front.png build/assets/graphics/pokemon/alcremie/gmax/front.png.4bpp 
tools/gbagfx/gbagfx graphics/pokemon/alcremie/gmax/icon.png build/assets/graphics/pokemon/alcremie/gmax/icon.png.4bpp 
tools/gbagfx/gbagfx graphics/pokemon/alcremie/gmax/normal.pal build/assets/graphics/pokemon/alcremie/gmax/normal.pal.gbapal 
tools/gbagfx/gbagfx graphics/pokemon/alcremie/icon.png build/assets/graphics/pokemon/alcremie/icon.png.4bpp 
tools/gbagfx/gbagfx graphics/pokemon/alcremie/gmax/shiny.pal build/assets/graphics/pokemon/alcremie/gmax/shiny.pal.gbapal 
tools/gbagfx/gbagfx graphics/pokemon/alcremie/love/back.png build/assets/graphics/pokemon/alcremie/love/back.png.4bpp 
tools/gbagfx/gbagfx graphics/pokemon/alcremie/love/front.png build/assets/graphics/pokemon/alcremie/love/front.png.4bpp 
tools/gbagfx/gbagfx graphics/pokemon/alcremie/love/love_caramel_swirl.pal build/assets/graphics/pokemon/alcremie/love/love_caramel_swirl.pal.gbapal 
tools/gbagfx/gbagfx graphics/pokemon/alcremie/love/love_default.pal build/assets/graphics/pokemon/alcremie/love/love_default.pal.gbapal 
tools/gbagfx/gbagfx graphics/pokemon/alcremie/love/love_lemon_cream.pal build/assets/graphics/pokemon/alcremie/love/love_lemon_cream.pal.gbapal 
tools/gbagfx/gbagfx graphics/pokemon/alcremie/love/love_matcha_cream.pal build/assets/graphics/pokemon/alcremie/love/love_matcha_cream.pal.gbapal 
tools/gbagfx/gbagfx graphics/pokemon/alcremie/love/love_mint_cream.pal build/assets/graphics/pokemon/alcremie/love/love_mint_cream.pal.gbapal 
tools/gbagfx/gbagfx graphics/pokemon/alcremie/love/love_rainbow_swirl.pal build/assets/graphics/pokemon/alcremie/love/love_rainbow_swirl.pal.gbapal 
tools/gbagfx/gbagfx graphics/pokemon/alcremie/love/love_ruby_cream.pal build/assets/graphics/pokemon/alcremie/love/love_ruby_cream.pal.gbapal 
tools/gbagfx/gbagfx graphics/pokemon/alcremie/love/love_ruby_swirl.pal build/assets/graphics/pokemon/alcremie/love/love_ruby_swirl.pal.gbapal 
tools/gbagfx/gbagfx graphics/pokemon/alcremie/love/love_salted_cream.pal build/assets/graphics/pokemon/alcremie/love/love_salted_cream.pal.gbapal 
tools/gbagfx/gbagfx graphics/pokemon/alcremie/love/love_shiny.pal build/assets/graphics/pokemon/alcremie/love/love_shiny.pal.gbapal 
tools/gbagfx/gbagfx graphics/pokemon/alcremie/normal.pal build/assets/graphics/pokemon/alcremie/normal.pal.gbapal 
tools/gbagfx/gbagfx graphics/pokemon/alcremie/ribbon/back.png build/assets/graphics/pokemon/alcremie/ribbon/back.png.4bpp 
tools/gbagfx/gbagfx graphics/pokemon/alcremie/ribbon/front.png build/assets/graphics/pokemon/alcremie/ribbon/front.png.4bpp 
tools/gbagfx/gbagfx graphics/pokemon/alcremie/ribbon/ribbon_caramel_swirl.pal build/assets/graphics/pokemon/alcremie/ribbon/ribbon_caramel_swirl.pal.gbapal 
tools/gbagfx/gbagfx graphics/pokemon/alcremie/ribbon/ribbon_default.pal build/assets/graphics/pokemon/alcremie/ribbon/ribbon_default.pal.gbapal 
tools/gbagfx/gbagfx graphics/pokemon/alcremie/ribbon/ribbon_lemon_cream.pal build/assets/graphics/pokemon/alcremie/ribbon/ribbon_lemon_cream.pal.gbapal 
tools/gbagfx/gbagfx graphics/pokemon/alcremie/ribbon/ribbon_matcha_cream.pal build/assets/graphics/pokemon/alcremie/ribbon/ribbon_matcha_cream.pal.gbapal 
tools/gbagfx/gbagfx graphics/pokemon/alcremie/ribbon/ribbon_mint_cream.pal build/assets/graphics/pokemon/alcremie/ribbon/ribbon_mint_cream.pal.gbapal 
tools/gbagfx/gbagfx graphics/pokemon/alcremie/ribbon/ribbon_rainbow_swirl.pal build/assets/graphics/pokemon/alcremie/ribbon/ribbon_rainbow_swirl.pal.gbapal 
tools/gbagfx/gbagfx graphics/pokemon/alcremie/ribbon/ribbon_ruby_cream.pal build/assets/graphics/pokemon/alcremie/ribbon/ribbon_ruby_cream.pal.gbapal 
tools/gbagfx/gbagfx graphics/pokemon/alcremie/ribbon/ribbon_ruby_swirl.pal build/assets/graphics/pokemon/alcremie/ribbon/ribbon_ruby_swirl.pal.gbapal 
tools/gbagfx/gbagfx graphics/pokemon/alcremie/ribbon/ribbon_salted_cream.pal build/assets/graphics/pokemon/alcremie/ribbon/ribbon_salted_cream.pal.gbapal 
tools/gbagfx/gbagfx graphics/pokemon/alcremie/ribbon/ribbon_shiny.pal build/assets/graphics/pokemon/alcremie/ribbon/ribbon_shiny.pal.gbapal 
tools/gbagfx/gbagfx graphics/pokemon/alcremie/shiny.pal build/assets/graphics/pokemon/alcremie/shiny.pal.gbapal 
tools/gbagfx/gbagfx graphics/pokemon/alcremie/star/back.png build/assets/graphics/pokemon/alcremie/star/back.png.4bpp 
tools/gbagfx/gbagfx graphics/pokemon/alcremie/star/front.png build/assets/graphics/pokemon/alcremie/star/front.png.4bpp 
tools/gbagfx/gbagfx graphics/pokemon/alcremie/star/star_caramel_swirl.pal build/assets/graphics/pokemon/alcremie/star/star_caramel_swirl.pal.gbapal 
tools/gbagfx/gbagfx graphics/pokemon/alcremie/star/star_default.pal build/assets/graphics/pokemon/alcremie/star/star_default.pal.gbapal 
tools/gbagfx/gbagfx graphics/pokemon/alcremie/star/star_lemon_cream.pal build/assets/graphics/pokemon/alcremie/star/star_lemon_cream.pal.gbapal 
tools/gbagfx/gbagfx graphics/pokemon/alcremie/star/star_matcha_cream.pal build/assets/graphics/pokemon/alcremie/star/star_matcha_cream.pal.gbapal 
tools/gbagfx/gbagfx graphics/pokemon/alcremie/star/star_mint_cream.pal build/assets/graphics/pokemon/alcremie/star/star_mint_cream.pal.gbapal 
tools/gbagfx/gbagfx graphics/pokemon/alcremie/star/star_rainbow_swirl.pal build/assets/graphics/pokemon/alcremie/star/star_rainbow_swirl.pal.gbapal 
tools/gbagfx/gbagfx graphics/pokemon/alcremie/star/star_ruby_cream.pal build/assets/graphics/pokemon/alcremie/star/star_ruby_cream.pal.gbapal 
tools/gbagfx/gbagfx graphics/pokemon/alcremie/star/star_ruby_swirl.pal build/assets/graphics/pokemon/alcremie/star/star_ruby_swirl.pal.gbapal 
tools/gbagfx/gbagfx graphics/pokemon/alcremie/star/star_salted_cream.pal build/assets/graphics/pokemon/alcremie/star/star_salted_cream.pal.gbapal 
tools/gbagfx/gbagfx graphics/pokemon/alcremie/star/star_shiny.pal build/assets/graphics/pokemon/alcremie/star/star_shiny.pal.gbapal 
tools/gbagfx/gbagfx graphics/pokemon/alcremie/strawberry/back.png build/assets/graphics/pokemon/alcremie/strawberry/back.png.4bpp 
tools/gbagfx/gbagfx graphics/pokemon/alcremie/strawberry/front.png build/assets/graphics/pokemon/alcremie/strawberry/front.png.4bpp 
tools/gbagfx/gbagfx graphics/pokemon/alcremie/strawberry/overworld.png build/assets/graphics/pokemon/alcremie/strawberry/overworld.png_mwidth_4__mheight_4.4bpp -mwidth 4 -mheight 4
tools/gbagfx/gbagfx graphics/pokemon/alcremie/strawberry/overworld_normal.pal build/assets/graphics/pokemon/alcremie/strawberry/overworld_normal.pal.gbapal 
tools/gbagfx/gbagfx graphics/pokemon/alcremie/strawberry/overworld_shiny.pal build/assets/graphics/pokemon/alcremie/strawberry/overworld_shiny.pal.gbapal 
tools/gbagfx/gbagfx graphics/pokemon/alcremie/strawberry/strawberry_caramel_swirl.pal build/assets/graphics/pokemon/alcremie/strawberry/strawberry_caramel_swirl.pal.gbapal 
tools/gbagfx/gbagfx graphics/pokemon/alcremie/strawberry/strawberry_default.pal build/assets/graphics/pokemon/alcremie/strawberry/strawberry_default.pal.gbapal 
tools/gbagfx/gbagfx graphics/pokemon/alcremie/strawberry/strawberry_lemon_cream.pal build/assets/graphics/pokemon/alcremie/strawberry/strawberry_lemon_cream.pal.gbapal 
tools/gbagfx/gbagfx graphics/pokemon/alcremie/strawberry/strawberry_matcha_cream.pal build/assets/graphics/pokemon/alcremie/strawberry/strawberry_matcha_cream.pal.gbapal 
tools/gbagfx/gbagfx graphics/pokemon/alcremie/strawberry/strawberry_mint_cream.pal build/assets/graphics/pokemon/alcremie/strawberry/strawberry_mint_cream.pal.gbapal 
tools/gbagfx/gbagfx graphics/pokemon/alcremie/strawberry/strawberry_rainbow_swirl.pal build/assets/graphics/pokemon/alcremie/strawberry/strawberry_rainbow_swirl.pal.gbapal 
tools/gbagfx/gbagfx graphics/pokemon/alcremie/strawberry/strawberry_ruby_cream.pal build/assets/graphics/pokemon/alcremie/strawberry/strawberry_ruby_cream.pal.gbapal 
tools/gbagfx/gbagfx graphics/pokemon/alcremie/strawberry/strawberry_ruby_swirl.pal build/assets/graphics/pokemon/alcremie/strawberry/strawberry_ruby_swirl.pal.gbapal 
tools/gbagfx/gbagfx graphics/pokemon/alcremie/strawberry/strawberry_salted_cream.pal build/assets/graphics/pokemon/alcremie/strawberry/strawberry_salted_cream.pal.gbapal 
tools/gbagfx/gbagfx graphics/pokemon/alcremie/strawberry/strawberry_shiny.pal build/assets/graphics/pokemon/alcremie/strawberry/strawberry_shiny.pal.gbapal 
tools/gbagfx/gbagfx graphics/pokemon/alomomola/anim_front.png build/assets/graphics/pokemon/alomomola/anim_front.png.4bpp 
tools/gbagfx/gbagfx graphics/pokemon/alomomola/back.png build/assets/graphics/pokemon/alomomola/back.png.4bpp 
tools/gbagfx/gbagfx graphics/pokemon/alomomola/footprint.png build/assets/graphics/pokemon/alomomola/footprint.png.1bpp 
tools/gbagfx/gbagfx graphics/pokemon/alomomola/icon.png build/assets/graphics/pokemon/alomomola/icon.png.4bpp 
tools/gbagfx/gbagfx graphics/pokemon/alomomola/normal.pal build/assets/graphics/pokemon/alomomola/normal.pal.gbapal 
tools/gbagfx/gbagfx graphics/pokemon/alomomola/overworld.png build/assets/graphics/pokemon/alomomola/overworld.png_mwidth_4__mheight_4.4bpp -mwidth 4 -mheight 4
tools/gbagfx/gbagfx graphics/pokemon/alomomola/overworld_normal.pal build/assets/graphics/pokemon/alomomola/overworld_normal.pal.gbapal 
tools/gbagfx/gbagfx graphics/pokemon/alomomola/overworld_shiny.pal build/assets/graphics/pokemon/alomomola/overworld_shiny.pal.gbapal 
tools/gbagfx/gbagfx graphics/pokemon/alomomola/shiny.pal build/assets/graphics/pokemon/alomomola/shiny.pal.gbapal 
tools/gbagfx/gbagfx graphics/pokemon/altaria/anim_front.png build/assets/graphics/pokemon/altaria/anim_front.png.4bpp 
tools/gbagfx/gbagfx graphics/pokemon/altaria/anim_front_gba.png build/assets/graphics/pokemon/altaria/anim_front_gba.png.4bpp 
tools/gbagfx/gbagfx graphics/pokemon/altaria/back.png build/assets/graphics/pokemon/altaria/back.png.4bpp 
tools/gbagfx/gbagfx graphics/pokemon/altaria/back_gba.png build/assets/graphics/pokemon/altaria/back_gba.png.4bpp 
tools/gbagfx/gbagfx graphics/pokemon/altaria/footprint.png build/assets/graphics/pokemon/altaria/footprint.png.1bpp 
tools/gbagfx/gbagfx graphics/pokemon/altaria/icon.png build/assets/graphics/pokemon/altaria/icon.png.4bpp 
tools/gbagfx/gbagfx graphics/pokemon/altaria/icon_gba.png build/assets/graphics/pokemon/altaria/icon_gba.png.4bpp 
tools/gbagfx/gbagfx graphics/pokemon/altaria/mega/back.png build/assets/graphics/pokemon/altaria/mega/back.png.4bpp 
tools/gbagfx/gbagfx graphics/pokemon/altaria/mega/front.png build/assets/graphics/pokemon/altaria/mega/front.png.4bpp 
tools/gbagfx/gbagfx graphics/pokemon/altaria/mega/icon.png build/assets/graphics/pokemon/altaria/mega/icon.png.4bpp 
tools/gbagfx/gbagfx graphics/pokemon/altaria/mega/normal.pal build/assets/graphics/pokemon/altaria/mega/normal.pal.gbapal 
tools/gbagfx/gbagfx graphics/pokemon/altaria/mega/overworld.png build/assets/graphics/pokemon/altaria/mega/overworld.png_mwidth_4__mheight_4.4bpp -mwidth 4 -mheight 4
tools/gbagfx/gbagfx graphics/pokemon/altaria/mega/overworld_normal.pal build/assets/graphics/pokemon/altaria/mega/overworld_normal.pal.gbapal 
tools/gbagfx/gbagfx graphics/pokemon/altaria/mega/overworld_shiny.pal build/assets/graphics/pokemon/altaria/mega/overworld_shiny.pal.gbapal 
tools/gbagfx/gbagfx graphics/pokemon/altaria/mega/shiny.pal build/assets/graphics/pokemon/altaria/mega/shiny.pal.gbapal 
tools/gbagfx/gbagfx graphics/pokemon/altaria/normal.pal build/assets/graphics/pokemon/altaria/normal.pal.gbapal 
tools/gbagfx/gbagfx graphics/pokemon/altaria/normal_gba.pal build/assets/graphics/pokemon/altaria/normal_gba.pal.gbapal 
tools/gbagfx/gbagfx graphics/pokemon/altaria/overworld.png build/assets/graphics/pokemon/altaria/overworld.png_mwidth_4__mheight_4.4bpp -mwidth 4 -mheight 4
tools/gbagfx/gbagfx graphics/pokemon/altaria/overworld_normal.pal build/assets/graphics/pokemon/altaria/overworld_normal.pal.gbapal 
tools/gbagfx/gbagfx graphics/pokemon/altaria/overworld_shiny.pal build/assets/graphics/pokemon/altaria/overworld_shiny.pal.gbapal 
tools/gbagfx/gbagfx graphics/pokemon/altaria/shiny.pal build/assets/graphics/pokemon/altaria/shiny.pal.gbapal 
tools/gbagfx/gbagfx graphics/pokemon/altaria/shiny_gba.pal build/assets/graphics/pokemon/altaria/shiny_gba.pal.gbapal 
tools/gbagfx/gbagfx graphics/pokemon/amaura/anim_front.png build/assets/graphics/pokemon/amaura/anim_front.png.4bpp 
tools/gbagfx/gbagfx graphics/pokemon/amaura/back.png build/assets/graphics/pokemon/amaura/back.png.4bpp 
tools/gbagfx/gbagfx graphics/pokemon/amaura/footprint.png build/assets/graphics/pokemon/amaura/footprint.png.1bpp 
tools/gbagfx/gbagfx graphics/pokemon/amaura/icon.png build/assets/graphics/pokemon/amaura/icon.png.4bpp 
tools/gbagfx/gbagfx graphics/pokemon/amaura/normal.pal build/assets/graphics/pokemon/amaura/normal.pal.gbapal 
tools/gbagfx/gbagfx graphics/pokemon/amaura/overworld.png build/assets/graphics/pokemon/amaura/overworld.png_mwidth_4__mheight_4.4bpp -mwidth 4 -mheight 4
tools/gbagfx/gbagfx graphics/pokemon/amaura/overworld_normal.pal build/assets/graphics/pokemon/amaura/overworld_normal.pal.gbapal 
tools/gbagfx/gbagfx graphics/pokemon/amaura/overworld_shiny.pal build/assets/graphics/pokemon/amaura/overworld_shiny.pal.gbapal 
tools/gbagfx/gbagfx graphics/pokemon/ambipom/anim_front.png build/assets/graphics/pokemon/ambipom/anim_front.png.4bpp 
tools/gbagfx/gbagfx graphics/pokemon/amaura/shiny.pal build/assets/graphics/pokemon/amaura/shiny.pal.gbapal 
tools/gbagfx/gbagfx graphics/pokemon/ambipom/anim_frontf.png build/assets/graphics/pokemon/ambipom/anim_frontf.png.4bpp 
tools/gbagfx/gbagfx graphics/pokemon/ambipom/back.png build/assets/graphics/pokemon/ambipom/back.png.4bpp 
tools/gbagfx/gbagfx graphics/pokemon/ambipom/backf.png build/assets/graphics/pokemon/ambipom/backf.png.4bpp 
tools/gbagfx/gbagfx graphics/pokemon/ambipom/footprint.png build/assets/graphics/pokemon/ambipom/footprint.png.1bpp 
tools/gbagfx/gbagfx graphics/pokemon/ambipom/icon.png build/assets/graphics/pokemon/ambipom/icon.png.4bpp 
tools/gbagfx/gbagfx graphics/pokemon/ambipom/normal.pal build/assets/graphics/pokemon/ambipom/normal.pal.gbapal 
tools/gbagfx/gbagfx graphics/pokemon/ambipom/overworld.png build/assets/graphics/pokemon/ambipom/overworld.png_mwidth_4__mheight_4.4bpp -mwidth 4 -mheight 4
tools/gbagfx/gbagfx graphics/pokemon/ambipom/overworld_normal.pal build/assets/graphics/pokemon/ambipom/overworld_normal.pal.gbapal 
tools/gbagfx/gbagfx graphics/pokemon/ambipom/overworld_shiny.pal build/assets/graphics/pokemon/ambipom/overworld_shiny.pal.gbapal 
tools/gbagfx/gbagfx graphics/pokemon/ambipom/overworldf.png build/assets/graphics/pokemon/ambipom/overworldf.png_mwidth_4__mheight_4.4bpp -mwidth 4 -mheight 4
tools/gbagfx/gbagfx graphics/pokemon/ambipom/shiny.pal build/assets/graphics/pokemon/ambipom/shiny.pal.gbapal 
tools/gbagfx/gbagfx graphics/pokemon/amoonguss/anim_front.png build/assets/graphics/pokemon/amoonguss/anim_front.png.4bpp 
tools/gbagfx/gbagfx graphics/pokemon/amoonguss/back.png build/assets/graphics/pokemon/amoonguss/back.png.4bpp 
tools/gbagfx/gbagfx graphics/pokemon/amoonguss/footprint.png build/assets/graphics/pokemon/amoonguss/footprint.png.1bpp 
tools/gbagfx/gbagfx graphics/pokemon/amoonguss/icon.png build/assets/graphics/pokemon/amoonguss/icon.png.4bpp 
tools/gbagfx/gbagfx graphics/pokemon/amoonguss/normal.pal build/assets/graphics/pokemon/amoonguss/normal.pal.gbapal 
tools/gbagfx/gbagfx graphics/pokemon/amoonguss/overworld.png build/assets/graphics/pokemon/amoonguss/overworld.png_mwidth_4__mheight_4.4bpp -mwidth 4 -mheight 4
tools/gbagfx/gbagfx graphics/pokemon/amoonguss/overworld_normal.pal build/assets/graphics/pokemon/amoonguss/overworld_normal.pal.gbapal 
tools/gbagfx/gbagfx graphics/pokemon/amoonguss/overworld_shiny.pal build/assets/graphics/pokemon/amoonguss/overworld_shiny.pal.gbapal 
tools/gbagfx/gbagfx graphics/pokemon/amoonguss/shiny.pal build/assets/graphics/pokemon/amoonguss/shiny.pal.gbapal 
tools/gbagfx/gbagfx graphics/pokemon/ampharos/anim_front.png build/assets/graphics/pokemon/ampharos/anim_front.png.4bpp 
tools/gbagfx/gbagfx graphics/pokemon/ampharos/anim_front_gba.png build/assets/graphics/pokemon/ampharos/anim_front_gba.png.4bpp 
tools/gbagfx/gbagfx graphics/pokemon/ampharos/back.png build/assets/graphics/pokemon/ampharos/back.png.4bpp 
tools/gbagfx/gbagfx graphics/pokemon/ampharos/back_gba.png build/assets/graphics/pokemon/ampharos/back_gba.png.4bpp 
tools/gbagfx/gbagfx graphics/pokemon/ampharos/footprint.png build/assets/graphics/pokemon/ampharos/footprint.png.1bpp 
tools/gbagfx/gbagfx graphics/pokemon/ampharos/icon.png build/assets/graphics/pokemon/ampharos/icon.png.4bpp 
tools/gbagfx/gbagfx graphics/pokemon/ampharos/icon_gba.png build/assets/graphics/pokemon/ampharos/icon_gba.png.4bpp 
tools/gbagfx/gbagfx graphics/pokemon/ampharos/mega/back.png build/assets/graphics/pokemon/ampharos/mega/back.png.4bpp 
tools/gbagfx/gbagfx graphics/pokemon/ampharos/mega/front.png build/assets/graphics/pokemon/ampharos/mega/front.png.4bpp 
tools/gbagfx/gbagfx graphics/pokemon/ampharos/mega/icon.png build/assets/graphics/pokemon/ampharos/mega/icon.png.4bpp 
tools/gbagfx/gbagfx graphics/pokemon/ampharos/mega/normal.pal build/assets/graphics/pokemon/ampharos/mega/normal.pal.gbapal 
tools/gbagfx/gbagfx graphics/pokemon/ampharos/mega/overworld.png build/assets/graphics/pokemon/ampharos/mega/overworld.png_mwidth_4__mheight_4.4bpp -mwidth 4 -mheight 4
tools/gbagfx/gbagfx graphics/pokemon/ampharos/mega/overworld_normal.pal build/assets/graphics/pokemon/ampharos/mega/overworld_normal.pal.gbapal 
tools/gbagfx/gbagfx graphics/pokemon/ampharos/mega/overworld_shiny.pal build/assets/graphics/pokemon/ampharos/mega/overworld_shiny.pal.gbapal 
tools/gbagfx/gbagfx graphics/pokemon/ampharos/mega/shiny.pal build/assets/graphics/pokemon/ampharos/mega/shiny.pal.gbapal 
tools/gbagfx/gbagfx graphics/pokemon/ampharos/normal.pal build/assets/graphics/pokemon/ampharos/normal.pal.gbapal 
tools/gbagfx/gbagfx graphics/pokemon/ampharos/normal_gba.pal build/assets/graphics/pokemon/ampharos/normal_gba.pal.gbapal 
tools/gbagfx/gbagfx graphics/pokemon/ampharos/overworld.png build/assets/graphics/pokemon/ampharos/overworld.png_mwidth_4__mheight_4.4bpp -mwidth 4 -mheight 4
tools/gbagfx/gbagfx graphics/pokemon/ampharos/overworld_normal.pal build/assets/graphics/pokemon/ampharos/overworld_normal.pal.gbapal 
tools/gbagfx/gbagfx graphics/pokemon/ampharos/overworld_shiny.pal build/assets/graphics/pokemon/ampharos/overworld_shiny.pal.gbapal 
tools/gbagfx/gbagfx graphics/pokemon/ampharos/shiny.pal build/assets/graphics/pokemon/ampharos/shiny.pal.gbapal 
tools/gbagfx/gbagfx graphics/pokemon/ampharos/shiny_gba.pal build/assets/graphics/pokemon/ampharos/shiny_gba.pal.gbapal 
tools/gbagfx/gbagfx graphics/pokemon/annihilape/back.png build/assets/graphics/pokemon/annihilape/back.png.4bpp 
tools/gbagfx/gbagfx graphics/pokemon/annihilape/footprint.png build/assets/graphics/pokemon/annihilape/footprint.png.1bpp 
tools/gbagfx/gbagfx graphics/pokemon/annihilape/front.png build/assets/graphics/pokemon/annihilape/front.png.4bpp 
tools/gbagfx/gbagfx graphics/pokemon/annihilape/icon.png build/assets/graphics/pokemon/annihilape/icon.png.4bpp 
tools/gbagfx/gbagfx graphics/pokemon/annihilape/normal.pal build/assets/graphics/pokemon/annihilape/normal.pal.gbapal 
tools/gbagfx/gbagfx graphics/pokemon/annihilape/overworld.png build/assets/graphics/pokemon/annihilape/overworld.png_mwidth_4__mheight_4.4bpp -mwidth 4 -mheight 4
tools/gbagfx/gbagfx graphics/pokemon/annihilape/overworld_normal.pal build/assets/graphics/pokemon/annihilape/overworld_normal.pal.gbapal 
tools/gbagfx/gbagfx graphics/pokemon/annihilape/overworld_shiny.pal build/assets/graphics/pokemon/annihilape/overworld_shiny.pal.gbapal 
tools/gbagfx/gbagfx graphics/pokemon/annihilape/shiny.pal build/assets/graphics/pokemon/annihilape/shiny.pal.gbapal 
tools/gbagfx/gbagfx graphics/pokemon/anorith/anim_front.png build/assets/graphics/pokemon/anorith/anim_front.png.4bpp 
tools/gbagfx/gbagfx graphics/pokemon/anorith/anim_front_gba.png build/assets/graphics/pokemon/anorith/anim_front_gba.png.4bpp 
tools/gbagfx/gbagfx graphics/pokemon/anorith/back.png build/assets/graphics/pokemon/anorith/back.png.4bpp 
tools/gbagfx/gbagfx graphics/pokemon/anorith/back_gba.png build/assets/graphics/pokemon/anorith/back_gba.png.4bpp 
tools/gbagfx/gbagfx graphics/pokemon/anorith/footprint.png build/assets/graphics/pokemon/anorith/footprint.png.1bpp 
tools/gbagfx/gbagfx graphics/pokemon/anorith/icon.png build/assets/graphics/pokemon/anorith/icon.png.4bpp 
tools/gbagfx/gbagfx graphics/pokemon/anorith/icon_gba.png build/assets/graphics/pokemon/anorith/icon_gba.png.4bpp 
tools/gbagfx/gbagfx graphics/pokemon/anorith/normal.pal build/assets/graphics/pokemon/anorith/normal.pal.gbapal 
tools/gbagfx/gbagfx graphics/pokemon/anorith/normal_gba.pal build/assets/graphics/pokemon/anorith/normal_gba.pal.gbapal 
tools/gbagfx/gbagfx graphics/pokemon/anorith/overworld.png build/assets/graphics/pokemon/anorith/overworld.png_mwidth_4__mheight_4.4bpp -mwidth 4 -mheight 4
tools/gbagfx/gbagfx graphics/pokemon/anorith/overworld_normal.pal build/assets/graphics/pokemon/anorith/overworld_normal.pal.gbapal 
tools/gbagfx/gbagfx graphics/pokemon/anorith/overworld_shiny.pal build/assets/graphics/pokemon/anorith/overworld_shiny.pal.gbapal 
tools/gbagfx/gbagfx graphics/pokemon/anorith/shiny.pal build/assets/graphics/pokemon/anorith/shiny.pal.gbapal 
tools/gbagfx/gbagfx graphics/pokemon/anorith/shiny_gba.pal build/assets/graphics/pokemon/anorith/shiny_gba.pal.gbapal 
tools/gbagfx/gbagfx graphics/pokemon/appletun/anim_front.png build/assets/graphics/pokemon/appletun/anim_front.png.4bpp 
tools/gbagfx/gbagfx graphics/pokemon/appletun/back.png build/assets/graphics/pokemon/appletun/back.png.4bpp 
tools/gbagfx/gbagfx graphics/pokemon/appletun/footprint.png build/assets/graphics/pokemon/appletun/footprint.png.1bpp 
tools/gbagfx/gbagfx graphics/pokemon/appletun/gmax/back.png build/assets/graphics/pokemon/appletun/gmax/back.png.4bpp 
tools/gbagfx/gbagfx graphics/pokemon/appletun/gmax/front.png build/assets/graphics/pokemon/appletun/gmax/front.png.4bpp 
tools/gbagfx/gbagfx graphics/pokemon/appletun/gmax/icon.png build/assets/graphics/pokemon/appletun/gmax/icon.png.4bpp 
tools/gbagfx/gbagfx graphics/pokemon/appletun/gmax/normal.pal build/assets/graphics/pokemon/appletun/gmax/normal.pal.gbapal 
tools/gbagfx/gbagfx graphics/pokemon/appletun/gmax/shiny.pal build/assets/graphics/pokemon/appletun/gmax/shiny.pal.gbapal 
tools/gbagfx/gbagfx graphics/pokemon/appletun/icon.png build/assets/graphics/pokemon/appletun/icon.png.4bpp 
tools/gbagfx/gbagfx graphics/pokemon/appletun/normal.pal build/assets/graphics/pokemon/appletun/normal.pal.gbapal 
tools/gbagfx/gbagfx graphics/pokemon/appletun/overworld.png build/assets/graphics/pokemon/appletun/overworld.png_mwidth_4__mheight_4.4bpp -mwidth 4 -mheight 4
tools/gbagfx/gbagfx graphics/pokemon/appletun/overworld_normal.pal build/assets/graphics/pokemon/appletun/overworld_normal.pal.gbapal 
tools/gbagfx/gbagfx graphics/pokemon/appletun/overworld_shiny.pal build/assets/graphics/pokemon/appletun/overworld_shiny.pal.gbapal 
tools/gbagfx/gbagfx graphics/pokemon/appletun/shiny.pal build/assets/graphics/pokemon/appletun/shiny.pal.gbapal 
tools/gbagfx/gbagfx graphics/pokemon/applin/anim_front.png build/assets/graphics/pokemon/applin/anim_front.png.4bpp 
tools/gbagfx/gbagfx graphics/pokemon/applin/back.png build/assets/graphics/pokemon/applin/back.png.4bpp 
tools/gbagfx/gbagfx graphics/pokemon/applin/footprint.png build/assets/graphics/pokemon/applin/footprint.png.1bpp 
tools/gbagfx/gbagfx graphics/pokemon/applin/icon.png build/assets/graphics/pokemon/applin/icon.png.4bpp 
tools/gbagfx/gbagfx graphics/pokemon/applin/normal.pal build/assets/graphics/pokemon/applin/normal.pal.gbapal 
tools/gbagfx/gbagfx graphics/pokemon/applin/overworld.png build/assets/graphics/pokemon/applin/overworld.png_mwidth_4__mheight_4.4bpp -mwidth 4 -mheight 4
tools/gbagfx/gbagfx graphics/pokemon/applin/overworld_normal.pal build/assets/graphics/pokemon/applin/overworld_normal.pal.gbapal 
tools/gbagfx/gbagfx graphics/pokemon/applin/overworld_shiny.pal build/assets/graphics/pokemon/applin/overworld_shiny.pal.gbapal 
tools/gbagfx/gbagfx graphics/pokemon/applin/shiny.pal build/assets/graphics/pokemon/applin/shiny.pal.gbapal 
tools/gbagfx/gbagfx graphics/pokemon/araquanid/anim_front.png build/assets/graphics/pokemon/araquanid/anim_front.png.4bpp 
tools/gbagfx/gbagfx graphics/pokemon/araquanid/back.png build/assets/graphics/pokemon/araquanid/back.png.4bpp 
tools/gbagfx/gbagfx graphics/pokemon/araquanid/footprint.png build/assets/graphics/pokemon/araquanid/footprint.png.1bpp 
tools/gbagfx/gbagfx graphics/pokemon/araquanid/icon.png build/assets/graphics/pokemon/araquanid/icon.png.4bpp 
tools/gbagfx/gbagfx graphics/pokemon/araquanid/normal.pal build/assets/graphics/pokemon/araquanid/normal.pal.gbapal 
tools/gbagfx/gbagfx graphics/pokemon/araquanid/overworld.png build/assets/graphics/pokemon/araquanid/overworld.png_mwidth_4__mheight_4.4bpp -mwidth 4 -mheight 4
tools/gbagfx/gbagfx graphics/pokemon/araquanid/overworld_normal.pal build/assets/graphics/pokemon/araquanid/overworld_normal.pal.gbapal 
tools/gbagfx/gbagfx graphics/pokemon/araquanid/overworld_shiny.pal build/assets/graphics/pokemon/araquanid/overworld_shiny.pal.gbapal 
tools/gbagfx/gbagfx graphics/pokemon/araquanid/shiny.pal build/assets/graphics/pokemon/araquanid/shiny.pal.gbapal 
tools/gbagfx/gbagfx graphics/pokemon/arbok/anim_front.png build/assets/graphics/pokemon/arbok/anim_front.png.4bpp 
tools/gbagfx/gbagfx graphics/pokemon/arbok/anim_front_gba.png build/assets/graphics/pokemon/arbok/anim_front_gba.png.4bpp 
tools/gbagfx/gbagfx graphics/pokemon/arbok/back.png build/assets/graphics/pokemon/arbok/back.png.4bpp 
tools/gbagfx/gbagfx graphics/pokemon/arbok/back_gba.png build/assets/graphics/pokemon/arbok/back_gba.png.4bpp 
tools/gbagfx/gbagfx graphics/pokemon/arbok/footprint.png build/assets/graphics/pokemon/arbok/footprint.png.1bpp 
libpng warning: bKGD: invalid index
libpng warning: bKGD: invalid index
tools/gbagfx/gbagfx graphics/pokemon/arbok/icon.png build/assets/graphics/pokemon/arbok/icon.png.4bpp 
tools/gbagfx/gbagfx graphics/pokemon/arbok/icon_gba.png build/assets/graphics/pokemon/arbok/icon_gba.png.4bpp 
tools/gbagfx/gbagfx graphics/pokemon/arbok/normal.pal build/assets/graphics/pokemon/arbok/normal.pal.gbapal 
tools/gbagfx/gbagfx graphics/pokemon/arbok/normal_gba.pal build/assets/graphics/pokemon/arbok/normal_gba.pal.gbapal 
tools/gbagfx/gbagfx graphics/pokemon/arbok/overworld.png build/assets/graphics/pokemon/arbok/overworld.png_mwidth_4__mheight_4.4bpp -mwidth 4 -mheight 4
tools/gbagfx/gbagfx graphics/pokemon/arbok/overworld_normal.pal build/assets/graphics/pokemon/arbok/overworld_normal.pal.gbapal 
tools/gbagfx/gbagfx graphics/pokemon/arbok/overworld_shiny.pal build/assets/graphics/pokemon/arbok/overworld_shiny.pal.gbapal 
tools/gbagfx/gbagfx graphics/pokemon/arbok/shiny.pal build/assets/graphics/pokemon/arbok/shiny.pal.gbapal 
tools/gbagfx/gbagfx graphics/pokemon/arbok/shiny_gba.pal build/assets/graphics/pokemon/arbok/shiny_gba.pal.gbapal 
tools/gbagfx/gbagfx graphics/pokemon/arboliva/back.png build/assets/graphics/pokemon/arboliva/back.png.4bpp 
tools/gbagfx/gbagfx graphics/pokemon/arboliva/footprint.png build/assets/graphics/pokemon/arboliva/footprint.png.1bpp 
tools/gbagfx/gbagfx graphics/pokemon/arboliva/front.png build/assets/graphics/pokemon/arboliva/front.png.4bpp 
tools/gbagfx/gbagfx graphics/pokemon/arboliva/icon.png build/assets/graphics/pokemon/arboliva/icon.png.4bpp 
tools/gbagfx/gbagfx graphics/pokemon/arboliva/normal.pal build/assets/graphics/pokemon/arboliva/normal.pal.gbapal 
tools/gbagfx/gbagfx graphics/pokemon/arboliva/overworld.png build/assets/graphics/pokemon/arboliva/overworld.png_mwidth_4__mheight_4.4bpp -mwidth 4 -mheight 4
tools/gbagfx/gbagfx graphics/pokemon/arboliva/overworld_normal.pal build/assets/graphics/pokemon/arboliva/overworld_normal.pal.gbapal 
tools/gbagfx/gbagfx graphics/pokemon/arboliva/overworld_shiny.pal build/assets/graphics/pokemon/arboliva/overworld_shiny.pal.gbapal 
tools/gbagfx/gbagfx graphics/pokemon/arboliva/shiny.pal build/assets/graphics/pokemon/arboliva/shiny.pal.gbapal 
tools/gbagfx/gbagfx graphics/pokemon/arcanine/anim_front.png build/assets/graphics/pokemon/arcanine/anim_front.png.4bpp 
tools/gbagfx/gbagfx graphics/pokemon/arcanine/anim_front_gba.png build/assets/graphics/pokemon/arcanine/anim_front_gba.png.4bpp 
tools/gbagfx/gbagfx graphics/pokemon/arcanine/back.png build/assets/graphics/pokemon/arcanine/back.png.4bpp 
tools/gbagfx/gbagfx graphics/pokemon/arcanine/back_gba.png build/assets/graphics/pokemon/arcanine/back_gba.png.4bpp 
tools/gbagfx/gbagfx graphics/pokemon/arcanine/footprint.png build/assets/graphics/pokemon/arcanine/footprint.png.1bpp 
tools/gbagfx/gbagfx graphics/pokemon/arcanine/hisui/back.png build/assets/graphics/pokemon/arcanine/hisui/back.png.4bpp 
tools/gbagfx/gbagfx graphics/pokemon/arcanine/hisui/front.png build/assets/graphics/pokemon/arcanine/hisui/front.png.4bpp 
tools/gbagfx/gbagfx graphics/pokemon/arcanine/hisui/icon.png build/assets/graphics/pokemon/arcanine/hisui/icon.png.4bpp 
tools/gbagfx/gbagfx graphics/pokemon/arcanine/hisui/normal.pal build/assets/graphics/pokemon/arcanine/hisui/normal.pal.gbapal 
tools/gbagfx/gbagfx graphics/pokemon/arcanine/hisui/overworld.png build/assets/graphics/pokemon/arcanine/hisui/overworld.png_mwidth_4__mheight_4.4bpp -mwidth 4 -mheight 4
tools/gbagfx/gbagfx graphics/pokemon/arcanine/hisui/overworld_normal.pal build/assets/graphics/pokemon/arcanine/hisui/overworld_normal.pal.gbapal 
tools/gbagfx/gbagfx graphics/pokemon/arcanine/hisui/overworld_shiny.pal build/assets/graphics/pokemon/arcanine/hisui/overworld_shiny.pal.gbapal 
tools/gbagfx/gbagfx graphics/pokemon/arcanine/hisui/shiny.pal build/assets/graphics/pokemon/arcanine/hisui/shiny.pal.gbapal 
tools/gbagfx/gbagfx graphics/pokemon/arcanine/icon.png build/assets/graphics/pokemon/arcanine/icon.png.4bpp 
tools/gbagfx/gbagfx graphics/pokemon/arcanine/icon_gba.png build/assets/graphics/pokemon/arcanine/icon_gba.png.4bpp 
tools/gbagfx/gbagfx graphics/pokemon/arcanine/normal.pal build/assets/graphics/pokemon/arcanine/normal.pal.gbapal 
tools/gbagfx/gbagfx graphics/pokemon/arcanine/normal_gba.pal build/assets/graphics/pokemon/arcanine/normal_gba.pal.gbapal 
tools/gbagfx/gbagfx graphics/pokemon/arcanine/overworld.png build/assets/graphics/pokemon/arcanine/overworld.png_mwidth_4__mheight_4.4bpp -mwidth 4 -mheight 4
tools/gbagfx/gbagfx graphics/pokemon/arcanine/overworld_normal.pal build/assets/graphics/pokemon/arcanine/overworld_normal.pal.gbapal 
tools/gbagfx/gbagfx graphics/pokemon/arcanine/overworld_shiny.pal build/assets/graphics/pokemon/arcanine/overworld_shiny.pal.gbapal 
tools/gbagfx/gbagfx graphics/pokemon/arcanine/shiny.pal build/assets/graphics/pokemon/arcanine/shiny.pal.gbapal 
tools/gbagfx/gbagfx graphics/pokemon/arcanine/shiny_gba.pal build/assets/graphics/pokemon/arcanine/shiny_gba.pal.gbapal 
tools/gbagfx/gbagfx graphics/pokemon/arceus/anim_front.png build/assets/graphics/pokemon/arceus/anim_front.png.4bpp 
tools/gbagfx/gbagfx graphics/pokemon/arceus/back.png build/assets/graphics/pokemon/arceus/back.png.4bpp 
tools/gbagfx/gbagfx graphics/pokemon/arceus/bug/icon.png build/assets/graphics/pokemon/arceus/bug/icon.png.4bpp 
tools/gbagfx/gbagfx graphics/pokemon/arceus/bug/normal.pal build/assets/graphics/pokemon/arceus/bug/normal.pal.gbapal 
tools/gbagfx/gbagfx graphics/pokemon/arceus/bug/overworld_normal.pal build/assets/graphics/pokemon/arceus/bug/overworld_normal.pal.gbapal 
tools/gbagfx/gbagfx graphics/pokemon/arceus/bug/overworld_shiny.pal build/assets/graphics/pokemon/arceus/bug/overworld_shiny.pal.gbapal 
tools/gbagfx/gbagfx graphics/pokemon/arceus/bug/shiny.pal build/assets/graphics/pokemon/arceus/bug/shiny.pal.gbapal 
tools/gbagfx/gbagfx graphics/pokemon/arceus/dark/icon.png build/assets/graphics/pokemon/arceus/dark/icon.png.4bpp 
tools/gbagfx/gbagfx graphics/pokemon/arceus/dark/normal.pal build/assets/graphics/pokemon/arceus/dark/normal.pal.gbapal 
tools/gbagfx/gbagfx graphics/pokemon/arceus/dark/overworld_normal.pal build/assets/graphics/pokemon/arceus/dark/overworld_normal.pal.gbapal 
tools/gbagfx/gbagfx graphics/pokemon/arceus/dark/overworld_shiny.pal build/assets/graphics/pokemon/arceus/dark/overworld_shiny.pal.gbapal 
tools/gbagfx/gbagfx graphics/pokemon/arceus/dark/shiny.pal build/assets/graphics/pokemon/arceus/dark/shiny.pal.gbapal 
tools/gbagfx/gbagfx graphics/pokemon/arceus/dragon/icon.png build/assets/graphics/pokemon/arceus/dragon/icon.png.4bpp 
tools/gbagfx/gbagfx graphics/pokemon/arceus/dragon/normal.pal build/assets/graphics/pokemon/arceus/dragon/normal.pal.gbapal 
tools/gbagfx/gbagfx graphics/pokemon/arceus/dragon/overworld_normal.pal build/assets/graphics/pokemon/arceus/dragon/overworld_normal.pal.gbapal 
tools/gbagfx/gbagfx graphics/pokemon/arceus/dragon/overworld_shiny.pal build/assets/graphics/pokemon/arceus/dragon/overworld_shiny.pal.gbapal 
tools/gbagfx/gbagfx graphics/pokemon/arceus/dragon/shiny.pal build/assets/graphics/pokemon/arceus/dragon/shiny.pal.gbapal 
tools/gbagfx/gbagfx graphics/pokemon/arceus/electric/icon.png build/assets/graphics/pokemon/arceus/electric/icon.png.4bpp 
tools/gbagfx/gbagfx graphics/pokemon/arceus/electric/normal.pal build/assets/graphics/pokemon/arceus/electric/normal.pal.gbapal 
tools/gbagfx/gbagfx graphics/pokemon/arceus/electric/overworld_normal.pal build/assets/graphics/pokemon/arceus/electric/overworld_normal.pal.gbapal 
tools/gbagfx/gbagfx graphics/pokemon/arceus/electric/overworld_shiny.pal build/assets/graphics/pokemon/arceus/electric/overworld_shiny.pal.gbapal 
tools/gbagfx/gbagfx graphics/pokemon/arceus/electric/shiny.pal build/assets/graphics/pokemon/arceus/electric/shiny.pal.gbapal 
tools/gbagfx/gbagfx graphics/pokemon/arceus/fairy/icon.png build/assets/graphics/pokemon/arceus/fairy/icon.png.4bpp 
tools/gbagfx/gbagfx graphics/pokemon/arceus/fairy/normal.pal build/assets/graphics/pokemon/arceus/fairy/normal.pal.gbapal 
tools/gbagfx/gbagfx graphics/pokemon/arceus/fairy/overworld_normal.pal build/assets/graphics/pokemon/arceus/fairy/overworld_normal.pal.gbapal 
tools/gbagfx/gbagfx graphics/pokemon/arceus/fairy/overworld_shiny.pal build/assets/graphics/pokemon/arceus/fairy/overworld_shiny.pal.gbapal 
tools/gbagfx/gbagfx graphics/pokemon/arceus/fairy/shiny.pal build/assets/graphics/pokemon/arceus/fairy/shiny.pal.gbapal 
tools/gbagfx/gbagfx graphics/pokemon/arceus/fighting/icon.png build/assets/graphics/pokemon/arceus/fighting/icon.png.4bpp 
tools/gbagfx/gbagfx graphics/pokemon/arceus/fighting/normal.pal build/assets/graphics/pokemon/arceus/fighting/normal.pal.gbapal 
tools/gbagfx/gbagfx graphics/pokemon/arceus/fighting/overworld_normal.pal build/assets/graphics/pokemon/arceus/fighting/overworld_normal.pal.gbapal 
tools/gbagfx/gbagfx graphics/pokemon/arceus/fighting/overworld_shiny.pal build/assets/graphics/pokemon/arceus/fighting/overworld_shiny.pal.gbapal 
tools/gbagfx/gbagfx graphics/pokemon/arceus/fighting/shiny.pal build/assets/graphics/pokemon/arceus/fighting/shiny.pal.gbapal 
tools/gbagfx/gbagfx graphics/pokemon/arceus/fire/icon.png build/assets/graphics/pokemon/arceus/fire/icon.png.4bpp 
tools/gbagfx/gbagfx graphics/pokemon/arceus/fire/normal.pal build/assets/graphics/pokemon/arceus/fire/normal.pal.gbapal 
tools/gbagfx/gbagfx graphics/pokemon/arceus/fire/overworld_normal.pal build/assets/graphics/pokemon/arceus/fire/overworld_normal.pal.gbapal 
tools/gbagfx/gbagfx graphics/pokemon/arceus/fire/overworld_shiny.pal build/assets/graphics/pokemon/arceus/fire/overworld_shiny.pal.gbapal 
tools/gbagfx/gbagfx graphics/pokemon/arceus/fire/shiny.pal build/assets/graphics/pokemon/arceus/fire/shiny.pal.gbapal 
tools/gbagfx/gbagfx graphics/pokemon/arceus/flying/icon.png build/assets/graphics/pokemon/arceus/flying/icon.png.4bpp 
tools/gbagfx/gbagfx graphics/pokemon/arceus/flying/normal.pal build/assets/graphics/pokemon/arceus/flying/normal.pal.gbapal 
tools/gbagfx/gbagfx graphics/pokemon/arceus/flying/overworld_normal.pal build/assets/graphics/pokemon/arceus/flying/overworld_normal.pal.gbapal 
tools/gbagfx/gbagfx graphics/pokemon/arceus/flying/overworld_shiny.pal build/assets/graphics/pokemon/arceus/flying/overworld_shiny.pal.gbapal 
tools/gbagfx/gbagfx graphics/pokemon/arceus/flying/shiny.pal build/assets/graphics/pokemon/arceus/flying/shiny.pal.gbapal 
tools/gbagfx/gbagfx graphics/pokemon/arceus/footprint.png build/assets/graphics/pokemon/arceus/footprint.png.1bpp 
tools/gbagfx/gbagfx graphics/pokemon/arceus/ghost/icon.png build/assets/graphics/pokemon/arceus/ghost/icon.png.4bpp 
tools/gbagfx/gbagfx graphics/pokemon/arceus/ghost/normal.pal build/assets/graphics/pokemon/arceus/ghost/normal.pal.gbapal 
tools/gbagfx/gbagfx graphics/pokemon/arceus/ghost/overworld_normal.pal build/assets/graphics/pokemon/arceus/ghost/overworld_normal.pal.gbapal 
tools/gbagfx/gbagfx graphics/pokemon/arceus/ghost/overworld_shiny.pal build/assets/graphics/pokemon/arceus/ghost/overworld_shiny.pal.gbapal 
tools/gbagfx/gbagfx graphics/pokemon/arceus/ghost/shiny.pal build/assets/graphics/pokemon/arceus/ghost/shiny.pal.gbapal 
tools/gbagfx/gbagfx graphics/pokemon/arceus/grass/icon.png build/assets/graphics/pokemon/arceus/grass/icon.png.4bpp 
tools/gbagfx/gbagfx graphics/pokemon/arceus/grass/normal.pal build/assets/graphics/pokemon/arceus/grass/normal.pal.gbapal 
tools/gbagfx/gbagfx graphics/pokemon/arceus/grass/overworld_normal.pal build/assets/graphics/pokemon/arceus/grass/overworld_normal.pal.gbapal 
tools/gbagfx/gbagfx graphics/pokemon/arceus/grass/overworld_shiny.pal build/assets/graphics/pokemon/arceus/grass/overworld_shiny.pal.gbapal 
tools/gbagfx/gbagfx graphics/pokemon/arceus/grass/shiny.pal build/assets/graphics/pokemon/arceus/grass/shiny.pal.gbapal 
tools/gbagfx/gbagfx graphics/pokemon/arceus/ground/icon.png build/assets/graphics/pokemon/arceus/ground/icon.png.4bpp 
tools/gbagfx/gbagfx graphics/pokemon/arceus/ground/normal.pal build/assets/graphics/pokemon/arceus/ground/normal.pal.gbapal 
tools/gbagfx/gbagfx graphics/pokemon/arceus/ground/overworld_normal.pal build/assets/graphics/pokemon/arceus/ground/overworld_normal.pal.gbapal 
tools/gbagfx/gbagfx graphics/pokemon/arceus/ground/overworld_shiny.pal build/assets/graphics/pokemon/arceus/ground/overworld_shiny.pal.gbapal 
tools/gbagfx/gbagfx graphics/pokemon/arceus/ground/shiny.pal build/assets/graphics/pokemon/arceus/ground/shiny.pal.gbapal 
tools/gbagfx/gbagfx graphics/pokemon/arceus/ice/icon.png build/assets/graphics/pokemon/arceus/ice/icon.png.4bpp 
tools/gbagfx/gbagfx graphics/pokemon/arceus/ice/normal.pal build/assets/graphics/pokemon/arceus/ice/normal.pal.gbapal 
tools/gbagfx/gbagfx graphics/pokemon/arceus/ice/overworld_normal.pal build/assets/graphics/pokemon/arceus/ice/overworld_normal.pal.gbapal 
tools/gbagfx/gbagfx graphics/pokemon/arceus/ice/overworld_shiny.pal build/assets/graphics/pokemon/arceus/ice/overworld_shiny.pal.gbapal 
tools/gbagfx/gbagfx graphics/pokemon/arceus/ice/shiny.pal build/assets/graphics/pokemon/arceus/ice/shiny.pal.gbapal 
tools/gbagfx/gbagfx graphics/pokemon/arceus/icon.png build/assets/graphics/pokemon/arceus/icon.png.4bpp 
tools/gbagfx/gbagfx graphics/pokemon/arceus/normal.pal build/assets/graphics/pokemon/arceus/normal.pal.gbapal 
tools/gbagfx/gbagfx graphics/pokemon/arceus/overworld.png build/assets/graphics/pokemon/arceus/overworld.png_mwidth_8__mheight_8.4bpp -mwidth 8 -mheight 8
tools/gbagfx/gbagfx graphics/pokemon/arceus/overworld_normal.pal build/assets/graphics/pokemon/arceus/overworld_normal.pal.gbapal 
tools/gbagfx/gbagfx graphics/pokemon/arceus/overworld_shiny.pal build/assets/graphics/pokemon/arceus/overworld_shiny.pal.gbapal 
tools/gbagfx/gbagfx graphics/pokemon/arceus/poison/icon.png build/assets/graphics/pokemon/arceus/poison/icon.png.4bpp 
tools/gbagfx/gbagfx graphics/pokemon/arceus/poison/normal.pal build/assets/graphics/pokemon/arceus/poison/normal.pal.gbapal 
tools/gbagfx/gbagfx graphics/pokemon/arceus/poison/overworld_normal.pal build/assets/graphics/pokemon/arceus/poison/overworld_normal.pal.gbapal 
tools/gbagfx/gbagfx graphics/pokemon/arceus/poison/overworld_shiny.pal build/assets/graphics/pokemon/arceus/poison/overworld_shiny.pal.gbapal 
tools/gbagfx/gbagfx graphics/pokemon/arceus/poison/shiny.pal build/assets/graphics/pokemon/arceus/poison/shiny.pal.gbapal 
tools/gbagfx/gbagfx graphics/pokemon/arceus/psychic/icon.png build/assets/graphics/pokemon/arceus/psychic/icon.png.4bpp 
tools/gbagfx/gbagfx graphics/pokemon/arceus/psychic/normal.pal build/assets/graphics/pokemon/arceus/psychic/normal.pal.gbapal 
tools/gbagfx/gbagfx graphics/pokemon/arceus/psychic/overworld_normal.pal build/assets/graphics/pokemon/arceus/psychic/overworld_normal.pal.gbapal 
tools/gbagfx/gbagfx graphics/pokemon/arceus/psychic/overworld_shiny.pal build/assets/graphics/pokemon/arceus/psychic/overworld_shiny.pal.gbapal 
tools/gbagfx/gbagfx graphics/pokemon/arceus/psychic/shiny.pal build/assets/graphics/pokemon/arceus/psychic/shiny.pal.gbapal 
tools/gbagfx/gbagfx graphics/pokemon/arceus/rock/icon.png build/assets/graphics/pokemon/arceus/rock/icon.png.4bpp 
tools/gbagfx/gbagfx graphics/pokemon/arceus/rock/normal.pal build/assets/graphics/pokemon/arceus/rock/normal.pal.gbapal 
tools/gbagfx/gbagfx graphics/pokemon/arceus/rock/overworld_normal.pal build/assets/graphics/pokemon/arceus/rock/overworld_normal.pal.gbapal 
tools/gbagfx/gbagfx graphics/pokemon/arceus/rock/overworld_shiny.pal build/assets/graphics/pokemon/arceus/rock/overworld_shiny.pal.gbapal 
tools/gbagfx/gbagfx graphics/pokemon/arceus/rock/shiny.pal build/assets/graphics/pokemon/arceus/rock/shiny.pal.gbapal 
tools/gbagfx/gbagfx graphics/pokemon/arceus/shiny.pal build/assets/graphics/pokemon/arceus/shiny.pal.gbapal 
tools/gbagfx/gbagfx graphics/pokemon/arceus/steel/icon.png build/assets/graphics/pokemon/arceus/steel/icon.png.4bpp 
tools/gbagfx/gbagfx graphics/pokemon/arceus/steel/normal.pal build/assets/graphics/pokemon/arceus/steel/normal.pal.gbapal 
tools/gbagfx/gbagfx graphics/pokemon/arceus/steel/overworld_normal.pal build/assets/graphics/pokemon/arceus/steel/overworld_normal.pal.gbapal 
tools/gbagfx/gbagfx graphics/pokemon/arceus/steel/overworld_shiny.pal build/assets/graphics/pokemon/arceus/steel/overworld_shiny.pal.gbapal 
tools/gbagfx/gbagfx graphics/pokemon/arceus/steel/shiny.pal build/assets/graphics/pokemon/arceus/steel/shiny.pal.gbapal 
tools/gbagfx/gbagfx graphics/pokemon/arceus/water/icon.png build/assets/graphics/pokemon/arceus/water/icon.png.4bpp 
tools/gbagfx/gbagfx graphics/pokemon/arceus/water/normal.pal build/assets/graphics/pokemon/arceus/water/normal.pal.gbapal 
tools/gbagfx/gbagfx graphics/pokemon/arceus/water/overworld_normal.pal build/assets/graphics/pokemon/arceus/water/overworld_normal.pal.gbapal 
tools/gbagfx/gbagfx graphics/pokemon/arceus/water/overworld_shiny.pal build/assets/graphics/pokemon/arceus/water/overworld_shiny.pal.gbapal 
tools/gbagfx/gbagfx graphics/pokemon/arceus/water/shiny.pal build/assets/graphics/pokemon/arceus/water/shiny.pal.gbapal 
tools/gbagfx/gbagfx graphics/pokemon/archaludon/back.png build/assets/graphics/pokemon/archaludon/back.png.4bpp 
tools/gbagfx/gbagfx graphics/pokemon/archaludon/footprint.png build/assets/graphics/pokemon/archaludon/footprint.png.1bpp 
tools/gbagfx/gbagfx graphics/pokemon/archaludon/front.png build/assets/graphics/pokemon/archaludon/front.png.4bpp 
tools/gbagfx/gbagfx graphics/pokemon/archaludon/icon.png build/assets/graphics/pokemon/archaludon/icon.png.4bpp 
tools/gbagfx/gbagfx graphics/pokemon/archaludon/normal.pal build/assets/graphics/pokemon/archaludon/normal.pal.gbapal 
tools/gbagfx/gbagfx graphics/pokemon/archaludon/overworld.png build/assets/graphics/pokemon/archaludon/overworld.png_mwidth_4__mheight_4.4bpp -mwidth 4 -mheight 4
tools/gbagfx/gbagfx graphics/pokemon/archaludon/overworld_normal.pal build/assets/graphics/pokemon/archaludon/overworld_normal.pal.gbapal 
tools/gbagfx/gbagfx graphics/pokemon/archaludon/overworld_shiny.pal build/assets/graphics/pokemon/archaludon/overworld_shiny.pal.gbapal 
tools/gbagfx/gbagfx graphics/pokemon/archaludon/shiny.pal build/assets/graphics/pokemon/archaludon/shiny.pal.gbapal 
tools/gbagfx/gbagfx graphics/pokemon/archen/anim_front.png build/assets/graphics/pokemon/archen/anim_front.png.4bpp 
tools/gbagfx/gbagfx graphics/pokemon/archen/back.png build/assets/graphics/pokemon/archen/back.png.4bpp 
tools/gbagfx/gbagfx graphics/pokemon/archen/footprint.png build/assets/graphics/pokemon/archen/footprint.png.1bpp 
tools/gbagfx/gbagfx graphics/pokemon/archen/icon.png build/assets/graphics/pokemon/archen/icon.png.4bpp 
tools/gbagfx/gbagfx graphics/pokemon/archen/normal.pal build/assets/graphics/pokemon/archen/normal.pal.gbapal 
tools/gbagfx/gbagfx graphics/pokemon/archen/overworld.png build/assets/graphics/pokemon/archen/overworld.png_mwidth_4__mheight_4.4bpp -mwidth 4 -mheight 4
tools/gbagfx/gbagfx graphics/pokemon/archen/overworld_normal.pal build/assets/graphics/pokemon/archen/overworld_normal.pal.gbapal 
tools/gbagfx/gbagfx graphics/pokemon/archen/overworld_shiny.pal build/assets/graphics/pokemon/archen/overworld_shiny.pal.gbapal 
tools/gbagfx/gbagfx graphics/pokemon/archen/shiny.pal build/assets/graphics/pokemon/archen/shiny.pal.gbapal 
tools/gbagfx/gbagfx graphics/pokemon/archeops/anim_front.png build/assets/graphics/pokemon/archeops/anim_front.png.4bpp 
tools/gbagfx/gbagfx graphics/pokemon/archeops/back.png build/assets/graphics/pokemon/archeops/back.png.4bpp 
tools/gbagfx/gbagfx graphics/pokemon/archeops/footprint.png build/assets/graphics/pokemon/archeops/footprint.png.1bpp 
tools/gbagfx/gbagfx graphics/pokemon/archeops/icon.png build/assets/graphics/pokemon/archeops/icon.png.4bpp 
tools/gbagfx/gbagfx graphics/pokemon/archeops/normal.pal build/assets/graphics/pokemon/archeops/normal.pal.gbapal 
tools/gbagfx/gbagfx graphics/pokemon/archeops/overworld.png build/assets/graphics/pokemon/archeops/overworld.png_mwidth_4__mheight_4.4bpp -mwidth 4 -mheight 4
tools/gbagfx/gbagfx graphics/pokemon/archeops/overworld_normal.pal build/assets/graphics/pokemon/archeops/overworld_normal.pal.gbapal 
tools/gbagfx/gbagfx graphics/pokemon/archeops/overworld_shiny.pal build/assets/graphics/pokemon/archeops/overworld_shiny.pal.gbapal 
tools/gbagfx/gbagfx graphics/pokemon/archeops/shiny.pal build/assets/graphics/pokemon/archeops/shiny.pal.gbapal 
tools/gbagfx/gbagfx graphics/pokemon/arctibax/back.png build/assets/graphics/pokemon/arctibax/back.png.4bpp 
tools/gbagfx/gbagfx graphics/pokemon/arctibax/footprint.png build/assets/graphics/pokemon/arctibax/footprint.png.1bpp 
tools/gbagfx/gbagfx graphics/pokemon/arctibax/front.png build/assets/graphics/pokemon/arctibax/front.png.4bpp 
tools/gbagfx/gbagfx graphics/pokemon/arctibax/icon.png build/assets/graphics/pokemon/arctibax/icon.png.4bpp 
tools/gbagfx/gbagfx graphics/pokemon/arctibax/normal.pal build/assets/graphics/pokemon/arctibax/normal.pal.gbapal 
tools/gbagfx/gbagfx graphics/pokemon/arctibax/overworld.png build/assets/graphics/pokemon/arctibax/overworld.png_mwidth_4__mheight_4.4bpp -mwidth 4 -mheight 4
tools/gbagfx/gbagfx graphics/pokemon/arctibax/overworld_normal.pal build/assets/graphics/pokemon/arctibax/overworld_normal.pal.gbapal 
tools/gbagfx/gbagfx graphics/pokemon/arctibax/overworld_shiny.pal build/assets/graphics/pokemon/arctibax/overworld_shiny.pal.gbapal 
tools/gbagfx/gbagfx graphics/pokemon/arctibax/shiny.pal build/assets/graphics/pokemon/arctibax/shiny.pal.gbapal 
tools/gbagfx/gbagfx graphics/pokemon/arctovish/back.png build/assets/graphics/pokemon/arctovish/back.png.4bpp 
tools/gbagfx/gbagfx graphics/pokemon/arctovish/footprint.png build/assets/graphics/pokemon/arctovish/footprint.png.1bpp 
tools/gbagfx/gbagfx graphics/pokemon/arctovish/front.png build/assets/graphics/pokemon/arctovish/front.png.4bpp 
tools/gbagfx/gbagfx graphics/pokemon/arctovish/icon.png build/assets/graphics/pokemon/arctovish/icon.png.4bpp 
tools/gbagfx/gbagfx graphics/pokemon/arctovish/normal.pal build/assets/graphics/pokemon/arctovish/normal.pal.gbapal 
tools/gbagfx/gbagfx graphics/pokemon/arctovish/overworld.png build/assets/graphics/pokemon/arctovish/overworld.png_mwidth_4__mheight_4.4bpp -mwidth 4 -mheight 4
tools/gbagfx/gbagfx graphics/pokemon/arctovish/overworld_normal.pal build/assets/graphics/pokemon/arctovish/overworld_normal.pal.gbapal 
tools/gbagfx/gbagfx graphics/pokemon/arctovish/overworld_shiny.pal build/assets/graphics/pokemon/arctovish/overworld_shiny.pal.gbapal 
tools/gbagfx/gbagfx graphics/pokemon/arctovish/shiny.pal build/assets/graphics/pokemon/arctovish/shiny.pal.gbapal 
tools/gbagfx/gbagfx graphics/pokemon/arctozolt/back.png build/assets/graphics/pokemon/arctozolt/back.png.4bpp 
tools/gbagfx/gbagfx graphics/pokemon/arctozolt/footprint.png build/assets/graphics/pokemon/arctozolt/footprint.png.1bpp 
tools/gbagfx/gbagfx graphics/pokemon/arctozolt/front.png build/assets/graphics/pokemon/arctozolt/front.png.4bpp 
tools/gbagfx/gbagfx graphics/pokemon/arctozolt/icon.png build/assets/graphics/pokemon/arctozolt/icon.png.4bpp 
tools/gbagfx/gbagfx graphics/pokemon/arctozolt/normal.pal build/assets/graphics/pokemon/arctozolt/normal.pal.gbapal 
tools/gbagfx/gbagfx graphics/pokemon/arctozolt/overworld.png build/assets/graphics/pokemon/arctozolt/overworld.png_mwidth_4__mheight_4.4bpp -mwidth 4 -mheight 4
tools/gbagfx/gbagfx graphics/pokemon/arctozolt/overworld_normal.pal build/assets/graphics/pokemon/arctozolt/overworld_normal.pal.gbapal 
tools/gbagfx/gbagfx graphics/pokemon/arctozolt/overworld_shiny.pal build/assets/graphics/pokemon/arctozolt/overworld_shiny.pal.gbapal 
tools/gbagfx/gbagfx graphics/pokemon/arctozolt/shiny.pal build/assets/graphics/pokemon/arctozolt/shiny.pal.gbapal 
tools/gbagfx/gbagfx graphics/pokemon/ariados/anim_front.png build/assets/graphics/pokemon/ariados/anim_front.png.4bpp 
tools/gbagfx/gbagfx graphics/pokemon/ariados/anim_front_gba.png build/assets/graphics/pokemon/ariados/anim_front_gba.png.4bpp 
tools/gbagfx/gbagfx graphics/pokemon/ariados/back.png build/assets/graphics/pokemon/ariados/back.png.4bpp 
tools/gbagfx/gbagfx graphics/pokemon/ariados/back_gba.png build/assets/graphics/pokemon/ariados/back_gba.png.4bpp 
tools/gbagfx/gbagfx graphics/pokemon/ariados/footprint.png build/assets/graphics/pokemon/ariados/footprint.png.1bpp 
tools/gbagfx/gbagfx graphics/pokemon/ariados/icon.png build/assets/graphics/pokemon/ariados/icon.png.4bpp 
tools/gbagfx/gbagfx graphics/pokemon/ariados/icon_gba.png build/assets/graphics/pokemon/ariados/icon_gba.png.4bpp 
tools/gbagfx/gbagfx graphics/pokemon/ariados/normal.pal build/assets/graphics/pokemon/ariados/normal.pal.gbapal 
tools/gbagfx/gbagfx graphics/pokemon/ariados/normal_gba.pal build/assets/graphics/pokemon/ariados/normal_gba.pal.gbapal 
tools/gbagfx/gbagfx graphics/pokemon/ariados/overworld.png build/assets/graphics/pokemon/ariados/overworld.png_mwidth_4__mheight_4.4bpp -mwidth 4 -mheight 4
tools/gbagfx/gbagfx graphics/pokemon/ariados/overworld_normal.pal build/assets/graphics/pokemon/ariados/overworld_normal.pal.gbapal 
tools/gbagfx/gbagfx graphics/pokemon/ariados/overworld_shiny.pal build/assets/graphics/pokemon/ariados/overworld_shiny.pal.gbapal 
tools/gbagfx/gbagfx graphics/pokemon/ariados/shiny.pal build/assets/graphics/pokemon/ariados/shiny.pal.gbapal 
tools/gbagfx/gbagfx graphics/pokemon/ariados/shiny_gba.pal build/assets/graphics/pokemon/ariados/shiny_gba.pal.gbapal 
tools/gbagfx/gbagfx graphics/pokemon/armaldo/anim_front.png build/assets/graphics/pokemon/armaldo/anim_front.png.4bpp 
tools/gbagfx/gbagfx graphics/pokemon/armaldo/anim_front_gba.png build/assets/graphics/pokemon/armaldo/anim_front_gba.png.4bpp 
tools/gbagfx/gbagfx graphics/pokemon/armaldo/back.png build/assets/graphics/pokemon/armaldo/back.png.4bpp 
tools/gbagfx/gbagfx graphics/pokemon/armaldo/back_gba.png build/assets/graphics/pokemon/armaldo/back_gba.png.4bpp 
tools/gbagfx/gbagfx graphics/pokemon/armaldo/footprint.png build/assets/graphics/pokemon/armaldo/footprint.png.1bpp 
tools/gbagfx/gbagfx graphics/pokemon/armaldo/icon.png build/assets/graphics/pokemon/armaldo/icon.png.4bpp 
tools/gbagfx/gbagfx graphics/pokemon/armaldo/icon_gba.png build/assets/graphics/pokemon/armaldo/icon_gba.png.4bpp 
tools/gbagfx/gbagfx graphics/pokemon/armaldo/normal.pal build/assets/graphics/pokemon/armaldo/normal.pal.gbapal 
tools/gbagfx/gbagfx graphics/pokemon/armaldo/normal_gba.pal build/assets/graphics/pokemon/armaldo/normal_gba.pal.gbapal 
tools/gbagfx/gbagfx graphics/pokemon/armaldo/overworld.png build/assets/graphics/pokemon/armaldo/overworld.png_mwidth_4__mheight_4.4bpp -mwidth 4 -mheight 4
tools/gbagfx/gbagfx graphics/pokemon/armaldo/overworld_normal.pal build/assets/graphics/pokemon/armaldo/overworld_normal.pal.gbapal 
tools/gbagfx/gbagfx graphics/pokemon/armaldo/overworld_shiny.pal build/assets/graphics/pokemon/armaldo/overworld_shiny.pal.gbapal 
tools/gbagfx/gbagfx graphics/pokemon/armaldo/shiny.pal build/assets/graphics/pokemon/armaldo/shiny.pal.gbapal 
tools/gbagfx/gbagfx graphics/pokemon/armaldo/shiny_gba.pal build/assets/graphics/pokemon/armaldo/shiny_gba.pal.gbapal 
tools/gbagfx/gbagfx graphics/pokemon/armarouge/back.png build/assets/graphics/pokemon/armarouge/back.png.4bpp 
tools/gbagfx/gbagfx graphics/pokemon/armarouge/footprint.png build/assets/graphics/pokemon/armarouge/footprint.png.1bpp 
tools/gbagfx/gbagfx graphics/pokemon/armarouge/front.png build/assets/graphics/pokemon/armarouge/front.png.4bpp 
tools/gbagfx/gbagfx graphics/pokemon/armarouge/icon.png build/assets/graphics/pokemon/armarouge/icon.png.4bpp 
tools/gbagfx/gbagfx graphics/pokemon/armarouge/normal.pal build/assets/graphics/pokemon/armarouge/normal.pal.gbapal 
tools/gbagfx/gbagfx graphics/pokemon/armarouge/overworld.png build/assets/graphics/pokemon/armarouge/overworld.png_mwidth_4__mheight_4.4bpp -mwidth 4 -mheight 4
tools/gbagfx/gbagfx graphics/pokemon/armarouge/overworld_normal.pal build/assets/graphics/pokemon/armarouge/overworld_normal.pal.gbapal 
tools/gbagfx/gbagfx graphics/pokemon/armarouge/overworld_shiny.pal build/assets/graphics/pokemon/armarouge/overworld_shiny.pal.gbapal 
tools/gbagfx/gbagfx graphics/pokemon/armarouge/shiny.pal build/assets/graphics/pokemon/armarouge/shiny.pal.gbapal 
tools/gbagfx/gbagfx graphics/pokemon/aromatisse/anim_front.png build/assets/graphics/pokemon/aromatisse/anim_front.png.4bpp 
tools/gbagfx/gbagfx graphics/pokemon/aromatisse/back.png build/assets/graphics/pokemon/aromatisse/back.png.4bpp 
tools/gbagfx/gbagfx graphics/pokemon/aromatisse/footprint.png build/assets/graphics/pokemon/aromatisse/footprint.png.1bpp 
tools/gbagfx/gbagfx graphics/pokemon/aromatisse/icon.png build/assets/graphics/pokemon/aromatisse/icon.png.4bpp 
tools/gbagfx/gbagfx graphics/pokemon/aromatisse/normal.pal build/assets/graphics/pokemon/aromatisse/normal.pal.gbapal 
tools/gbagfx/gbagfx graphics/pokemon/aromatisse/overworld.png build/assets/graphics/pokemon/aromatisse/overworld.png_mwidth_4__mheight_4.4bpp -mwidth 4 -mheight 4
tools/gbagfx/gbagfx graphics/pokemon/aromatisse/overworld_normal.pal build/assets/graphics/pokemon/aromatisse/overworld_normal.pal.gbapal 
tools/gbagfx/gbagfx graphics/pokemon/aromatisse/overworld_shiny.pal build/assets/graphics/pokemon/aromatisse/overworld_shiny.pal.gbapal 
tools/gbagfx/gbagfx graphics/pokemon/aromatisse/shiny.pal build/assets/graphics/pokemon/aromatisse/shiny.pal.gbapal 
tools/gbagfx/gbagfx graphics/pokemon/aron/anim_front.png build/assets/graphics/pokemon/aron/anim_front.png.4bpp 
tools/gbagfx/gbagfx graphics/pokemon/aron/anim_front_gba.png build/assets/graphics/pokemon/aron/anim_front_gba.png.4bpp 
tools/gbagfx/gbagfx graphics/pokemon/aron/back.png build/assets/graphics/pokemon/aron/back.png.4bpp 
tools/gbagfx/gbagfx graphics/pokemon/aron/back_gba.png build/assets/graphics/pokemon/aron/back_gba.png.4bpp 
tools/gbagfx/gbagfx graphics/pokemon/aron/footprint.png build/assets/graphics/pokemon/aron/footprint.png.1bpp 
tools/gbagfx/gbagfx graphics/pokemon/aron/icon.png build/assets/graphics/pokemon/aron/icon.png.4bpp 
tools/gbagfx/gbagfx graphics/pokemon/aron/icon_gba.png build/assets/graphics/pokemon/aron/icon_gba.png.4bpp 
tools/gbagfx/gbagfx graphics/pokemon/aron/normal.pal build/assets/graphics/pokemon/aron/normal.pal.gbapal 
tools/gbagfx/gbagfx graphics/pokemon/aron/normal_gba.pal build/assets/graphics/pokemon/aron/normal_gba.pal.gbapal 
tools/gbagfx/gbagfx graphics/pokemon/aron/overworld.png build/assets/graphics/pokemon/aron/overworld.png_mwidth_4__mheight_4.4bpp -mwidth 4 -mheight 4
tools/gbagfx/gbagfx graphics/pokemon/aron/overworld_normal.pal build/assets/graphics/pokemon/aron/overworld_normal.pal.gbapal 
tools/gbagfx/gbagfx graphics/pokemon/aron/overworld_shiny.pal build/assets/graphics/pokemon/aron/overworld_shiny.pal.gbapal 
tools/gbagfx/gbagfx graphics/pokemon/aron/shiny.pal build/assets/graphics/pokemon/aron/shiny.pal.gbapal 
tools/gbagfx/gbagfx graphics/pokemon/aron/shiny_gba.pal build/assets/graphics/pokemon/aron/shiny_gba.pal.gbapal 
tools/gbagfx/gbagfx graphics/pokemon/arrokuda/back.png build/assets/graphics/pokemon/arrokuda/back.png.4bpp 
tools/gbagfx/gbagfx graphics/pokemon/arrokuda/footprint.png build/assets/graphics/pokemon/arrokuda/footprint.png.1bpp 
tools/gbagfx/gbagfx graphics/pokemon/arrokuda/front.png build/assets/graphics/pokemon/arrokuda/front.png.4bpp 
tools/gbagfx/gbagfx graphics/pokemon/arrokuda/icon.png build/assets/graphics/pokemon/arrokuda/icon.png.4bpp 
tools/gbagfx/gbagfx graphics/pokemon/arrokuda/normal.pal build/assets/graphics/pokemon/arrokuda/normal.pal.gbapal 
tools/gbagfx/gbagfx graphics/pokemon/arrokuda/overworld.png build/assets/graphics/pokemon/arrokuda/overworld.png_mwidth_4__mheight_4.4bpp -mwidth 4 -mheight 4
tools/gbagfx/gbagfx graphics/pokemon/arrokuda/overworld_normal.pal build/assets/graphics/pokemon/arrokuda/overworld_normal.pal.gbapal 
tools/gbagfx/gbagfx graphics/pokemon/arrokuda/overworld_shiny.pal build/assets/graphics/pokemon/arrokuda/overworld_shiny.pal.gbapal 
tools/gbagfx/gbagfx graphics/pokemon/arrokuda/shiny.pal build/assets/graphics/pokemon/arrokuda/shiny.pal.gbapal 
tools/gbagfx/gbagfx graphics/pokemon/articuno/anim_front.png build/assets/graphics/pokemon/articuno/anim_front.png.4bpp 
tools/gbagfx/gbagfx graphics/pokemon/articuno/anim_front_gba.png build/assets/graphics/pokemon/articuno/anim_front_gba.png.4bpp 
tools/gbagfx/gbagfx graphics/pokemon/articuno/back.png build/assets/graphics/pokemon/articuno/back.png.4bpp 
tools/gbagfx/gbagfx graphics/pokemon/articuno/back_gba.png build/assets/graphics/pokemon/articuno/back_gba.png.4bpp 
tools/gbagfx/gbagfx graphics/pokemon/articuno/footprint.png build/assets/graphics/pokemon/articuno/footprint.png.1bpp 
tools/gbagfx/gbagfx graphics/pokemon/articuno/galar/back.png build/assets/graphics/pokemon/articuno/galar/back.png.4bpp 
tools/gbagfx/gbagfx graphics/pokemon/articuno/galar/front.png build/assets/graphics/pokemon/articuno/galar/front.png.4bpp 
tools/gbagfx/gbagfx graphics/pokemon/articuno/galar/icon.png build/assets/graphics/pokemon/articuno/galar/icon.png.4bpp 
tools/gbagfx/gbagfx graphics/pokemon/articuno/galar/normal.pal build/assets/graphics/pokemon/articuno/galar/normal.pal.gbapal 
tools/gbagfx/gbagfx graphics/pokemon/articuno/galar/overworld.png build/assets/graphics/pokemon/articuno/galar/overworld.png_mwidth_4__mheight_4.4bpp -mwidth 4 -mheight 4
tools/gbagfx/gbagfx graphics/pokemon/articuno/galar/overworld_normal.pal build/assets/graphics/pokemon/articuno/galar/overworld_normal.pal.gbapal 
tools/gbagfx/gbagfx graphics/pokemon/articuno/galar/overworld_shiny.pal build/assets/graphics/pokemon/articuno/galar/overworld_shiny.pal.gbapal 
tools/gbagfx/gbagfx graphics/pokemon/articuno/galar/shiny.pal build/assets/graphics/pokemon/articuno/galar/shiny.pal.gbapal 
tools/gbagfx/gbagfx graphics/pokemon/articuno/icon.png build/assets/graphics/pokemon/articuno/icon.png.4bpp 
tools/gbagfx/gbagfx graphics/pokemon/articuno/icon_gba.png build/assets/graphics/pokemon/articuno/icon_gba.png.4bpp 
tools/gbagfx/gbagfx graphics/pokemon/articuno/normal.pal build/assets/graphics/pokemon/articuno/normal.pal.gbapal 
tools/gbagfx/gbagfx graphics/pokemon/articuno/normal_gba.pal build/assets/graphics/pokemon/articuno/normal_gba.pal.gbapal 
tools/gbagfx/gbagfx graphics/pokemon/articuno/overworld.png build/assets/graphics/pokemon/articuno/overworld.png_mwidth_4__mheight_4.4bpp -mwidth 4 -mheight 4
tools/gbagfx/gbagfx graphics/pokemon/articuno/overworld_normal.pal build/assets/graphics/pokemon/articuno/overworld_normal.pal.gbapal 
tools/gbagfx/gbagfx graphics/pokemon/articuno/overworld_shiny.pal build/assets/graphics/pokemon/articuno/overworld_shiny.pal.gbapal 
tools/gbagfx/gbagfx graphics/pokemon/articuno/shiny.pal build/assets/graphics/pokemon/articuno/shiny.pal.gbapal 
tools/gbagfx/gbagfx graphics/pokemon/articuno/shiny_gba.pal build/assets/graphics/pokemon/articuno/shiny_gba.pal.gbapal 
tools/gbagfx/gbagfx graphics/pokemon/audino/anim_front.png build/assets/graphics/pokemon/audino/anim_front.png.4bpp 
tools/gbagfx/gbagfx graphics/pokemon/audino/back.png build/assets/graphics/pokemon/audino/back.png.4bpp 
tools/gbagfx/gbagfx graphics/pokemon/audino/footprint.png build/assets/graphics/pokemon/audino/footprint.png.1bpp 
tools/gbagfx/gbagfx graphics/pokemon/audino/icon.png build/assets/graphics/pokemon/audino/icon.png.4bpp 
tools/gbagfx/gbagfx graphics/pokemon/audino/mega/back.png build/assets/graphics/pokemon/audino/mega/back.png.4bpp 
tools/gbagfx/gbagfx graphics/pokemon/audino/mega/front.png build/assets/graphics/pokemon/audino/mega/front.png.4bpp 
tools/gbagfx/gbagfx graphics/pokemon/audino/mega/icon.png build/assets/graphics/pokemon/audino/mega/icon.png.4bpp 
tools/gbagfx/gbagfx graphics/pokemon/audino/mega/normal.pal build/assets/graphics/pokemon/audino/mega/normal.pal.gbapal 
tools/gbagfx/gbagfx graphics/pokemon/audino/mega/overworld.png build/assets/graphics/pokemon/audino/mega/overworld.png_mwidth_4__mheight_4.4bpp -mwidth 4 -mheight 4
tools/gbagfx/gbagfx graphics/pokemon/audino/mega/overworld_normal.pal build/assets/graphics/pokemon/audino/mega/overworld_normal.pal.gbapal 
tools/gbagfx/gbagfx graphics/pokemon/audino/mega/overworld_shiny.pal build/assets/graphics/pokemon/audino/mega/overworld_shiny.pal.gbapal 
tools/gbagfx/gbagfx graphics/pokemon/audino/mega/shiny.pal build/assets/graphics/pokemon/audino/mega/shiny.pal.gbapal 
tools/gbagfx/gbagfx graphics/pokemon/audino/normal.pal build/assets/graphics/pokemon/audino/normal.pal.gbapal 
tools/gbagfx/gbagfx graphics/pokemon/audino/overworld.png build/assets/graphics/pokemon/audino/overworld.png_mwidth_4__mheight_4.4bpp -mwidth 4 -mheight 4
tools/gbagfx/gbagfx graphics/pokemon/audino/overworld_normal.pal build/assets/graphics/pokemon/audino/overworld_normal.pal.gbapal 
tools/gbagfx/gbagfx graphics/pokemon/audino/overworld_shiny.pal build/assets/graphics/pokemon/audino/overworld_shiny.pal.gbapal 
tools/gbagfx/gbagfx graphics/pokemon/audino/shiny.pal build/assets/graphics/pokemon/audino/shiny.pal.gbapal 
tools/gbagfx/gbagfx graphics/pokemon/aurorus/anim_front.png build/assets/graphics/pokemon/aurorus/anim_front.png.4bpp 
tools/gbagfx/gbagfx graphics/pokemon/aurorus/back.png build/assets/graphics/pokemon/aurorus/back.png.4bpp 
tools/gbagfx/gbagfx graphics/pokemon/aurorus/footprint.png build/assets/graphics/pokemon/aurorus/footprint.png.1bpp 
tools/gbagfx/gbagfx graphics/pokemon/aurorus/icon.png build/assets/graphics/pokemon/aurorus/icon.png.4bpp 
tools/gbagfx/gbagfx graphics/pokemon/aurorus/normal.pal build/assets/graphics/pokemon/aurorus/normal.pal.gbapal 
tools/gbagfx/gbagfx graphics/pokemon/aurorus/overworld.png build/assets/graphics/pokemon/aurorus/overworld.png_mwidth_4__mheight_4.4bpp -mwidth 4 -mheight 4
tools/gbagfx/gbagfx graphics/pokemon/aurorus/overworld_normal.pal build/assets/graphics/pokemon/aurorus/overworld_normal.pal.gbapal 
tools/gbagfx/gbagfx graphics/pokemon/aurorus/overworld_shiny.pal build/assets/graphics/pokemon/aurorus/overworld_shiny.pal.gbapal 
tools/gbagfx/gbagfx graphics/pokemon/aurorus/shiny.pal build/assets/graphics/pokemon/aurorus/shiny.pal.gbapal 
tools/gbagfx/gbagfx graphics/pokemon/avalugg/anim_front.png build/assets/graphics/pokemon/avalugg/anim_front.png.4bpp 
tools/gbagfx/gbagfx graphics/pokemon/avalugg/back.png build/assets/graphics/pokemon/avalugg/back.png.4bpp 
tools/gbagfx/gbagfx graphics/pokemon/avalugg/footprint.png build/assets/graphics/pokemon/avalugg/footprint.png.1bpp 
tools/gbagfx/gbagfx graphics/pokemon/avalugg/hisui/back.png build/assets/graphics/pokemon/avalugg/hisui/back.png.4bpp 
tools/gbagfx/gbagfx graphics/pokemon/avalugg/hisui/front.png build/assets/graphics/pokemon/avalugg/hisui/front.png.4bpp 
tools/gbagfx/gbagfx graphics/pokemon/avalugg/hisui/icon.png build/assets/graphics/pokemon/avalugg/hisui/icon.png.4bpp 
tools/gbagfx/gbagfx graphics/pokemon/avalugg/hisui/normal.pal build/assets/graphics/pokemon/avalugg/hisui/normal.pal.gbapal 
tools/gbagfx/gbagfx graphics/pokemon/avalugg/hisui/overworld.png build/assets/graphics/pokemon/avalugg/hisui/overworld.png_mwidth_4__mheight_4.4bpp -mwidth 4 -mheight 4
tools/gbagfx/gbagfx graphics/pokemon/avalugg/hisui/overworld_normal.pal build/assets/graphics/pokemon/avalugg/hisui/overworld_normal.pal.gbapal 
tools/gbagfx/gbagfx graphics/pokemon/avalugg/hisui/overworld_shiny.pal build/assets/graphics/pokemon/avalugg/hisui/overworld_shiny.pal.gbapal 
tools/gbagfx/gbagfx graphics/pokemon/avalugg/hisui/shiny.pal build/assets/graphics/pokemon/avalugg/hisui/shiny.pal.gbapal 
tools/gbagfx/gbagfx graphics/pokemon/avalugg/icon.png build/assets/graphics/pokemon/avalugg/icon.png.4bpp 
tools/gbagfx/gbagfx graphics/pokemon/avalugg/normal.pal build/assets/graphics/pokemon/avalugg/normal.pal.gbapal 
tools/gbagfx/gbagfx graphics/pokemon/avalugg/overworld.png build/assets/graphics/pokemon/avalugg/overworld.png_mwidth_4__mheight_4.4bpp -mwidth 4 -mheight 4
tools/gbagfx/gbagfx graphics/pokemon/avalugg/overworld_normal.pal build/assets/graphics/pokemon/avalugg/overworld_normal.pal.gbapal 
tools/gbagfx/gbagfx graphics/pokemon/avalugg/overworld_shiny.pal build/assets/graphics/pokemon/avalugg/overworld_shiny.pal.gbapal 
tools/gbagfx/gbagfx graphics/pokemon/avalugg/shiny.pal build/assets/graphics/pokemon/avalugg/shiny.pal.gbapal 
tools/gbagfx/gbagfx graphics/pokemon/axew/anim_front.png build/assets/graphics/pokemon/axew/anim_front.png.4bpp 
tools/gbagfx/gbagfx graphics/pokemon/axew/back.png build/assets/graphics/pokemon/axew/back.png.4bpp 
tools/gbagfx/gbagfx graphics/pokemon/axew/footprint.png build/assets/graphics/pokemon/axew/footprint.png.1bpp 
tools/gbagfx/gbagfx graphics/pokemon/axew/icon.png build/assets/graphics/pokemon/axew/icon.png.4bpp 
tools/gbagfx/gbagfx graphics/pokemon/axew/normal.pal build/assets/graphics/pokemon/axew/normal.pal.gbapal 
tools/gbagfx/gbagfx graphics/pokemon/axew/overworld.png build/assets/graphics/pokemon/axew/overworld.png_mwidth_4__mheight_4.4bpp -mwidth 4 -mheight 4
tools/gbagfx/gbagfx graphics/pokemon/axew/overworld_normal.pal build/assets/graphics/pokemon/axew/overworld_normal.pal.gbapal 
tools/gbagfx/gbagfx graphics/pokemon/axew/overworld_shiny.pal build/assets/graphics/pokemon/axew/overworld_shiny.pal.gbapal 
tools/gbagfx/gbagfx graphics/pokemon/axew/shiny.pal build/assets/graphics/pokemon/axew/shiny.pal.gbapal 
tools/gbagfx/gbagfx graphics/pokemon/azelf/anim_front.png build/assets/graphics/pokemon/azelf/anim_front.png.4bpp 
tools/gbagfx/gbagfx graphics/pokemon/azelf/back.png build/assets/graphics/pokemon/azelf/back.png.4bpp 
tools/gbagfx/gbagfx graphics/pokemon/azelf/footprint.png build/assets/graphics/pokemon/azelf/footprint.png.1bpp 
tools/gbagfx/gbagfx graphics/pokemon/azelf/icon.png build/assets/graphics/pokemon/azelf/icon.png.4bpp 
tools/gbagfx/gbagfx graphics/pokemon/azelf/normal.pal build/assets/graphics/pokemon/azelf/normal.pal.gbapal 
tools/gbagfx/gbagfx graphics/pokemon/azelf/overworld.png build/assets/graphics/pokemon/azelf/overworld.png_mwidth_4__mheight_4.4bpp -mwidth 4 -mheight 4
tools/gbagfx/gbagfx graphics/pokemon/azelf/overworld_normal.pal build/assets/graphics/pokemon/azelf/overworld_normal.pal.gbapal 
tools/gbagfx/gbagfx graphics/pokemon/azelf/overworld_shiny.pal build/assets/graphics/pokemon/azelf/overworld_shiny.pal.gbapal 
tools/gbagfx/gbagfx graphics/pokemon/azelf/shiny.pal build/assets/graphics/pokemon/azelf/shiny.pal.gbapal 
tools/gbagfx/gbagfx graphics/pokemon/azumarill/anim_front.png build/assets/graphics/pokemon/azumarill/anim_front.png.4bpp 
tools/gbagfx/gbagfx graphics/pokemon/azumarill/anim_front_gba.png build/assets/graphics/pokemon/azumarill/anim_front_gba.png.4bpp 
tools/gbagfx/gbagfx graphics/pokemon/azumarill/back.png build/assets/graphics/pokemon/azumarill/back.png.4bpp 
tools/gbagfx/gbagfx graphics/pokemon/azumarill/back_gba.png build/assets/graphics/pokemon/azumarill/back_gba.png.4bpp 
libpng warning: bKGD: invalid index
tools/gbagfx/gbagfx graphics/pokemon/azumarill/footprint.png build/assets/graphics/pokemon/azumarill/footprint.png.1bpp 
tools/gbagfx/gbagfx graphics/pokemon/azumarill/icon.png build/assets/graphics/pokemon/azumarill/icon.png.4bpp 
tools/gbagfx/gbagfx graphics/pokemon/azumarill/icon_gba.png build/assets/graphics/pokemon/azumarill/icon_gba.png.4bpp 
tools/gbagfx/gbagfx graphics/pokemon/azumarill/normal.pal build/assets/graphics/pokemon/azumarill/normal.pal.gbapal 
tools/gbagfx/gbagfx graphics/pokemon/azumarill/normal_gba.pal build/assets/graphics/pokemon/azumarill/normal_gba.pal.gbapal 
tools/gbagfx/gbagfx graphics/pokemon/azumarill/overworld.png build/assets/graphics/pokemon/azumarill/overworld.png_mwidth_4__mheight_4.4bpp -mwidth 4 -mheight 4
tools/gbagfx/gbagfx graphics/pokemon/azumarill/overworld_normal.pal build/assets/graphics/pokemon/azumarill/overworld_normal.pal.gbapal 
tools/gbagfx/gbagfx graphics/pokemon/azumarill/overworld_shiny.pal build/assets/graphics/pokemon/azumarill/overworld_shiny.pal.gbapal 
tools/gbagfx/gbagfx graphics/pokemon/azumarill/shiny.pal build/assets/graphics/pokemon/azumarill/shiny.pal.gbapal 
tools/gbagfx/gbagfx graphics/pokemon/azumarill/shiny_gba.pal build/assets/graphics/pokemon/azumarill/shiny_gba.pal.gbapal 
tools/gbagfx/gbagfx graphics/pokemon/azurill/anim_front.png build/assets/graphics/pokemon/azurill/anim_front.png.4bpp 
tools/gbagfx/gbagfx graphics/pokemon/azurill/anim_front_gba.png build/assets/graphics/pokemon/azurill/anim_front_gba.png.4bpp 
tools/gbagfx/gbagfx graphics/pokemon/azurill/back.png build/assets/graphics/pokemon/azurill/back.png.4bpp 
tools/gbagfx/gbagfx graphics/pokemon/azurill/back_gba.png build/assets/graphics/pokemon/azurill/back_gba.png.4bpp 
tools/gbagfx/gbagfx graphics/pokemon/azurill/footprint.png build/assets/graphics/pokemon/azurill/footprint.png.1bpp 
tools/gbagfx/gbagfx graphics/pokemon/azurill/icon.png build/assets/graphics/pokemon/azurill/icon.png.4bpp 
tools/gbagfx/gbagfx graphics/pokemon/azurill/icon_gba.png build/assets/graphics/pokemon/azurill/icon_gba.png.4bpp 
tools/gbagfx/gbagfx graphics/pokemon/azurill/normal.pal build/assets/graphics/pokemon/azurill/normal.pal.gbapal 
tools/gbagfx/gbagfx graphics/pokemon/azurill/normal_gba.pal build/assets/graphics/pokemon/azurill/normal_gba.pal.gbapal 
tools/gbagfx/gbagfx graphics/pokemon/azurill/overworld.png build/assets/graphics/pokemon/azurill/overworld.png_mwidth_4__mheight_4.4bpp -mwidth 4 -mheight 4
tools/gbagfx/gbagfx graphics/pokemon/azurill/overworld_normal.pal build/assets/graphics/pokemon/azurill/overworld_normal.pal.gbapal 
tools/gbagfx/gbagfx graphics/pokemon/azurill/overworld_shiny.pal build/assets/graphics/pokemon/azurill/overworld_shiny.pal.gbapal 
tools/gbagfx/gbagfx graphics/pokemon/azurill/shiny.pal build/assets/graphics/pokemon/azurill/shiny.pal.gbapal 
tools/gbagfx/gbagfx graphics/pokemon/azurill/shiny_gba.pal build/assets/graphics/pokemon/azurill/shiny_gba.pal.gbapal 
tools/gbagfx/gbagfx graphics/pokemon/bagon/anim_front.png build/assets/graphics/pokemon/bagon/anim_front.png.4bpp 
tools/gbagfx/gbagfx graphics/pokemon/bagon/anim_front_gba.png build/assets/graphics/pokemon/bagon/anim_front_gba.png.4bpp 
tools/gbagfx/gbagfx graphics/pokemon/bagon/back.png build/assets/graphics/pokemon/bagon/back.png.4bpp 
tools/gbagfx/gbagfx graphics/pokemon/bagon/back_gba.png build/assets/graphics/pokemon/bagon/back_gba.png.4bpp 
tools/gbagfx/gbagfx graphics/pokemon/bagon/footprint.png build/assets/graphics/pokemon/bagon/footprint.png.1bpp 
tools/gbagfx/gbagfx graphics/pokemon/bagon/icon.png build/assets/graphics/pokemon/bagon/icon.png.4bpp 
